episode,step,action,empty_cells,times_max_reduced,times_other_reduced,max_tile_val,special_pos_row,special_pos_col,state_0,state_1,state_2,state_3,state_4,state_5,state_6,state_7,state_8,state_9,state_10,state_11,state_12,state_13,state_14,state_15,next_0,next_1,next_2,next_3,next_4,next_5,next_6,next_7,next_8,next_9,next_10,next_11,next_12,next_13,next_14,next_15
1,0,Left,13,0,0,2,1,1,0,0,0,2,0,0,0,0,0,0,0,0,0,0,0,2,2,2,0,0,0,0,0,0,0,0,0,0,2,0,0,0
1,1,Up,13,0,0,4,1,1,2,2,0,0,0,0,0,0,0,0,0,0,2,0,0,0,4,2,0,0,0,0,2,0,0,0,0,0,0,0,0,0
1,2,Left,12,0,0,4,1,1,4,2,0,0,0,0,2,0,0,0,0,0,0,0,0,0,4,2,2,0,2,0,0,0,0,0,0,0,0,0,0,0
1,3,Left,12,0,0,4,1,1,4,2,2,0,2,0,0,0,0,0,0,0,0,0,0,0,4,4,2,0,2,0,0,0,0,0,0,0,0,0,0,0
1,4,Right,12,0,0,8,1,1,4,4,2,0,2,0,0,0,0,0,0,0,0,0,0,0,0,0,8,2,0,0,0,2,0,0,0,2,0,0,0,0
1,5,Left,11,0,0,8,1,1,0,0,8,2,0,0,0,2,0,0,0,2,0,0,0,0,8,2,0,0,2,0,0,0,2,0,0,0,0,2,0,0
1,6,Up,12,0,0,8,1,1,8,2,0,0,2,0,0,0,2,0,0,0,0,2,0,0,8,4,0,2,4,0,0,0,0,0,0,0,0,0,0,0
1,7,Left,11,0,0,8,1,1,8,4,0,2,4,0,0,0,0,0,0,0,0,0,0,0,8,4,2,2,4,0,0,0,0,0,0,0,0,0,0,0
1,8,Left,11,0,0,8,1,1,8,4,2,2,4,0,0,0,0,0,0,0,0,0,0,0,8,4,4,0,4,0,2,0,0,0,0,0,0,0,0,0
1,9,Right,11,0,0,8,1,1,8,4,4,0,4,0,2,0,0,0,0,0,0,0,0,0,0,0,8,8,0,0,4,2,0,0,0,2,0,0,0,0
1,10,Left,11,0,0,16,1,1,0,0,8,8,0,0,4,2,0,0,0,2,0,0,0,0,16,0,0,0,4,2,0,0,2,0,0,0,2,0,0,0
1,11,Up,11,0,0,16,1,1,16,0,0,0,4,2,0,0,2,0,0,0,2,0,0,0,16,2,0,0,4,0,0,0,4,2,0,0,0,0,0,0
1,12,Up,12,0,0,16,1,1,16,2,0,0,4,0,0,0,4,2,0,0,0,0,0,0,16,4,0,0,8,0,0,0,0,0,0,0,0,0,2,0
1,13,Left,11,0,0,16,1,1,16,4,0,0,8,0,0,0,0,0,0,0,0,0,2,0,16,4,2,0,8,0,0,0,0,0,0,0,2,0,0,0
1,14,Right,10,0,0,16,1,1,16,4,2,0,8,0,0,0,0,0,0,0,2,0,0,0,0,16,4,2,0,0,0,8,0,0,2,0,0,0,0,2
1,15,Up,9,0,0,16,1,1,0,16,4,2,0,0,0,8,0,0,2,0,0,0,0,2,0,16,4,2,0,0,2,8,0,2,0,2,0,0,0,0
1,16,Left,9,0,0,16,1,1,0,16,4,2,0,0,2,8,0,2,0,2,0,0,0,0,16,4,2,0,2,4,0,0,4,2,0,0,0,0,0,0
1,17,Up,9,0,1,16,1,1,16,4,2,0,2,4,0,0,4,2,0,0,0,0,0,0,16,8,2,0,2,2,2,0,4,0,0,0,0,0,0,0
1,18,Left,9,0,1,16,1,1,16,8,2,0,2,2,2,0,4,0,0,0,0,0,0,0,16,8,2,0,4,2,0,2,4,0,0,0,0,0,0,0
1,19,Right,9,0,1,16,1,1,16,8,2,0,4,2,0,2,4,0,0,0,0,0,0,0,0,16,8,2,0,0,4,4,0,0,0,4,0,0,0,2
1,20,Left,9,0,1,16,1,1,0,16,8,2,0,0,4,4,0,0,0,4,0,0,0,2,16,8,2,0,8,0,0,0,4,0,0,0,2,0,0,2
1,21,Up,8,0,1,16,1,1,16,8,2,0,8,0,0,0,4,0,0,0,2,0,0,2,16,8,2,2,8,0,0,0,4,2,0,0,2,0,0,0
1,22,Left,8,0,1,16,1,1,16,8,2,2,8,0,0,0,4,2,0,0,2,0,0,0,16,8,4,2,8,0,0,0,4,2,0,0,2,0,0,0
1,23,Up,7,0,1,16,1,1,16,8,4,2,8,0,0,0,4,2,0,0,2,0,0,0,16,8,4,2,8,2,2,0,4,0,0,0,2,0,0,0
1,24,Left,7,0,1,16,1,1,16,8,4,2,8,2,2,0,4,0,0,0,2,0,0,0,16,8,4,2,8,2,0,0,4,0,0,2,2,0,0,0
1,25,Right,6,0,1,16,1,1,16,8,4,2,8,2,0,0,4,0,0,2,2,0,0,0,16,8,4,2,0,0,8,2,2,0,4,2,0,0,0,2
1,26,Up,7,0,1,16,1,1,16,8,4,2,0,0,8,2,2,0,4,2,0,0,0,2,16,8,4,4,2,0,8,4,0,0,4,0,0,0,0,2
1,27,Left,7,0,1,16,1,1,16,8,4,4,2,0,8,4,0,0,4,0,0,0,0,2,16,8,8,0,2,4,4,0,4,0,0,0,2,0,2,0
1,28,Left,9,0,1,16,1,1,16,8,8,0,2,4,4,0,4,0,0,0,2,0,2,0,16,16,0,0,2,4,0,0,4,0,0,0,4,0,2,0
1,29,Up,9,0,2,16,1,1,16,16,0,0,2,4,0,0,4,0,0,0,4,0,2,0,16,16,2,0,2,2,0,0,8,0,2,0,0,0,0,0
1,30,Left,10,0,2,32,1,1,16,16,2,0,2,2,0,0,8,0,2,0,0,0,0,0,32,2,0,0,4,0,0,0,8,2,0,0,0,0,2,0
1,31,Up,10,0,2,32,1,1,32,2,0,0,4,0,0,0,8,2,0,0,0,0,2,0,32,4,2,0,4,2,0,0,8,0,0,0,0,0,0,0
1,32,Right,9,0,2,32,1,1,32,4,2,0,4,2,0,0,8,0,0,0,0,0,0,0,0,32,4,2,0,0,4,2,0,0,0,8,0,0,0,2
1,33,Left,8,0,2,32,1,1,0,32,4,2,0,0,4,2,0,0,0,8,0,0,0,2,32,4,2,0,4,2,0,0,8,0,0,0,2,0,0,2
1,34,Up,7,0,2,32,1,1,32,4,2,0,4,2,0,0,8,0,0,0,2,0,0,2,32,4,2,2,4,2,0,0,8,0,0,0,2,0,0,2
1,35,Left,8,0,2,32,1,1,32,4,2,2,4,2,0,0,8,0,0,0,2,0,0,2,32,4,4,0,4,2,0,0,8,0,0,0,4,0,0,2
1,36,Up,7,0,2,32,1,1,32,4,4,0,4,2,0,0,8,0,0,0,4,0,0,2,32,4,4,2,4,2,2,0,8,0,0,0,4,0,0,0
1,37,Left,8,0,2,32,1,1,32,4,4,2,4,2,2,0,8,0,0,0,4,0,0,0,32,8,2,0,4,2,0,0,8,2,0,0,4,0,0,0
1,38,Up,8,0,2,32,1,1,32,8,2,0,4,2,0,0,8,2,0,0,4,0,0,0,32,8,2,0,4,2,0,2,8,0,0,0,4,0,0,0
1,39,Right,8,0,2,32,1,1,32,8,2,0,4,2,0,2,8,0,0,0,4,0,0,0,0,32,8,2,0,0,4,4,0,0,0,8,2,0,0,4
1,40,Left,8,0,2,32,1,1,0,32,8,2,0,0,4,4,0,0,0,8,2,0,0,4,32,8,2,0,8,0,0,0,8,0,0,2,2,4,0,0
1,41,Up,8,0,2,32,1,1,32,8,2,0,8,0,0,0,8,0,0,2,2,4,0,0,32,8,2,2,16,2,0,0,2,0,0,0,0,2,0,0
1,42,Left,8,0,2,32,1,1,32,8,2,2,16,2,0,0,2,0,0,0,0,2,0,0,32,8,4,0,16,2,0,0,2,0,0,2,2,0,0,0
1,43,Up,8,0,2,32,1,1,32,8,4,0,16,2,0,0,2,0,0,2,2,0,0,0,32,8,4,2,16,2,0,0,4,0,0,0,0,0,2,0
1,44,Right,7,0,2,32,1,1,32,8,4,2,16,2,0,0,4,0,0,0,0,0,2,0,32,8,4,2,0,0,16,2,0,0,0,4,2,0,0,2
1,45,Left,7,0,2,32,1,1,32,8,4,2,0,0,16,2,0,0,0,4,2,0,0,2,32,8,4,2,16,2,0,0,4,0,0,0,4,2,0,0
1,46,Up,8,0,2,32,1,1,32,8,4,2,16,2,0,0,4,0,0,0,4,2,0,0,32,8,4,2,16,2,0,0,8,0,0,2,0,0,0,0
1,47,Left,7,0,2,32,1,1,32,8,4,2,16,2,0,0,8,0,0,2,0,0,0,0,32,8,4,2,16,2,0,0,8,2,0,2,0,0,0,0
1,48,Left,7,0,2,32,1,1,32,8,4,2,16,2,0,0,8,2,0,2,0,0,0,0,32,8,4,2,16,2,0,0,8,4,2,0,0,0,0,0
1,49,Down,6,0,2,32,1,1,32,8,4,2,16,2,0,0,8,4,2,0,0,0,0,0,0,0,2,0,32,4,0,0,16,2,4,0,8,4,2,2
1,50,Right,6,0,2,32,1,1,0,0,2,0,32,4,0,0,16,2,4,0,8,4,2,2,0,0,2,2,0,0,32,4,0,16,2,4,0,8,4,4
1,51,Left,7,0,2,32,1,1,0,0,2,2,0,0,32,4,0,16,2,4,0,8,4,4,4,2,0,0,32,2,0,0,16,2,4,0,8,8,0,0
1,52,Up,7,0,2,32,1,1,4,2,0,0,32,2,0,0,16,2,4,0,8,8,0,0,4,4,4,0,32,2,0,0,16,8,2,0,8,0,0,0
1,53,Left,7,0,2,32,1,1,4,4,4,0,32,2,0,0,16,8,2,0,8,0,0,0,8,4,0,0,32,2,0,0,16,8,2,0,8,0,0,2
1,54,Right,6,0,2,32,1,1,8,4,0,0,32,2,0,0,16,8,2,0,8,0,0,2,0,0,8,4,0,0,32,2,0,16,8,2,2,0,8,2
1,55,Down,7,0,2,32,1,1,0,0,8,4,0,0,32,2,0,16,8,2,2,0,8,2,0,0,2,0,0,0,8,4,0,0,32,2,2,16,16,4
1,56,Left,7,0,2,32,1,1,0,0,2,0,0,0,8,4,0,0,32,2,2,16,16,4,2,2,0,0,8,2,0,0,32,2,0,0,2,32,4,0
1,57,Left,7,0,2,32,1,1,2,2,0,0,8,2,0,0,32,2,0,0,2,32,4,0,4,0,0,0,8,2,0,2,32,2,0,0,2,32,4,0
1,58,Down,7,0,2,32,1,1,4,0,0,0,8,2,0,2,32,2,0,0,2,32,4,0,4,0,0,0,8,0,0,0,32,4,0,2,2,32,4,2
1,59,Right,6,0,2,32,1,1,4,0,0,0,8,0,0,0,32,4,0,2,2,32,4,2,2,0,0,4,0,0,0,8,0,32,4,2,2,32,4,2
1,60,Left,5,0,2,32,1,1,2,0,0,4,0,0,0,8,0,32,4,2,2,32,4,2,2,4,0,0,8,2,0,0,32,4,2,0,2,32,4,2
1,61,Right,4,0,2,32,1,1,2,4,0,0,8,2,0,0,32,4,2,0,2,32,4,2,0,0,2,4,2,0,8,2,0,32,4,2,2,32,4,2
1,62,Left,3,0,2,32,1,1,0,0,2,4,2,0,8,2,0,32,4,2,2,32,4,2,2,4,2,0,2,4,2,0,32,4,2,0,2,32,4,2
1,63,Down,5,0,3,32,1,1,2,4,2,0,2,4,2,0,32,4,2,0,2,32,4,2,0,0,0,0,4,2,2,0,32,8,4,2,2,32,4,2
1,64,Right,5,0,3,32,1,1,0,0,0,0,4,2,2,0,32,8,4,2,2,32,4,2,0,0,0,0,0,2,4,4,32,8,4,2,2,32,4,2
1,65,Left,5,0,3,32,1,1,0,0,0,0,0,2,4,4,32,8,4,2,2,32,4,2,0,2,0,0,2,4,0,0,32,8,4,2,2,32,4,2
1,66,Right,4,0,3,32,1,1,0,2,0,0,2,4,0,0,32,8,4,2,2,32,4,2,0,0,2,2,0,0,2,4,32,8,4,2,2,32,4,2
1,67,Up,6,0,3,32,1,1,0,0,2,2,0,0,2,4,32,8,4,2,2,32,4,2,32,8,4,2,2,16,8,4,0,0,2,4,0,0,0,0
1,68,Left,5,0,4,32,1,1,32,8,4,2,2,16,8,4,0,0,2,4,0,0,0,0,32,8,4,2,2,8,8,4,2,4,0,0,0,2,0,0
1,69,Down,6,0,4,32,1,1,32,8,4,2,2,8,8,4,2,4,0,0,0,2,0,0,0,2,0,0,0,8,0,0,32,4,4,2,4,2,8,4
1,70,Left,6,0,4,32,1,1,0,2,0,0,0,8,0,0,32,4,4,2,4,2,8,4,2,0,0,0,8,0,0,0,32,8,2,2,4,2,8,4
1,71,Up,5,0,4,32,1,1,2,0,0,0,8,0,0,0,32,8,2,2,4,2,8,4,2,8,2,2,8,2,8,4,32,0,0,0,4,0,0,2
1,72,Left,5,0,4,32,1,1,2,8,2,2,8,2,8,4,32,0,0,0,4,0,0,2,2,8,4,0,8,2,8,4,32,0,2,0,4,2,0,0
1,73,Right,4,0,4,32,1,1,2,8,4,0,8,2,8,4,32,0,2,0,4,2,0,0,0,2,8,4,8,2,8,4,0,2,32,2,0,0,4,2
1,74,Left,3,0,4,32,1,1,0,2,8,4,8,2,8,4,0,2,32,2,0,0,4,2,2,8,4,0,8,2,8,4,2,32,2,0,4,2,0,2
1,75,Up,2,0,4,32,1,1,2,8,4,0,8,2,8,4,2,32,2,0,4,2,0,2,2,8,4,4,8,2,8,2,2,32,2,2,4,2,0,0
1,76,Left,3,0,4,32,1,1,2,8,4,4,8,2,8,2,2,32,2,2,4,2,0,0,2,8,8,0,8,2,8,2,2,32,4,0,4,2,0,2
1,77,Right,4,0,4,32,1,1,2,8,8,0,8,2,8,2,2,32,4,0,4,2,0,2,0,0,2,16,8,2,8,2,0,2,32,4,0,2,4,4
1,78,Up,5,0,4,32,1,1,0,0,2,16,8,2,8,2,0,2,32,4,0,2,4,4,8,4,2,16,0,2,8,2,0,0,32,8,0,2,4,0
1,79,Left,4,0,4,32,1,1,8,4,2,16,0,2,8,2,0,0,32,8,0,2,4,0,8,4,2,16,2,4,2,0,32,8,0,2,2,4,0,0
1,80,Up,5,0,4,32,1,1,8,4,2,16,2,4,2,0,32,8,0,2,2,4,0,0,8,8,4,16,2,4,0,2,32,4,0,0,2,0,0,2
1,81,Right,6,0,5,32,1,1,8,8,4,16,2,4,0,2,32,4,0,0,2,0,0,2,0,16,4,16,0,2,4,2,0,2,32,4,0,0,0,4
1,82,Left,5,0,5,32,1,1,0,16,4,16,0,2,4,2,0,2,32,4,0,0,0,4,16,4,16,0,2,2,2,0,2,32,4,2,4,0,0,0
1,83,Down,5,0,5,32,1,1,16,4,16,0,2,2,2,0,2,32,4,2,4,0,0,0,0,2,0,0,16,2,16,0,4,2,2,0,4,32,4,2
1,84,Left,5,0,5,32,1,1,0,2,0,0,16,2,16,0,4,2,2,0,4,32,4,2,2,0,0,0,16,2,16,0,4,4,2,0,4,32,4,2
1,85,Up,5,0,5,32,1,1,2,0,0,0,16,2,16,0,4,4,2,0,4,32,4,2,2,2,16,2,16,2,2,0,8,32,4,2,0,0,0,0
1,86,Right,6,0,5,32,1,1,2,2,16,2,16,2,2,0,8,32,4,2,0,0,0,0,0,4,16,2,2,0,16,4,8,32,4,2,0,0,0,0
1,87,Left,5,0,5,32,1,1,0,4,16,2,2,0,16,4,8,32,4,2,0,0,0,0,4,16,2,0,2,8,4,0,8,32,4,2,0,0,2,0
1,88,Left,4,0,6,32,1,1,4,16,2,0,2,8,4,0,8,32,4,2,0,0,2,0,4,16,2,2,2,4,4,0,8,32,4,2,2,0,0,0
1,89,Up,5,0,7,32,1,1,4,16,2,2,2,4,4,0,8,32,4,2,2,0,0,0,4,16,2,4,2,2,8,0,8,32,0,0,2,0,0,2
1,90,Right,6,0,7,32,1,1,4,16,2,4,2,2,8,0,8,32,0,0,2,0,0,2,4,16,2,4,0,0,4,8,0,0,8,32,0,0,2,4
1,91,Left,5,0,7,32,1,1,4,16,2,4,0,0,4,8,0,0,8,32,0,0,2,4,4,16,2,4,4,4,0,0,8,32,0,0,2,4,2,0
1,92,Up,6,0,8,32,1,1,4,16,2,4,4,4,0,0,8,32,0,0,2,4,2,0,8,16,4,4,8,2,0,0,2,32,0,0,0,4,2,0
1,93,Left,6,0,8,32,1,1,8,16,4,4,8,2,0,0,2,32,0,0,0,4,2,0,8,16,8,0,8,2,0,0,2,32,2,0,4,2,0,0
1,94,Up,6,0,8,32,1,1,8,16,8,0,8,2,0,0,2,32,2,0,4,2,0,0,16,16,8,0,2,2,2,0,4,32,0,0,0,2,0,2
1,95,Left,8,0,8,32,1,1,16,16,8,0,2,2,2,0,4,32,0,0,0,2,0,2,32,8,0,0,4,2,0,0,4,32,0,0,4,2,0,0
1,96,Right,7,0,8,32,1,1,32,8,0,0,4,2,0,0,4,32,0,0,4,2,0,0,0,0,32,8,0,0,4,2,0,0,4,32,0,2,4,2
1,97,Up,7,0,8,32,1,1,0,0,32,8,0,0,4,2,0,0,4,32,0,2,4,2,0,2,32,8,0,0,8,2,0,2,4,32,0,0,0,2
1,98,Left,6,0,8,32,1,1,0,2,32,8,0,0,8,2,0,2,4,32,0,0,0,2,2,32,8,0,8,2,0,0,2,4,32,2,2,0,0,0
1,99,Up,6,0,8,32,1,1,2,32,8,0,8,2,0,0,2,4,32,2,2,0,0,0,2,32,8,2,8,2,32,0,4,4,0,2,0,0,0,0
1,100,Left,6,0,8,32,1,1,2,32,8,2,8,2,32,0,4,4,0,2,0,0,0,0,2,32,8,2,8,2,32,0,8,2,0,0,0,0,2,0
1,101,Right,5,0,8,32,1,1,2,32,8,2,8,2,32,0,8,2,0,0,0,0,2,0,2,32,8,2,0,4,2,32,2,0,8,2,0,0,0,2
1,102,Up,6,0,9,32,1,1,2,32,8,2,0,4,2,32,2,0,8,2,0,0,0,2,4,32,8,2,0,2,2,32,0,0,8,4,0,0,0,2
1,103,Right,6,0,9,32,1,1,4,32,8,2,0,2,2,32,0,0,8,4,0,0,0,2,4,32,8,2,0,0,4,32,0,2,8,4,0,0,0,2
1,104,Down,5,0,9,32,1,1,4,32,8,2,0,0,4,32,0,2,8,4,0,0,0,2,0,0,0,2,0,0,8,32,2,32,4,4,4,2,8,2
1,105,Up,4,0,9,32,1,1,0,0,0,2,0,0,8,32,2,32,4,4,4,2,8,2,2,32,8,2,4,2,4,32,2,0,8,4,0,0,0,2
1,106,Down,3,0,9,32,1,1,2,32,8,2,4,2,4,32,2,0,8,4,0,0,0,2,2,0,0,2,2,0,8,32,4,32,4,4,2,2,8,2
1,107,Right,5,0,9,32,1,1,2,0,0,2,2,0,8,32,4,32,4,4,2,2,8,2,0,0,2,4,0,2,8,32,0,4,32,8,0,4,8,2
1,108,Left,4,0,9,32,1,1,0,0,2,4,0,2,8,32,0,4,32,8,0,4,8,2,2,4,0,2,2,4,32,0,4,32,8,0,4,8,2,0
1,109,Up,6,0,9,32,1,1,2,4,0,2,2,4,32,0,4,32,8,0,4,8,2,0,4,8,32,2,8,16,8,0,0,8,2,0,2,0,0,0
1,110,Down,5,0,9,32,1,1,4,8,32,2,8,16,8,0,0,8,2,0,2,0,0,0,0,0,0,2,4,4,32,0,8,16,8,0,2,8,2,2
1,111,Left,6,0,9,16,1,1,0,0,0,2,4,4,32,0,8,16,8,0,2,8,2,2,2,0,2,0,8,16,0,0,8,16,8,0,2,8,4,0
1,112,Right,6,0,9,16,1,1,2,0,2,0,8,16,0,0,8,16,8,0,2,8,4,0,0,0,0,4,2,0,8,16,0,8,16,8,0,2,8,4
1,113,Down,5,0,9,16,1,1,0,0,0,4,2,0,8,16,0,8,16,8,0,2,8,4,0,0,0,4,0,0,8,16,2,8,16,8,2,2,8,4
1,114,Left,5,0,9,16,1,1,0,0,0,4,0,0,8,16,2,8,16,8,2,2,8,4,4,0,0,0,8,8,0,2,2,8,16,8,4,8,4,0
1,115,Up,5,0,10,16,1,1,4,0,0,0,8,8,0,2,2,8,16,8,4,8,4,0,4,16,16,2,8,4,4,8,2,0,0,0,4,0,0,2
1,116,Down,4,0,10,16,1,1,4,16,16,2,8,4,4,8,2,0,0,0,4,0,0,2,4,2,0,0,8,0,0,2,2,16,16,8,4,4,4,2
1,117,Left,5,0,10,32,1,1,4,2,0,0,8,0,0,2,2,16,16,8,4,4,4,2,4,2,0,2,8,2,0,0,2,32,8,0,8,4,2,0
1,118,Up,5,0,10,16,1,1,4,2,0,2,8,2,0,0,2,32,8,0,8,4,2,0,4,4,8,2,8,16,2,0,2,4,0,0,8,0,2,0
1,119,Down,5,0,10,16,1,1,4,4,8,2,8,16,2,0,2,4,0,0,8,0,2,0,4,2,0,0,8,2,0,0,2,16,8,0,8,4,4,2
1,120,Up,5,0,10,8,1,1,4,2,0,0,8,2,0,0,2,16,8,0,8,4,4,2,4,4,8,2,8,8,4,0,2,4,0,0,8,0,2,0
1,121,Up,4,1,10,8,1,1,4,4,8,2,8,8,4,0,2,4,0,0,8,0,2,0,4,4,8,2,8,4,4,0,2,4,2,0,8,0,0,2
1,122,Left,5,1,10,8,1,1,4,4,8,2,8,4,4,0,2,4,2,0,8,0,0,2,8,8,2,0,8,4,2,0,2,4,2,0,8,2,0,0
1,123,Right,5,1,10,16,1,1,8,8,2,0,8,4,2,0,2,4,2,0,8,2,0,0,2,0,16,2,0,4,4,2,0,2,4,2,0,0,8,2
1,124,Up,7,1,11,16,1,1,2,0,16,2,0,4,4,2,0,2,4,2,0,0,8,2,2,4,16,4,2,2,8,4,0,0,8,0,0,0,0,0
1,125,Right,7,1,11,16,1,1,2,4,16,4,2,2,8,4,0,0,8,0,0,0,0,0,2,4,16,4,0,2,8,4,0,2,0,8,0,0,0,0
1,126,Right,6,1,11,16,1,1,2,4,16,4,0,2,8,4,0,2,0,8,0,0,0,0,2,4,16,4,0,2,8,4,0,0,2,8,0,2,0,0
1,127,Down,7,1,11,16,1,1,2,4,16,4,0,2,8,4,0,0,2,8,0,2,0,0,0,0,0,2,0,0,16,0,0,4,8,8,2,4,2,8
1,128,Right,7,1,11,16,1,1,0,0,0,2,0,0,16,0,0,4,8,8,2,4,2,8,0,0,0,2,0,0,2,16,0,0,4,16,2,4,2,8
1,129,Down,7,1,11,32,1,1,0,0,0,2,0,0,2,16,0,0,4,16,2,4,2,8,0,0,0,0,0,2,2,2,0,0,4,32,2,4,2,8
1,130,Up,6,1,11,32,1,1,0,0,0,0,0,2,2,2,0,0,4,32,2,4,2,8,2,2,2,2,0,2,4,32,0,0,2,8,0,0,0,2
1,131,Up,6,1,11,32,1,1,2,2,2,2,0,2,4,32,0,0,2,8,0,0,0,2,2,4,2,2,0,0,4,32,0,0,2,8,0,2,0,2
1,132,Left,7,1,11,16,1,1,2,4,2,2,0,0,4,32,0,0,2,8,0,2,0,2,2,4,4,0,4,16,0,0,2,8,0,0,4,2,0,0
1,133,Down,6,2,11,8,1,1,2,4,4,0,4,16,0,0,2,8,0,0,4,2,0,0,2,4,0,0,4,8,0,0,2,8,0,2,4,2,4,0
1,134,Right,5,2,11,8,1,1,2,4,0,0,4,8,0,0,2,8,0,2,4,2,4,0,0,2,2,4,0,0,4,8,0,2,8,2,0,4,2,4
1,135,Left,5,2,11,8,1,1,0,2,2,4,0,0,4,8,0,2,8,2,0,4,2,4,4,4,0,0,4,4,2,0,2,8,2,0,4,2,4,0
1,136,Up,7,2,11,8,1,1,4,4,0,0,4,4,2,0,2,8,2,0,4,2,4,0,8,8,4,0,2,4,4,2,4,2,0,0,0,0,0,0
1,137,Down,7,2,11,8,1,1,8,8,4,0,2,4,4,2,4,2,0,0,0,0,0,0,0,0,0,0,8,4,0,2,2,4,0,0,4,2,8,2
1,138,Left,6,2,12,8,1,1,0,0,0,0,8,4,0,2,2,4,0,0,4,2,8,2,2,0,0,0,8,2,2,0,2,4,0,0,4,2,8,2
1,139,Up,5,2,12,8,1,1,2,0,0,0,8,2,2,0,2,4,0,0,4,2,8,2,2,2,2,2,8,2,8,0,2,2,0,0,4,0,2,0
1,140,Down,5,2,12,8,1,1,2,2,2,2,8,2,8,0,2,2,0,0,4,0,2,0,2,2,0,0,8,0,2,0,2,2,8,0,4,4,2,2
1,141,Left,8,2,12,8,1,1,2,2,0,0,8,0,2,0,2,2,8,0,4,4,2,2,4,0,2,0,8,2,0,0,4,8,0,0,8,4,0,0
1,142,Down,7,2,12,8,1,1,4,0,2,0,8,2,0,0,4,8,0,0,8,4,0,0,4,2,0,0,8,2,0,0,4,8,0,0,8,4,2,0
1,143,Right,6,2,12,8,1,1,4,2,0,0,8,2,0,0,4,8,0,0,8,4,2,0,0,0,4,2,0,0,8,2,0,0,4,8,2,8,4,2
1,144,Left,5,2,12,8,1,1,0,0,4,2,0,0,8,2,0,0,4,8,2,8,4,2,4,2,0,2,8,2,0,0,4,8,0,0,2,8,4,2
1,145,Down,7,2,12,16,1,1,4,2,0,2,8,2,0,0,4,8,0,0,2,8,4,2,4,0,0,0,8,0,0,2,4,4,0,0,2,16,4,4
1,146,Left,8,2,12,16,1,1,4,0,0,0,8,0,0,2,4,4,0,0,2,16,4,4,4,0,0,0,8,2,0,0,8,0,0,0,2,16,8,2
1,147,Right,7,2,12,16,1,1,4,0,0,0,8,2,0,0,8,0,0,0,2,16,8,2,0,0,0,4,0,0,8,2,0,0,2,8,2,16,8,2
1,148,Left,6,2,12,16,1,1,0,0,0,4,0,0,8,2,0,0,2,8,2,16,8,2,4,0,0,2,8,2,0,0,2,8,0,0,2,16,8,2
1,149,Up,7,2,12,16,1,1,4,0,0,2,8,2,0,0,2,8,0,0,2,16,8,2,4,2,8,4,8,4,0,0,4,16,0,0,0,0,2,0
1,150,Down,6,2,13,16,1,1,4,2,8,4,8,4,0,0,4,16,0,0,0,0,2,0,0,0,0,0,4,2,0,2,8,4,8,0,4,16,2,4
1,151,Left,6,2,13,16,1,1,0,0,0,0,4,2,0,2,8,4,8,0,4,16,2,4,2,0,0,0,4,2,0,0,8,4,8,0,4,16,2,4
1,152,Right,5,2,13,16,1,1,2,0,0,0,4,2,0,0,8,4,8,0,4,16,2,4,0,0,0,2,2,0,4,2,0,8,4,8,4,16,2,4
1,153,Down,6,2,13,16,1,1,0,0,0,2,2,0,4,2,0,8,4,8,4,16,2,4,0,0,0,0,2,0,0,4,2,8,8,8,4,16,2,4
1,154,Up,6,2,13,8,1,1,0,0,0,0,2,0,0,4,2,8,8,8,4,16,2,4,4,8,8,4,4,8,2,8,0,0,0,4,2,0,0,0
1,155,Left,6,3,13,16,1,1,4,8,8,4,4,8,2,8,0,0,0,4,2,0,0,0,4,16,4,2,4,4,2,8,4,0,0,0,2,0,0,0
1,156,Down,6,3,13,16,1,1,4,16,4,2,4,4,2,8,4,0,0,0,2,0,0,0,0,0,0,0,4,0,2,0,8,16,4,2,2,4,2,8
1,157,Left,5,3,13,16,1,1,0,0,0,0,4,0,2,0,8,16,4,2,2,4,2,8,0,0,0,2,4,2,0,0,8,16,4,2,2,4,2,8
1,158,Up,5,3,13,8,1,1,0,0,0,2,4,2,0,0,8,16,4,2,2,4,2,8,4,2,4,4,8,8,2,8,2,4,0,0,0,0,0,2
1,159,Down,4,3,13,8,1,1,4,2,4,4,8,8,2,8,2,4,0,0,0,0,0,2,0,2,0,0,4,2,0,4,8,8,4,8,2,4,2,2
1,160,Left,5,3,13,16,1,1,0,2,0,0,4,2,0,4,8,8,4,8,2,4,2,2,2,0,0,0,4,2,4,0,16,4,8,2,2,4,4,0
1,161,Down,5,3,13,16,1,1,2,0,0,0,4,2,4,0,16,4,8,2,2,4,4,0,2,0,0,0,4,0,4,0,16,2,8,2,2,8,4,2
1,162,Right,5,3,13,16,1,1,2,0,0,0,4,0,4,0,16,2,8,2,2,8,4,2,0,0,0,2,0,2,0,8,16,2,8,2,2,8,4,2
1,163,Up,6,3,13,16,1,1,0,0,0,2,0,2,0,8,16,2,8,2,2,8,4,2,16,4,8,2,2,4,4,8,0,0,0,4,2,0,0,0
1,164,Down,7,3,13,16,1,1,16,4,8,2,2,4,4,8,0,0,0,4,2,0,0,0,0,0,0,0,0,0,2,2,16,0,8,8,4,8,4,4
1,165,Up,6,3,13,16,1,1,0,0,0,0,0,0,2,2,16,0,8,8,4,8,4,4,16,8,2,2,4,0,8,8,0,0,4,4,0,0,2,0
1,166,Right,8,3,13,16,1,1,16,8,2,2,4,0,8,8,0,0,4,4,0,0,2,0,0,16,8,4,0,0,4,16,0,0,0,8,0,2,0,2
1,167,Down,7,3,13,16,1,1,0,16,8,4,0,0,4,16,0,0,0,8,0,2,0,2,2,0,0,4,0,0,0,16,0,16,8,8,0,2,4,2
1,168,Left,7,3,13,16,1,1,2,0,0,4,0,0,0,16,0,16,8,8,0,2,4,2,2,4,0,0,16,0,0,0,16,16,0,0,2,4,2,2
1,169,Up,7,3,13,32,1,1,2,4,0,0,16,0,0,0,16,16,0,0,2,4,2,2,2,4,2,2,32,8,0,0,2,4,0,2,0,0,0,0
1,170,Right,7,3,13,32,1,1,2,4,2,2,32,8,0,0,2,4,0,2,0,0,0,0,0,2,4,4,0,0,32,8,0,2,4,2,0,0,2,0
1,171,Down,7,3,13,32,1,1,0,2,4,4,0,0,32,8,0,2,4,2,0,0,2,0,0,2,4,0,0,0,32,4,0,0,4,8,0,4,2,2
1,172,Left,7,3,13,32,1,1,0,2,4,0,0,0,32,4,0,0,4,8,0,4,2,2,2,4,0,0,32,2,0,0,4,8,2,0,4,4,0,0
1,173,Down,7,3,13,32,1,1,2,4,0,0,32,2,0,0,4,8,2,0,4,4,0,0,0,4,0,0,2,2,0,2,32,8,0,0,8,4,2,0
1,174,Right,7,3,13,32,1,1,0,4,0,0,2,2,0,2,32,8,0,0,8,4,2,0,2,0,0,4,0,0,2,4,0,0,32,8,0,8,4,2
1,175,Left,6,3,13,32,1,1,2,0,0,4,0,0,2,4,0,0,32,8,0,8,4,2,2,4,0,2,2,2,0,0,32,8,0,0,8,4,2,0
1,176,Right,6,3,13,32,1,1,2,4,0,2,2,2,0,0,32,8,0,0,8,4,2,0,0,2,4,2,0,0,0,4,2,0,32,8,0,8,4,2
1,177,Down,5,3,13,32,1,1,0,2,4,2,0,0,0,4,2,0,32,8,0,8,4,2,0,0,0,2,0,0,4,4,2,2,32,8,2,8,4,2
1,178,Left,6,3,13,32,1,1,0,0,0,2,0,0,4,4,2,2,32,8,2,8,4,2,2,0,2,0,8,0,0,0,4,32,8,0,2,8,4,2
1,179,Down,5,3,13,32,1,1,2,0,2,0,8,0,0,0,4,32,8,0,2,8,4,2,2,2,0,0,8,0,2,0,4,32,8,0,2,8,4,2
1,180,Left,5,3,13,32,1,1,2,2,0,0,8,0,2,0,4,32,8,0,2,8,4,2,4,0,0,0,8,2,0,0,4,32,8,2,2,8,4,2
1,181,Down,5,3,13,32,1,1,4,0,0,0,8,2,0,0,4,32,8,2,2,8,4,2,4,2,0,0,8,2,0,0,4,32,8,0,2,8,4,4
1,182,Up,5,3,13,16,1,1,4,2,0,0,8,2,0,0,4,32,8,0,2,8,4,4,4,4,8,4,8,16,4,0,4,8,0,0,2,0,0,2
1,183,Left,6,4,13,8,1,1,4,4,8,4,8,16,4,0,4,8,0,0,2,0,0,2,8,8,4,0,8,8,4,0,4,8,0,0,4,0,0,2
1,184,Up,9,5,13,16,1,1,8,8,4,0,8,8,4,0,4,8,0,0,4,0,0,2,16,16,8,2,8,4,0,0,0,0,0,0,0,0,2,0
1,185,Down,8,5,13,16,1,1,16,16,8,2,8,4,0,0,0,0,0,0,0,0,2,0,0,0,0,0,2,0,0,0,16,16,8,0,8,4,2,2
1,186,Right,9,5,13,32,1,1,0,0,0,0,2,0,0,0,16,16,8,0,8,4,2,2,0,0,0,0,0,0,0,2,0,2,32,8,0,8,4,4
1,187,Left,9,5,13,32,1,1,0,0,0,0,0,0,0,2,0,2,32,8,0,8,4,4,0,0,0,0,2,0,0,2,2,32,8,0,8,8,0,0
1,188,Up,9,5,13,32,1,1,0,0,0,0,2,0,0,2,2,32,8,0,8,8,0,0,4,32,8,2,8,4,0,0,0,0,0,0,0,0,0,2
1,189,Down,9,5,13,32,1,1,4,32,8,2,8,4,0,0,0,0,0,0,0,0,0,2,0,0,0,0,0,0,0,2,4,32,0,0,8,4,8,4
1,190,Left,8,5,13,32,1,1,0,0,0,0,0,0,0,2,4,32,0,0,8,4,8,4,0,0,0,0,2,0,0,0,4,32,2,0,8,4,8,4
1,191,Up,7,5,13,32,1,1,0,0,0,0,2,0,0,0,4,32,2,0,8,4,8,4,2,32,2,4,4,2,8,0,8,0,0,2,0,0,0,0
1,192,Down,6,5,13,32,1,1,2,32,2,4,4,2,8,0,8,0,0,2,0,0,0,0,0,0,0,0,2,2,0,0,4,32,2,4,8,2,8,2
1,193,Up,5,5,13,16,1,1,0,0,0,0,2,2,0,0,4,32,2,4,8,2,8,2,2,2,2,4,4,16,8,2,8,2,0,0,2,0,0,0
1,194,Left,5,6,13,8,1,1,2,2,2,4,4,16,8,2,8,2,0,0,2,0,0,0,4,2,4,0,4,8,8,2,8,2,0,2,2,0,0,0
1,195,Up,6,7,13,8,1,1,4,2,4,0,4,8,8,2,8,2,0,2,2,0,0,0,8,2,4,4,8,4,8,2,2,2,0,0,0,0,0,0
1,196,Left,7,7,14,8,1,1,8,2,4,4,8,4,8,2,2,2,0,0,0,0,0,0,8,2,8,0,8,2,8,2,4,0,0,0,0,0,2,0
1,197,Up,9,7,14,16,1,1,8,2,8,0,8,2,8,2,4,0,0,0,0,0,2,0,16,4,16,2,4,0,2,0,2,0,0,0,0,0,0,0
1,198,Left,8,7,14,16,1,1,16,4,16,2,4,0,2,0,2,0,0,0,0,0,0,0,16,4,16,2,4,2,0,0,2,0,0,0,0,0,0,2
1,199,Right,7,7,14,16,1,1,16,4,16,2,4,2,0,0,2,0,0,0,0,0,0,2,16,4,16,2,0,0,4,2,0,0,0,2,0,2,0,2
1,200,Up,8,7,14,16,1,1,16,4,16,2,0,0,4,2,0,0,0,2,0,2,0,2,16,4,16,4,0,2,4,4,0,0,0,0,0,0,2,0
1,201,Right,8,7,14,16,1,1,16,4,16,4,0,2,4,4,0,0,0,0,0,0,2,0,16,4,16,4,0,0,2,8,0,0,0,0,0,2,0,2
1,202,Left,8,7,14,16,1,1,16,4,16,4,0,0,2,8,0,0,0,0,0,2,0,2,16,4,16,4,2,4,0,0,0,0,0,0,4,0,0,2
1,203,Left,7,7,15,16,1,1,16,4,16,4,2,4,0,0,0,0,0,0,4,0,0,2,16,4,16,4,2,2,0,0,0,0,2,0,4,2,0,0
1,204,Up,7,7,15,16,1,1,16,4,16,4,2,2,0,0,0,0,2,0,4,2,0,0,16,4,16,4,2,2,2,0,4,0,2,0,0,0,0,0
1,205,Up,7,7,15,16,1,1,16,4,16,4,2,2,2,0,4,0,2,0,0,0,0,0,16,4,16,4,2,2,4,0,4,0,0,0,0,0,0,2
1,206,Left,7,7,15,16,1,1,16,4,16,4,2,2,4,0,4,0,0,0,0,0,0,2,16,4,16,4,4,2,0,0,4,0,0,0,2,2,0,0
1,207,Down,8,7,15,16,1,1,16,4,16,4,4,2,0,0,4,0,0,0,2,2,0,0,0,0,0,0,16,0,0,2,8,4,0,0,2,4,16,4
1,208,Left,7,7,15,16,1,1,0,0,0,0,16,0,0,2,8,4,0,0,2,4,16,4,0,0,2,0,16,2,0,0,8,4,0,0,2,4,16,4
1,209,Right,6,7,15,16,1,1,0,0,2,0,16,2,0,0,8,4,0,0,2,4,16,4,0,0,2,2,0,0,16,2,0,0,8,4,2,4,16,4
1,210,Down,7,7,15,16,1,1,0,0,2,2,0,0,16,2,0,0,8,4,2,4,16,4,2,0,2,0,0,0,16,0,0,0,8,4,2,4,16,8
1,211,Up,7,7,15,16,1,1,2,0,2,0,0,0,16,0,0,0,8,4,2,4,16,8,4,4,2,4,0,0,16,8,0,0,8,2,0,0,16,0
1,212,Down,6,7,15,16,1,1,4,4,2,4,0,0,16,8,0,0,8,2,0,0,16,0,0,2,2,0,0,0,16,4,0,0,8,8,4,4,16,2
1,213,Right,8,7,15,16,1,1,0,2,2,0,0,0,16,4,0,0,8,8,4,4,16,2,0,0,0,4,0,0,16,4,0,2,0,16,0,8,16,2
1,214,Down,9,7,15,32,1,1,0,0,0,4,0,0,16,4,0,2,0,16,0,8,16,2,0,0,0,0,0,0,0,8,0,2,2,16,0,8,32,2
1,215,Right,9,7,15,32,1,1,0,0,0,0,0,0,0,8,0,2,2,16,0,8,32,2,2,0,0,0,0,0,0,8,0,0,4,16,0,8,32,2
1,216,Up,8,7,15,32,1,1,2,0,0,0,0,0,0,8,0,0,4,16,0,8,32,2,2,8,4,8,0,0,32,16,0,0,0,2,0,2,0,0
1,217,Down,7,7,15,32,1,1,2,8,4,8,0,0,32,16,0,0,0,2,0,2,0,0,0,0,2,0,0,0,0,8,0,8,4,16,2,2,32,2
1,218,Right,7,7,15,32,1,1,0,0,2,0,0,0,0,8,0,8,4,16,2,2,32,2,0,0,0,2,0,0,0,8,0,8,4,16,2,4,32,2
1,219,Left,6,7,15,32,1,1,0,0,0,2,0,0,0,8,0,8,4,16,2,4,32,2,2,0,2,0,8,0,0,0,8,4,16,0,2,4,32,2
1,220,Down,7,7,15,32,1,1,2,0,2,0,8,0,0,0,8,4,16,0,2,4,32,2,0,0,0,2,2,0,2,0,16,0,16,0,2,8,32,2
1,221,Right,8,7,15,32,1,1,0,0,0,2,2,0,2,0,16,0,16,0,2,8,32,2,0,0,0,2,0,0,0,4,0,0,2,32,2,8,32,2
1,222,Up,7,7,15,32,1,1,0,0,0,2,0,0,0,4,0,0,2,32,2,8,32,2,2,8,2,2,0,0,32,4,0,0,0,32,0,2,0,2
1,223,Down,6,7,15,32,1,1,2,8,2,2,0,0,32,4,0,0,0,32,0,2,0,2,0,2,0,2,0,0,0,4,0,8,2,32,2,2,32,2
1,224,Down,5,7,15,32,1,1,0,2,0,2,0,0,0,4,0,8,2,32,2,2,32,2,0,0,0,2,0,2,2,4,0,8,2,32,2,2,32,2
1,225,Down,5,7,15,32,1,1,0,0,0,2,0,2,2,4,0,8,2,32,2,2,32,2,0,0,0,2,2,2,0,4,0,8,4,32,2,2,32,2
1,226,Left,6,7,15,32,1,1,0,0,0,2,2,2,0,4,0,8,4,32,2,2,32,2,2,2,0,0,4,2,0,0,8,4,32,0,4,32,2,0
1,227,Left,6,7,15,32,1,1,2,2,0,0,4,2,0,0,8,4,32,0,4,32,2,0,4,0,0,0,4,2,0,0,8,4,32,2,4,32,2,0
1,228,Down,6,7,15,32,1,1,4,0,0,0,4,2,0,0,8,4,32,2,4,32,2,0,2,0,0,0,8,2,0,0,8,4,32,0,4,32,2,2
1,229,Left,6,7,15,32,1,1,2,0,0,0,8,2,0,0,8,4,32,0,4,32,2,2,2,0,2,0,8,2,0,0,8,4,32,0,4,32,4,0
1,230,Up,6,7,15,32,1,1,2,0,2,0,8,2,0,0,8,4,32,0,4,32,4,0,2,2,2,0,16,2,32,0,4,32,4,0,0,0,2,0
1,231,Left,6,7,15,32,1,1,2,2,2,0,16,2,32,0,4,32,4,0,0,0,2,0,4,2,0,0,16,2,32,0,4,32,4,2,2,0,0,0
1,232,Down,6,7,15,32,1,1,4,2,0,0,16,2,32,0,4,32,4,2,2,0,0,0,4,0,0,2,16,0,0,0,4,4,32,0,2,32,4,2
1,233,Left,6,7,15,32,1,1,4,0,0,2,16,0,0,0,4,4,32,0,2,32,4,2,4,2,0,0,16,0,0,0,8,32,0,2,2,32,4,2
1,234,Right,5,7,15,32,1,1,4,2,0,0,16,0,0,0,8,32,0,2,2,32,4,2,0,2,4,2,0,0,0,16,0,8,32,2,2,32,4,2
1,235,Down,5,7,15,32,1,1,0,2,4,2,0,0,0,16,0,8,32,2,2,32,4,2,0,0,2,0,0,2,4,2,0,8,32,16,2,32,4,4
1,236,Left,5,7,15,32,1,1,0,0,2,0,0,2,4,2,0,8,32,16,2,32,4,4,2,0,0,0,2,2,2,0,8,32,16,0,2,32,8,2
1,237,Left,5,7,15,32,1,1,2,0,0,0,2,2,2,0,8,32,16,0,2,32,8,2,2,0,0,0,4,2,2,0,8,32,16,0,2,32,8,2
1,238,Up,5,7,15,32,1,1,2,0,0,0,4,2,2,0,8,32,16,0,2,32,8,2,2,2,2,2,4,32,16,2,8,0,8,0,2,0,0,0
1,239,Left,7,8,15,16,1,1,2,2,2,2,4,32,16,2,8,0,8,0,2,0,0,0,4,4,0,0,4,16,16,2,16,2,0,0,2,0,0,0
1,240,Left,8,8,15,16,1,1,4,4,0,0,4,16,16,2,16,2,0,0,2,0,0,0,8,0,0,0,4,16,2,0,16,2,0,0,2,0,2,0
1,241,Down,8,8,15,16,1,1,8,0,0,0,4,16,2,0,16,2,0,0,2,0,2,0,8,0,0,0,4,0,0,0,16,16,0,2,2,2,4,0
1,242,Left,9,8,15,32,1,1,8,0,0,0,4,0,0,0,16,16,0,2,2,2,4,0,8,0,2,0,4,0,0,0,32,2,0,0,4,4,0,0
1,243,Up,8,8,15,32,1,1,8,0,2,0,4,0,0,0,32,2,0,0,4,4,0,0,8,2,2,0,4,2,0,0,32,0,0,2,4,0,0,0
1,244,Left,8,8,15,32,1,1,8,2,2,0,4,2,0,0,32,0,0,2,4,0,0,0,8,4,0,2,4,2,0,0,32,2,0,0,4,0,0,0
1,245,Right,7,8,15,32,1,1,8,4,0,2,4,2,0,0,32,2,0,0,4,0,0,0,0,8,4,2,0,2,4,2,0,0,32,2,0,0,0,4
1,246,Left,6,8,15,32,1,1,0,8,4,2,0,2,4,2,0,0,32,2,0,0,0,4,8,4,2,0,2,2,2,0,32,2,0,2,4,0,0,0
1,247,Down,7,8,15,32,1,1,8,4,2,0,2,2,2,0,32,2,0,2,4,0,0,0,8,0,2,0,2,0,0,0,32,4,0,0,4,4,4,2
1,248,Left,7,8,15,32,1,1,8,0,2,0,2,0,0,0,32,4,0,0,4,4,4,2,8,2,0,2,2,0,0,0,32,4,0,0,8,4,2,0
1,249,Right,7,8,15,32,1,1,8,2,0,2,2,0,0,0,32,4,0,0,8,4,2,0,2,0,8,4,0,0,0,2,0,0,32,4,0,8,4,2
1,250,Left,6,8,15,32,1,1,2,0,8,4,0,0,0,2,0,0,32,4,0,8,4,2,2,8,4,0,2,0,2,0,32,4,0,0,8,4,2,0
1,251,Up,8,8,15,32,1,1,2,8,4,0,2,0,2,0,32,4,0,0,8,4,2,0,4,8,4,0,32,4,4,0,8,0,0,0,0,0,2,0
1,252,Left,8,8,15,32,1,1,4,8,4,0,32,4,4,0,8,0,0,0,0,0,2,0,4,8,4,0,32,4,0,0,8,0,0,0,2,0,0,2
1,253,Left,8,8,16,32,1,1,4,8,4,0,32,4,0,0,8,0,0,0,2,0,0,2,4,8,4,0,32,2,0,0,8,0,2,0,4,0,0,0
1,254,Down,7,8,16,32,1,1,4,8,4,0,32,2,0,0,8,0,2,0,4,0,0,0,4,0,2,0,32,0,0,0,8,8,4,0,4,2,2,0
1,255,Left,8,8,16,32,1,1,4,0,2,0,32,0,0,0,8,8,4,0,4,2,2,0,4,2,0,0,32,0,0,0,16,4,0,0,4,4,2,0
1,256,Right,8,8,16,32,1,1,4,2,0,0,32,0,0,0,16,4,0,0,4,4,2,0,0,0,4,2,0,0,0,32,0,0,16,4,2,0,8,2
1,257,Up,7,8,16,32,1,1,0,0,4,2,0,0,0,32,0,0,16,4,2,0,8,2,2,0,4,2,0,0,16,32,2,0,8,4,0,0,0,2
1,258,Left,6,8,16,16,1,1,2,0,4,2,0,0,16,32,2,0,8,4,0,0,0,2,2,4,2,0,16,16,0,0,2,8,4,0,2,2,0,0
1,259,Down,6,9,16,16,1,1,2,4,2,0,16,16,0,0,2,8,4,0,2,2,0,0,0,4,2,0,2,8,0,0,16,8,2,0,4,2,4,0
1,260,Left,5,9,17,16,1,1,0,4,2,0,2,8,0,0,16,8,2,0,4,2,4,0,4,2,2,0,2,4,0,0,16,8,2,0,4,2,4,0
1,261,Up,5,9,18,16,1,1,4,2,2,0,2,4,0,0,16,8,2,0,4,2,4,0,4,2,4,0,2,2,4,2,16,8,0,0,4,2,0,0
1,262,Left,5,9,18,16,1,1,4,2,4,0,2,2,4,2,16,8,0,0,4,2,0,0,4,2,4,0,4,2,2,2,16,8,0,0,4,2,0,0
1,263,Down,6,9,18,16,1,1,4,2,4,0,4,2,2,2,16,8,0,0,4,2,0,0,0,2,0,0,8,2,0,0,16,8,4,0,4,2,2,2
1,264,Left,6,9,18,16,1,1,0,2,0,0,8,2,0,0,16,8,4,0,4,2,2,2,2,0,0,0,8,2,0,0,16,8,4,2,4,4,2,0
1,265,Down,5,9,18,16,1,1,2,0,0,0,8,2,0,0,16,8,4,2,4,4,2,0,2,0,0,2,8,2,0,0,16,8,4,0,4,4,2,2
1,266,Down,5,9,18,16,1,1,2,0,0,2,8,2,0,0,16,8,4,0,4,4,2,2,2,2,0,0,8,2,0,0,16,8,4,0,4,4,2,4
1,267,Left,6,9,18,16,1,1,2,2,0,0,8,2,0,0,16,8,4,0,4,4,2,4,4,0,0,0,8,2,0,2,16,8,4,0,8,2,4,0
1,268,Down,6,9,18,16,1,1,4,0,0,0,8,2,0,2,16,8,4,0,8,2,4,0,4,0,2,0,8,2,0,0,16,8,0,0,8,2,8,2
1,269,Right,5,9,18,16,1,1,4,0,2,0,8,2,0,0,16,8,0,0,8,2,8,2,0,0,4,2,0,2,8,2,0,0,16,8,8,2,8,2
1,270,Down,6,9,18,16,1,1,0,0,4,2,0,2,8,2,0,0,16,8,8,2,8,2,0,0,4,0,0,0,8,4,0,2,16,8,8,4,8,2
1,271,Right,5,9,18,16,1,1,0,0,4,0,0,0,8,4,0,2,16,8,8,4,8,2,2,0,0,4,0,0,8,4,0,2,16,8,8,4,8,2
1,272,Down,5,9,18,16,1,1,2,0,0,4,0,0,8,4,0,2,16,8,8,4,8,2,0,2,0,0,0,0,8,8,2,2,16,8,8,4,8,2
1,273,Right,6,9,18,16,1,1,0,2,0,0,0,0,8,8,2,2,16,8,8,4,8,2,0,0,0,2,0,0,2,16,0,4,16,8,8,4,8,2
1,274,Left,5,9,18,16,1,1,0,0,0,2,0,0,2,16,0,4,16,8,8,4,8,2,2,0,0,0,2,8,2,0,4,16,8,0,8,4,8,2
1,275,Down,6,9,19,16,1,1,2,0,0,0,2,8,2,0,4,16,8,0,8,4,8,2,0,0,0,0,4,4,0,0,4,16,2,2,8,4,16,2
1,276,Left,7,9,19,16,1,1,0,0,0,0,4,4,0,0,4,16,2,2,8,4,16,2,0,0,0,0,8,0,0,2,4,16,4,0,8,4,16,2
1,277,Right,6,9,19,16,1,1,0,0,0,0,8,0,0,2,4,16,4,0,8,4,16,2,0,0,0,0,0,2,8,2,0,4,16,4,8,4,16,2
1,278,Left,5,9,19,16,1,1,0,0,0,0,0,2,8,2,0,4,16,4,8,4,16,2,0,0,0,2,2,4,2,0,4,16,4,0,8,4,16,2
1,279,Down,5,9,20,16,1,1,0,0,0,2,2,4,2,0,4,16,4,0,8,4,16,2,0,0,0,0,2,2,2,0,4,16,4,2,8,4,16,4
1,280,Right,5,9,20,16,1,1,0,0,0,0,2,2,2,0,4,16,4,2,8,4,16,4,0,0,0,0,2,0,2,4,4,16,4,2,8,4,16,4
1,281,Left,5,9,20,16,1,1,0,0,0,0,2,0,2,4,4,16,4,2,8,4,16,4,2,0,0,0,4,2,0,0,4,16,4,2,8,4,16,4
1,282,Right,4,9,20,16,1,1,2,0,0,0,4,2,0,0,4,16,4,2,8,4,16,4,0,0,0,2,2,0,4,2,4,16,4,2,8,4,16,4
1,283,Left,3,9,20,16,1,1,0,0,0,2,2,0,4,2,4,16,4,2,8,4,16,4,2,0,0,2,2,2,2,0,4,16,4,2,8,4,16,4
1,284,Down,4,9,20,16,1,1,2,0,0,2,2,2,2,0,4,16,4,2,8,4,16,4,0,0,2,0,4,2,2,0,4,16,4,4,8,4,16,4
1,285,Left,5,9,20,16,1,1,0,0,2,0,4,2,2,0,4,16,4,4,8,4,16,4,2,0,0,2,4,2,0,0,4,16,8,0,8,4,16,4
1,286,Right,5,9,20,16,1,1,2,0,0,2,4,2,0,0,4,16,8,0,8,4,16,4,0,0,0,4,0,2,4,2,0,4,16,8,8,4,16,4
1,287,Left,4,9,20,16,1,1,0,0,0,4,0,2,4,2,0,4,16,8,8,4,16,4,4,0,0,0,2,2,2,2,4,16,8,0,8,4,16,4
1,288,Down,3,9,20,16,1,1,4,0,0,0,2,2,2,2,4,16,8,0,8,4,16,4,4,0,2,0,2,2,2,0,4,16,8,2,8,4,16,4
1,289,Left,3,9,20,16,1,1,4,0,2,0,2,2,2,0,4,16,8,2,8,4,16,4,4,2,0,2,4,2,0,0,4,16,8,2,8,4,16,4
1,290,Right,3,9,20,16,1,1,4,2,0,2,4,2,0,0,4,16,8,2,8,4,16,4,0,2,4,4,0,0,4,2,4,16,8,2,8,4,16,4
1,291,Left,3,9,20,16,1,1,0,2,4,4,0,0,4,2,4,16,8,2,8,4,16,4,2,8,2,0,4,2,0,0,4,16,8,2,8,4,16,4
1,292,Down,3,9,20,16,1,1,2,8,2,0,4,2,0,0,4,16,8,2,8,4,16,4,0,8,0,0,2,2,2,2,8,16,8,2,8,4,16,4
1,293,Left,4,9,20,16,1,1,0,8,0,0,2,2,2,2,8,16,8,2,8,4,16,4,8,0,0,2,4,2,0,0,8,16,8,2,8,4,16,4
1,294,Down,5,9,20,16,1,1,8,0,0,2,4,2,0,0,8,16,8,2,8,4,16,4,0,0,2,0,8,2,0,0,4,16,8,4,16,4,16,4
1,295,Left,4,9,20,16,1,1,0,0,2,0,8,2,0,0,4,16,8,4,16,4,16,4,2,0,2,0,8,2,0,0,4,16,8,4,16,4,16,4
1,296,Right,4,9,20,16,1,1,2,0,2,0,8,2,0,0,4,16,8,4,16,4,16,4,0,0,2,4,0,0,8,2,4,16,8,4,16,4,16,4
1,297,Left,3,9,20,16,1,1,0,0,2,4,0,0,8,2,4,16,8,4,16,4,16,4,2,4,2,0,8,2,0,0,4,16,8,4,16,4,16,4
1,298,Down,3,9,20,16,1,1,2,4,2,0,8,2,0,0,4,16,8,4,16,4,16,4,2,4,2,0,8,2,2,0,4,16,8,0,16,4,16,8
1,299,Down,3,9,20,16,1,1,2,4,2,0,8,2,2,0,4,16,8,0,16,4,16,8,2,4,0,0,8,2,4,2,4,16,8,0,16,4,16,8
1,300,Right,2,9,20,16,1,1,2,4,0,0,8,2,4,2,4,16,8,0,16,4,16,8,0,2,2,4,8,2,4,2,0,4,16,8,16,4,16,8
1,301,Right,2,9,20,16,1,1,0,2,2,4,8,2,4,2,0,4,16,8,16,4,16,8,0,0,4,4,8,2,4,2,2,4,16,8,16,4,16,8
1,302,Down,5,9,20,32,1,1,0,0,4,4,8,2,4,2,2,4,16,8,16,4,16,8,0,0,0,0,8,0,2,4,2,2,8,2,16,8,32,16
1,303,Right,5,9,20,32,1,1,0,0,0,0,8,0,2,4,2,2,8,2,16,8,32,16,0,0,2,0,0,4,2,4,0,4,8,2,16,8,32,16
1,304,Down,6,9,20,32,1,1,0,0,2,0,0,4,2,4,0,4,8,2,16,8,32,16,0,0,2,0,0,0,4,4,0,8,8,2,16,8,32,16
1,305,Right,7,9,20,32,1,1,0,0,2,0,0,0,4,4,0,8,8,2,16,8,32,16,2,0,0,2,0,0,0,8,0,0,16,2,16,8,32,16
1,306,Right,7,9,20,32,1,1,2,0,0,2,0,0,0,8,0,0,16,2,16,8,32,16,0,0,0,4,0,2,0,8,0,0,16,2,16,8,32,16
1,307,Down,6,9,20,32,1,1,0,0,0,4,0,2,0,8,0,0,16,2,16,8,32,16,0,0,0,4,0,0,0,8,2,2,16,2,16,8,32,16
1,308,Left,6,9,20,32,1,1,0,0,0,4,0,0,0,8,2,2,16,2,16,8,32,16,4,2,0,0,8,0,0,0,4,16,2,0,16,8,32,16
1,309,Right,5,9,20,32,1,1,4,2,0,0,8,0,0,0,4,16,2,0,16,8,32,16,0,0,4,2,2,0,0,8,0,4,16,2,16,8,32,16
1,310,Left,4,9,20,32,1,1,0,0,4,2,2,0,0,8,0,4,16,2,16,8,32,16,4,2,0,0,2,4,2,0,4,16,2,0,16,8,32,16
1,311,Down,4,9,21,32,1,1,4,2,0,0,2,4,2,0,4,16,2,0,16,8,32,16,4,2,0,0,2,2,0,2,4,16,4,0,16,8,32,16
1,312,Right,4,9,21,32,1,1,4,2,0,0,2,2,0,2,4,16,4,0,16,8,32,16,0,2,4,2,0,0,2,4,0,4,16,4,16,8,32,16
1,313,Left,3,9,21,32,1,1,0,2,4,2,0,0,2,4,0,4,16,4,16,8,32,16,2,4,2,2,2,2,0,0,4,16,4,0,16,8,32,16
1,314,Down,3,9,21,32,1,1,2,4,2,2,2,2,0,0,4,16,4,0,16,8,32,16,0,4,2,0,4,2,2,0,4,16,4,2,16,8,32,16
1,315,Right,3,9,21,32,1,1,0,4,2,0,4,2,2,0,4,16,4,2,16,8,32,16,0,0,4,2,2,0,4,4,4,16,4,2,16,8,32,16
1,316,Left,3,9,21,32,1,1,0,0,4,2,2,0,4,4,4,16,4,2,16,8,32,16,4,2,0,2,2,4,0,0,4,16,4,2,16,8,32,16
1,317,Down,3,9,22,32,1,1,4,2,0,2,2,4,0,0,4,16,4,2,16,8,32,16,4,2,0,0,2,2,0,2,4,16,4,4,16,8,32,16
1,318,Down,3,9,22,32,1,1,4,2,0,0,2,2,0,2,4,16,4,4,16,8,32,16,4,2,0,0,2,2,0,2,4,16,4,4,16,8,32,16
1,319,Right,4,9,22,32,1,1,4,2,0,0,2,2,0,2,4,16,4,4,16,8,32,16,0,2,4,2,0,0,2,4,0,4,16,8,16,8,32,16
1,320,Left,3,9,22,32,1,1,0,2,4,2,0,0,2,4,0,4,16,8,16,8,32,16,2,4,2,0,2,2,2,0,4,16,8,0,16,8,32,16
1,321,Down,4,9,22,32,1,1,2,4,2,0,2,2,2,0,4,16,8,0,16,8,32,16,0,4,2,0,4,2,4,0,4,16,8,0,16,8,32,16
1,322,Down,4,9,22,32,1,1,0,4,2,0,4,2,4,0,4,16,8,0,16,8,32,16,0,4,2,0,0,2,4,2,8,16,8,0,16,8,32,16
1,323,Down,3,9,22,32,1,1,0,4,2,0,0,2,4,2,8,16,8,0,16,8,32,16,0,4,2,0,0,2,4,2,8,16,8,2,16,8,32,16
1,324,Right,2,9,22,32,1,1,0,4,2,0,0,2,4,2,8,16,8,2,16,8,32,16,2,0,4,2,0,2,4,2,8,16,8,2,16,8,32,16
1,325,Down,3,9,22,32,1,1,2,0,4,2,0,2,4,2,8,16,8,2,16,8,32,16,0,2,0,0,2,2,8,2,8,16,8,4,16,8,32,16
1,326,Down,4,9,22,32,1,1,0,2,0,0,2,2,8,2,8,16,8,4,16,8,32,16,2,0,0,0,2,2,0,2,8,16,16,4,16,8,32,16
1,327,Right,5,9,22,32,1,1,2,0,0,0,2,2,0,2,8,16,16,4,16,8,32,16,0,0,0,2,0,0,2,4,2,8,32,4,16,8,32,16
1,328,Down,7,9,22,64,1,1,0,0,0,2,0,0,2,4,2,8,32,4,16,8,32,16,0,0,0,0,0,2,0,2,2,0,2,8,16,16,64,16
1,329,Down,6,9,22,64,1,1,0,0,0,0,0,2,0,2,2,0,2,8,16,16,64,16,0,0,0,0,0,2,0,2,2,2,2,8,16,16,64,16
1,330,Right,8,9,22,64,1,1,0,0,0,0,0,2,0,2,2,2,2,8,16,16,64,16,0,0,0,0,0,0,2,4,0,2,4,8,0,32,64,16
1,331,Left,7,9,22,64,1,1,0,0,0,0,0,0,2,4,0,2,4,8,0,32,64,16,0,0,0,0,2,2,0,0,2,4,8,0,32,64,16,2
1,332,Down,7,9,22,64,1,1,0,0,0,0,2,2,0,0,2,4,8,0,32,64,16,2,0,2,0,0,0,2,0,0,4,4,8,0,32,64,16,2
1,333,Left,7,9,22,64,1,1,0,2,0,0,0,2,0,0,4,4,8,0,32,64,16,2,2,0,0,0,2,0,0,0,8,8,2,0,32,64,16,2
1,334,Right,7,9,22,64,1,1,2,0,0,0,2,0,0,0,8,8,2,0,32,64,16,2,0,0,2,2,0,0,0,2,0,0,16,2,32,64,16,2
1,335,Right,7,9,22,64,1,1,0,0,2,2,0,0,0,2,0,0,16,2,32,64,16,2,0,0,0,4,0,2,0,2,0,0,16,2,32,64,16,2
1,336,Down,8,9,22,64,1,1,0,0,0,4,0,2,0,2,0,0,16,2,32,64,16,2,0,0,0,0,0,2,0,4,0,2,0,2,32,64,32,4
1,337,Right,8,9,22,64,1,1,0,0,0,0,0,2,0,4,0,2,0,2,32,64,32,4,0,0,0,0,0,2,2,4,0,0,0,4,32,64,32,4
1,338,Right,8,9,22,64,1,1,0,0,0,0,0,2,2,4,0,0,0,4,32,64,32,4,2,0,0,0,0,0,4,4,0,0,0,4,32,64,32,4
1,339,Down,8,9,22,64,1,1,2,0,0,0,0,0,4,4,0,0,0,4,32,64,32,4,0,0,2,0,0,0,0,0,2,0,4,4,32,64,32,8
1,340,Up,7,9,22,64,1,1,0,0,2,0,0,0,0,0,2,0,4,4,32,64,32,8,2,64,2,4,32,0,4,8,0,0,32,0,0,2,0,0
1,341,Right,6,9,22,64,1,1,2,64,2,4,32,0,4,8,0,0,32,0,0,2,0,0,2,64,2,4,0,16,4,8,0,0,2,32,0,0,0,2
1,342,Left,5,9,22,64,1,1,2,64,2,4,0,16,4,8,0,0,2,32,0,0,0,2,2,64,2,4,16,2,8,0,2,32,0,2,2,0,0,0
1,343,Down,5,9,22,32,1,1,2,64,2,4,16,2,8,0,2,32,0,2,2,0,0,0,0,0,0,0,2,32,0,2,16,2,2,4,4,32,8,2
1,344,Right,5,9,22,32,1,1,0,0,0,0,2,32,0,2,16,2,2,4,4,32,8,2,0,0,2,0,0,2,32,2,0,16,4,4,4,32,8,2
1,345,Right,5,9,22,32,1,1,0,0,2,0,0,2,32,2,0,16,4,4,4,32,8,2,0,0,0,2,0,2,32,2,2,0,16,8,4,32,8,2
1,346,Down,5,9,22,32,1,1,0,0,0,2,0,2,32,2,2,0,16,8,4,32,8,2,0,0,2,0,0,0,32,4,2,2,16,8,4,32,8,2
1,347,Right,5,9,22,32,1,1,0,0,2,0,0,0,32,4,2,2,16,8,4,32,8,2,0,0,2,2,0,0,32,4,0,4,16,8,4,32,8,2
1,348,Left,5,9,22,32,1,1,0,0,2,2,0,0,32,4,0,4,16,8,4,32,8,2,4,2,0,0,32,2,0,0,4,16,8,0,4,32,8,2
1,349,Up,7,9,22,32,1,1,4,2,0,0,32,2,0,0,4,16,8,0,4,32,8,2,4,4,16,2,32,8,0,2,8,32,0,0,0,0,0,0
1,350,Right,7,9,22,32,1,1,4,4,16,2,32,8,0,2,8,32,0,0,0,0,0,0,0,8,16,2,2,16,8,2,0,0,8,32,0,0,0,0
1,351,Down,8,9,22,32,1,1,0,8,16,2,2,16,8,2,0,0,8,32,0,0,0,0,0,0,2,0,0,0,0,0,0,8,16,4,2,16,16,32
1,352,Right,8,9,22,32,1,1,0,0,2,0,0,0,0,0,0,8,16,4,2,16,16,32,0,0,0,2,0,0,0,0,2,8,16,4,0,2,32,32
1,353,Right,8,9,22,64,1,1,0,0,0,2,0,0,0,0,2,8,16,4,0,2,32,32,0,0,2,2,0,0,0,0,2,8,16,4,0,0,2,64
1,354,Right,8,9,22,64,1,1,0,0,2,2,0,0,0,0,2,8,16,4,0,0,2,64,0,0,0,4,0,2,0,0,2,8,16,4,0,0,2,64
1,355,Right,7,9,22,64,1,1,0,0,0,4,0,2,0,0,2,8,16,4,0,0,2,64,0,0,2,4,0,0,0,2,2,8,16,4,0,0,2,64
1,356,Down,6,9,22,64,1,1,0,0,2,4,0,0,0,2,2,8,16,4,0,0,2,64,0,2,0,4,0,0,2,2,0,0,16,4,2,8,2,64
1,357,Right,6,9,22,64,1,1,0,2,0,4,0,0,2,2,0,0,16,4,2,8,2,64,2,0,2,4,0,0,0,4,0,0,16,4,2,8,2,64
1,358,Right,6,9,22,64,1,1,2,0,2,4,0,0,0,4,0,0,16,4,2,8,2,64,0,0,4,4,0,0,0,4,2,0,16,4,2,8,2,64
1,359,Right,6,9,22,64,1,1,0,0,4,4,0,0,0,4,2,0,16,4,2,8,2,64,0,0,0,8,0,0,0,4,2,2,16,4,2,8,2,64
1,360,Down,7,9,22,64,1,1,0,0,0,8,0,0,0,4,2,2,16,4,2,8,2,64,0,0,0,0,0,0,2,8,0,2,16,8,4,8,2,64
1,361,Down,7,9,22,64,1,1,0,0,0,0,0,0,2,8,0,2,16,8,4,8,2,64,0,0,0,0,0,2,2,0,0,2,16,16,4,8,2,64
1,362,Down,7,9,22,64,1,1,0,0,0,0,0,2,2,0,0,2,16,16,4,8,2,64,0,0,0,0,2,0,2,0,0,4,16,16,4,8,2,64
1,363,Right,8,9,22,64,1,1,0,0,0,0,2,0,2,0,0,4,16,16,4,8,2,64,2,0,0,0,0,0,0,4,0,0,4,32,4,8,2,64
1,364,Right,7,9,22,64,1,1,2,0,0,0,0,0,0,4,0,0,4,32,4,8,2,64,0,0,0,2,0,0,0,4,0,2,4,32,4,8,2,64
1,365,Up,6,9,22,64,1,1,0,0,0,2,0,0,0,4,0,2,4,32,4,8,2,64,4,2,4,2,0,4,2,4,0,0,2,32,0,0,0,64
1,366,Down,6,9,22,64,1,1,4,2,4,2,0,4,2,4,0,0,2,32,0,0,0,64,0,0,0,2,0,0,0,4,2,2,4,32,4,4,4,64
1,367,Right,7,9,22,64,1,1,0,0,0,2,0,0,0,4,2,2,4,32,4,4,4,64,0,0,2,2,0,0,0,4,0,4,4,32,0,4,8,64
1,368,Up,7,9,22,64,1,1,0,0,2,2,0,0,0,4,0,4,4,32,0,4,8,64,0,8,2,2,0,0,4,4,0,2,8,32,0,0,0,64
1,369,Right,8,9,22,64,1,1,0,8,2,2,0,0,4,4,0,2,8,32,0,0,0,64,0,0,8,4,0,0,0,8,0,2,8,32,0,0,2,64
1,370,Down,8,9,22,64,1,1,0,0,8,4,0,0,0,8,0,2,8,32,0,0,2,64,0,2,0,4,0,0,0,8,0,0,16,32,0,2,2,64
1,371,Right,8,9,22,64,1,1,0,2,0,4,0,0,0,8,0,0,16,32,0,2,2,64,0,0,2,4,0,0,0,8,0,2,16,32,0,0,4,64
1,372,Up,7,9,22,64,1,1,0,0,2,4,0,0,0,8,0,2,16,32,0,0,4,64,0,2,2,4,2,0,16,8,0,0,4,32,0,0,0,64
1,373,Right,7,9,22,64,1,1,0,2,2,4,2,0,16,8,0,0,4,32,0,0,0,64,0,0,4,4,2,2,16,8,0,0,4,32,0,0,0,64
1,374,Down,6,9,22,64,1,1,0,0,4,4,2,2,16,8,0,0,4,32,0,0,0,64,0,0,2,4,0,0,4,8,0,0,16,32,2,2,4,64
1,375,Right,6,9,22,64,1,1,0,0,2,4,0,0,4,8,0,0,16,32,2,2,4,64,0,0,2,4,2,0,4,8,0,0,16,32,0,4,4,64
1,376,Down,5,9,22,64,1,1,0,0,2,4,2,0,4,8,0,0,16,32,0,4,4,64,0,0,2,4,0,0,4,8,0,2,16,32,2,4,4,64
1,377,Up,4,9,22,64,1,1,0,0,2,4,0,0,4,8,0,2,16,32,2,4,4,64,2,2,2,4,0,2,4,8,2,0,16,32,0,0,4,64
1,378,Right,4,9,22,64,1,1,2,2,2,4,0,2,4,8,2,0,16,32,0,0,4,64,2,2,4,4,0,2,4,8,0,2,16,32,0,0,4,64
1,379,Down,5,9,22,64,1,1,2,2,4,4,0,2,4,8,0,2,16,32,0,0,4,64,0,2,0,4,0,0,8,8,0,2,16,32,2,4,4,64
1,380,Right,6,9,22,64,1,1,0,2,0,4,0,0,8,8,0,2,16,32,2,4,4,64,0,0,2,4,0,0,0,16,2,2,16,32,0,2,8,64
1,381,Right,6,9,22,64,1,1,0,0,2,4,0,0,0,16,2,2,16,32,0,2,8,64,0,0,2,4,0,0,2,16,0,4,16,32,0,2,8,64
1,382,Up,6,9,22,64,1,1,0,0,2,4,0,0,2,16,0,4,16,32,0,2,8,64,0,4,4,4,0,2,16,16,0,0,8,32,0,0,2,64
1,383,Right,7,9,22,64,1,1,0,4,4,4,0,2,16,16,0,0,8,32,0,0,2,64,0,0,4,8,0,0,2,32,0,0,8,32,2,0,2,64
1,384,Right,7,9,22,64,1,1,0,0,4,8,0,0,2,32,0,0,8,32,2,0,2,64,2,0,4,8,0,0,2,32,0,0,8,32,0,0,4,64
1,385,Down,7,9,22,64,1,1,2,0,4,8,0,0,2,32,0,0,8,32,0,0,4,64,2,0,4,0,0,0,2,8,0,0,8,64,2,0,4,64
1,386,Down,8,9,22,128,1,1,2,0,4,0,0,0,2,8,0,0,8,64,2,0,4,64,0,0,4,0,0,0,2,0,0,2,8,8,4,0,4,128
1,387,Down,7,9,22,128,1,1,0,0,4,0,0,0,2,0,0,2,8,8,4,0,4,128,0,0,4,0,0,0,2,0,2,0,8,8,4,2,4,128
1,388,Right,7,9,22,128,1,1,0,0,4,0,0,0,2,0,2,0,8,8,4,2,4,128,0,0,0,4,2,0,0,2,0,0,2,16,4,2,4,128
1,389,Right,7,9,22,128,1,1,0,0,0,4,2,0,0,2,0,0,2,16,4,2,4,128,0,0,0,4,0,2,0,4,0,0,2,16,4,2,4,128
1,390,Right,6,9,22,128,1,1,0,0,0,4,0,2,0,4,0,0,2,16,4,2,4,128,0,2,0,4,0,0,2,4,0,0,2,16,4,2,4,128
1,391,Down,8,9,22,128,1,1,0,2,0,4,0,0,2,4,0,0,2,16,4,2,4,128,0,0,0,0,2,0,0,8,0,0,4,16,4,4,4,128
1,392,Right,8,9,22,128,1,1,0,0,0,0,2,0,0,8,0,0,4,16,4,4,4,128,0,0,0,2,0,0,2,8,0,0,4,16,0,4,8,128
1,393,Up,7,9,22,128,1,1,0,0,0,2,0,0,2,8,0,0,4,16,0,4,8,128,0,4,2,2,0,0,4,8,0,0,8,16,0,0,2,128
1,394,Right,7,9,22,128,1,1,0,4,2,2,0,0,4,8,0,0,8,16,0,0,2,128,0,0,4,4,0,0,4,8,0,0,8,16,2,0,2,128
1,395,Down,7,9,22,128,1,1,0,0,4,4,0,0,4,8,0,0,8,16,2,0,2,128,0,0,0,4,0,0,8,8,0,0,8,16,2,2,2,128
1,396,Right,8,9,22,128,1,1,0,0,0,4,0,0,8,8,0,0,8,16,2,2,2,128,2,0,0,4,0,0,0,16,0,0,8,16,0,2,4,128
1,397,Down,8,9,22,128,1,1,2,0,0,4,0,0,0,16,0,0,8,16,0,2,4,128,0,2,0,0,0,0,0,4,0,0,8,32,2,2,4,128
1,398,Down,8,9,22,128,1,1,0,2,0,0,0,0,0,4,0,0,8,32,2,2,4,128,0,2,0,0,0,0,0,4,0,0,8,32,2,4,4,128
1,399,Right,8,9,22,128,1,1,0,2,0,0,0,0,0,4,0,0,8,32,2,4,4,128,0,2,0,2,0,0,0,4,0,0,8,32,0,2,8,128
1,400,Up,9,9,22,128,1,1,0,2,0,2,0,0,0,4,0,0,8,32,0,2,8,128,0,4,16,2,0,0,0,4,0,2,0,32,0,0,0,128
1,401,Down,8,9,22,128,1,1,0,4,16,2,0,0,0,4,0,2,0,32,0,0,0,128,0,0,0,2,0,0,0,4,2,4,0,32,0,2,16,128
1,402,Right,7,9,22,128,1,1,0,0,0,2,0,0,0,4,2,4,0,32,0,2,16,128,0,0,0,2,0,0,0,4,0,2,4,32,2,2,16,128
1,403,Right,7,9,22,128,1,1,0,0,0,2,0,0,0,4,0,2,4,32,2,2,16,128,0,0,0,2,0,0,2,4,0,2,4,32,0,4,16,128
1,404,Up,6,9,22,128,1,1,0,0,0,2,0,0,2,4,0,2,4,32,0,4,16,128,0,2,2,2,2,2,4,4,0,0,16,32,0,0,0,128
1,405,Right,8,9,22,128,1,1,0,2,2,2,2,2,4,4,0,0,16,32,0,0,0,128,0,0,2,4,2,0,4,8,0,0,16,32,0,0,0,128
1,406,Down,7,9,22,128,1,1,0,0,2,4,2,0,4,8,0,0,16,32,0,0,0,128,0,0,2,4,0,0,2,8,0,0,4,32,2,0,16,128
1,407,Down,7,9,22,128,1,1,0,0,2,4,0,0,2,8,0,0,4,32,2,0,16,128,0,0,0,4,0,2,4,8,0,0,4,32,2,0,16,128
1,408,Down,7,9,22,128,1,1,0,0,0,4,0,2,4,8,0,0,4,32,2,0,16,128,0,2,0,4,0,0,0,8,0,0,8,32,2,2,16,128
1,409,Down,7,9,22,128,1,1,0,2,0,4,0,0,0,8,0,0,8,32,2,2,16,128,0,0,0,4,2,0,0,8,0,0,8,32,2,4,16,128
1,410,Right,6,9,22,128,1,1,0,0,0,4,2,0,0,8,0,0,8,32,2,4,16,128,0,0,0,4,0,0,2,8,2,0,8,32,2,4,16,128
1,411,Up,6,9,22,128,1,1,0,0,0,4,0,0,2,8,2,0,8,32,2,4,16,128,4,4,2,4,0,0,8,8,0,0,16,32,0,2,0,128
1,412,Down,5,9,22,128,1,1,4,4,2,4,0,0,8,8,0,0,16,32,0,2,0,128,0,0,0,4,0,2,2,8,0,4,8,32,4,2,16,128
1,413,Right,5,9,22,128,1,1,0,0,0,4,0,2,2,8,0,4,8,32,4,2,16,128,0,0,0,4,0,2,4,8,0,4,8,32,4,2,16,128
1,414,Up,4,9,22,128,1,1,0,0,0,4,0,2,4,8,0,4,8,32,4,2,16,128,4,2,4,4,0,2,8,8,2,2,16,32,0,0,0,128
1,415,Right,6,9,22,128,1,1,4,2,4,4,0,2,8,8,2,2,16,32,0,0,0,128,0,4,2,8,0,0,2,16,2,4,16,32,0,0,0,128
1,416,Down,7,9,22,128,1,1,0,4,2,8,0,0,2,16,2,4,16,32,0,0,0,128,0,0,2,8,0,0,0,16,0,0,4,32,2,8,16,128
1,417,Down,6,9,22,128,1,1,0,0,2,8,0,0,0,16,0,0,4,32,2,8,16,128,0,0,0,8,2,0,2,16,0,0,4,32,2,8,16,128
1,418,Right,6,9,22,128,1,1,0,0,0,8,2,0,2,16,0,0,4,32,2,8,16,128,0,0,0,8,0,0,4,16,2,0,4,32,2,8,16,128
1,419,Down,7,9,22,128,1,1,0,0,0,8,0,0,4,16,2,0,4,32,2,8,16,128,2,0,0,8,0,0,0,16,0,0,8,32,4,8,16,128
1,420,Right,6,9,22,128,1,1,2,0,0,8,0,0,0,16,0,0,8,32,4,8,16,128,2,0,2,8,0,0,0,16,0,0,8,32,4,8,16,128
1,421,Up,5,9,22,128,1,1,2,0,2,8,0,0,0,16,0,0,8,32,4,8,16,128,2,8,2,8,4,0,8,16,0,0,16,32,2,0,0,128
1,422,Down,4,9,22,128,1,1,2,8,2,8,4,0,8,16,0,0,16,32,2,0,0,128,0,0,0,8,2,2,2,16,4,0,8,32,2,8,16,128
1,423,Right,4,9,22,128,1,1,0,0,0,8,2,2,2,16,4,0,8,32,2,8,16,128,0,0,0,8,0,2,4,16,2,4,8,32,2,8,16,128
1,424,Up,4,9,22,128,1,1,0,0,0,8,0,2,4,16,2,4,8,32,2,8,16,128,4,2,4,8,0,2,8,16,0,8,16,32,0,0,2,128
1,425,Down,4,9,22,128,1,1,4,2,4,8,0,2,8,16,0,8,16,32,0,0,2,128,0,0,4,8,2,0,8,16,0,4,16,32,4,8,2,128
1,426,Right,3,9,22,128,1,1,0,0,4,8,2,0,8,16,0,4,16,32,4,8,2,128,2,0,4,8,0,2,8,16,0,4,16,32,4,8,2,128
1,427,Down,2,9,22,128,1,1,2,0,4,8,0,2,8,16,0,4,16,32,4,8,2,128,0,0,4,8,2,2,8,16,2,4,16,32,4,8,2,128
1,428,Right,2,9,22,128,1,1,0,0,4,8,2,2,8,16,2,4,16,32,4,8,2,128,2,0,4,8,0,2,8,16,2,4,16,32,4,8,2,128
1,429,Right,1,9,22,128,1,1,2,0,4,8,0,2,8,16,2,4,16,32,4,8,2,128,2,2,4,8,0,2,8,16,2,4,16,32,4,8,2,128
1,430,Down,2,9,22,128,1,1,2,2,4,8,0,2,8,16,2,4,16,32,4,8,2,128,2,0,4,8,0,2,8,16,4,4,16,32,4,8,2,128
1,431,Right,2,9,22,128,1,1,2,0,4,8,0,2,8,16,4,4,16,32,4,8,2,128,0,2,4,8,0,2,8,16,2,8,16,32,4,8,2,128
1,432,Up,3,9,22,128,1,1,0,2,4,8,0,2,8,16,2,8,16,32,4,8,2,128,2,4,4,8,4,8,8,16,0,0,16,32,0,2,2,128
1,433,Right,5,9,22,128,1,1,2,4,4,8,4,8,8,16,0,0,16,32,0,2,2,128,0,2,8,8,0,2,16,16,2,0,16,32,0,0,4,128
1,434,Down,6,9,22,128,1,1,0,2,8,8,0,2,16,16,2,0,16,32,0,0,4,128,0,0,0,8,2,0,8,16,0,0,32,32,2,4,4,128
1,435,Down,6,9,22,128,1,1,0,0,0,8,2,0,8,16,0,0,32,32,2,4,4,128,0,0,0,8,0,2,8,16,0,0,32,32,4,4,4,128
1,436,Right,7,9,22,128,1,1,0,0,0,8,0,2,8,16,0,0,32,32,4,4,4,128,0,0,0,8,2,2,8,16,0,0,0,64,0,4,8,128
1,437,Down,7,9,22,128,1,1,0,0,0,8,2,2,8,16,0,0,0,64,0,4,8,128,0,0,0,8,0,0,0,16,0,2,2,64,2,4,16,128
1,438,Right,7,9,22,128,1,1,0,0,0,8,0,0,0,16,0,2,2,64,2,4,16,128,0,0,2,8,0,0,0,16,0,0,4,64,2,4,16,128
1,439,Down,6,9,22,128,1,1,0,0,2,8,0,0,0,16,0,0,4,64,2,4,16,128,0,0,0,8,0,0,2,16,0,2,4,64,2,4,16,128
1,440,Up,5,9,22,128,1,1,0,0,0,8,0,0,2,16,0,2,4,64,2,4,16,128,2,2,2,8,0,2,4,16,2,0,16,64,0,0,0,128
1,441,Down,6,9,22,128,1,1,2,2,2,8,0,2,4,16,2,0,16,64,0,0,0,128,0,0,0,8,2,0,2,16,0,0,4,64,4,4,16,128
1,442,Right,7,9,22,128,1,1,0,0,0,8,2,0,2,16,0,0,4,64,4,4,16,128,0,0,0,8,0,0,4,16,2,0,4,64,0,8,16,128
1,443,Right,6,9,22,128,1,1,0,0,0,8,0,0,4,16,2,0,4,64,0,8,16,128,2,0,0,8,0,0,4,16,0,2,4,64,0,8,16,128
1,444,Up,6,9,22,128,1,1,2,0,0,8,0,0,4,16,0,2,4,64,0,8,16,128,2,2,8,8,2,4,16,16,0,0,0,64,0,0,0,128
1,445,Down,6,9,22,128,1,1,2,2,8,8,2,4,16,16,0,0,0,64,0,0,0,128,0,0,2,8,0,0,0,16,0,2,8,64,4,4,16,128
1,446,Right,6,9,22,128,1,1,0,0,2,8,0,0,0,16,0,2,8,64,4,4,16,128,0,0,2,8,0,0,0,16,0,2,8,64,2,8,16,128
1,447,Up,5,9,22,128,1,1,0,0,2,8,0,0,0,16,0,2,8,64,2,8,16,128,2,2,2,8,0,4,8,16,0,0,16,64,0,2,0,128
1,448,Down,4,9,23,128,1,1,2,2,2,8,0,4,8,16,0,0,16,64,0,2,0,128,2,0,0,8,0,2,2,16,0,4,8,64,2,2,16,128
1,449,Right,5,9,23,128,1,1,2,0,0,8,0,2,2,16,0,4,8,64,2,2,16,128,0,2,2,8,0,0,4,16,0,4,8,64,0,4,16,128
1,450,Down,5,9,23,128,1,1,0,2,2,8,0,0,4,16,0,4,8,64,0,4,16,128,2,0,2,8,0,0,4,16,0,2,8,64,0,8,16,128
1,451,Up,4,9,23,128,1,1,2,0,2,8,0,0,4,16,0,2,8,64,0,8,16,128,2,2,2,8,0,4,4,16,0,2,8,64,0,0,16,128
1,452,Down,3,9,24,128,1,1,2,2,2,8,0,4,4,16,0,2,8,64,0,0,16,128,0,0,2,8,0,2,4,16,2,4,8,64,2,2,16,128
1,453,Up,3,9,24,128,1,1,0,0,2,8,0,2,4,16,2,4,8,64,2,2,16,128,4,2,2,8,0,2,4,16,0,2,8,64,2,0,16,128
1,454,Down,3,9,24,128,1,1,4,2,2,8,0,2,4,16,0,2,8,64,2,0,16,128,0,0,2,8,0,2,4,16,4,2,8,64,2,4,16,128
1,455,Up,3,9,24,128,1,1,0,0,2,8,0,2,4,16,4,2,8,64,2,4,16,128,4,4,2,8,2,2,4,16,2,0,8,64,0,0,16,128
1,456,Down,3,9,24,128,1,1,4,4,2,8,2,2,4,16,2,0,8,64,0,0,16,128,2,0,2,8,0,0,4,16,4,4,8,64,4,2,16,128
1,457,Up,3,9,24,128,1,1,2,0,2,8,0,0,4,16,4,4,8,64,4,2,16,128,2,4,2,8,8,2,4,16,0,2,8,64,0,0,16,128
1,458,Down,3,9,24,128,1,1,2,4,2,8,8,2,4,16,0,2,8,64,0,0,16,128,2,0,2,8,0,0,4,16,2,4,8,64,8,4,16,128
1,459,Up,4,9,24,128,1,1,2,0,2,8,0,0,4,16,2,4,8,64,8,4,16,128,4,8,2,8,8,2,4,16,0,0,8,64,0,0,16,128
1,460,Down,3,9,24,128,1,1,4,8,2,8,8,2,4,16,0,0,8,64,0,0,16,128,0,2,2,8,0,0,4,16,4,8,8,64,8,2,16,128
1,461,Up,2,9,24,128,1,1,0,2,2,8,0,0,4,16,4,8,8,64,8,2,16,128,4,2,2,8,8,4,4,16,0,2,8,64,0,2,16,128
1,462,Down,2,9,25,128,1,1,4,2,2,8,8,4,4,16,0,2,8,64,0,2,16,128,0,2,2,8,0,2,4,16,4,4,8,64,8,4,16,128
1,463,Right,3,9,25,128,1,1,0,2,2,8,0,2,4,16,4,4,8,64,8,4,16,128,0,2,4,8,0,2,4,16,0,8,8,64,8,4,16,128
1,464,Right,3,9,25,128,1,1,0,2,4,8,0,2,4,16,0,8,8,64,8,4,16,128,0,2,4,8,2,2,4,16,0,0,16,64,8,4,16,128
1,465,Down,5,9,25,128,1,1,0,2,4,8,2,2,4,16,0,0,16,64,8,4,16,128,0,2,0,8,0,0,0,16,2,4,8,64,8,4,32,128
1,466,Down,5,9,25,128,1,1,0,2,0,8,0,0,0,16,2,4,8,64,8,4,32,128,0,0,0,8,0,0,2,16,2,2,8,64,8,8,32,128
1,467,Right,6,9,25,128,1,1,0,0,0,8,0,0,2,16,2,2,8,64,8,8,32,128,0,0,0,8,0,0,2,16,0,4,8,64,2,16,32,128
1,468,Up,5,9,25,128,1,1,0,0,0,8,0,0,2,16,0,4,8,64,2,16,32,128,2,4,2,8,0,8,8,16,0,0,32,64,0,2,0,128
1,469,Down,4,9,25,128,1,1,2,4,2,8,0,8,8,16,0,0,32,64,0,2,0,128,2,0,0,8,0,2,2,16,0,8,8,64,2,2,32,128
1,470,Right,6,9,25,128,1,1,2,0,0,8,0,2,2,16,0,8,8,64,2,2,32,128,0,0,2,8,0,0,4,16,0,2,16,64,0,4,32,128
1,471,Up,5,9,25,128,1,1,0,0,2,8,0,0,4,16,0,2,16,64,0,4,32,128,0,2,2,8,0,2,4,16,2,0,16,64,0,0,32,128
1,472,Down,5,9,25,128,1,1,0,2,2,8,0,2,4,16,2,0,16,64,0,0,32,128,0,0,2,8,2,0,4,16,0,0,16,64,2,4,32,128
1,473,Right,4,9,25,128,1,1,0,0,2,8,2,0,4,16,0,0,16,64,2,4,32,128,2,0,2,8,0,2,4,16,0,0,16,64,2,4,32,128
1,474,Up,4,9,25,128,1,1,2,0,2,8,0,2,4,16,0,0,16,64,2,4,32,128,4,2,2,8,2,2,4,16,0,0,16,64,0,0,32,128
1,475,Right,5,9,25,128,1,1,4,2,2,8,2,2,4,16,0,0,16,64,0,0,32,128,2,4,4,8,0,2,4,16,0,0,16,64,0,0,32,128
1,476,Down,5,9,25,128,1,1,2,4,4,8,0,2,4,16,0,0,16,64,0,0,32,128,2,0,0,8,0,0,8,16,0,4,16,64,2,2,32,128
1,477,Up,5,9,25,128,1,1,2,0,0,8,0,0,8,16,0,4,16,64,2,2,32,128,4,4,8,8,0,2,16,16,0,0,32,64,2,0,0,128
1,478,Down,4,9,25,128,1,1,4,4,8,8,0,2,16,16,0,0,32,64,2,0,0,128,0,0,0,8,0,2,8,16,4,4,16,64,2,2,32,128
1,479,Up,3,9,25,128,1,1,0,0,0,8,0,2,8,16,4,4,16,64,2,2,32,128,4,2,8,8,2,2,16,16,0,2,32,64,0,2,0,128
1,480,Right,5,9,25,128,1,1,4,2,8,8,2,2,16,16,0,2,32,64,0,2,0,128,2,4,2,16,0,0,4,32,0,2,32,64,0,0,2,128
1,481,Down,4,9,25,128,1,1,2,4,2,16,0,0,4,32,0,2,32,64,0,0,2,128,2,0,2,16,0,0,4,32,0,4,32,64,2,2,2,128
1,482,Left,5,9,25,128,1,1,2,0,2,16,0,0,4,32,0,4,32,64,2,2,2,128,4,16,0,0,4,16,0,0,4,32,64,0,4,2,128,2
1,483,Right,4,9,25,128,1,1,4,16,0,0,4,16,0,0,4,32,64,0,4,2,128,2,0,0,4,16,0,2,4,16,0,4,32,64,4,2,128,2
1,484,Down,5,9,25,128,1,1,0,0,4,16,0,2,4,16,0,4,32,64,4,2,128,2,0,0,0,0,0,2,8,32,2,4,32,64,4,2,128,2
1,485,Left,4,9,25,128,1,1,0,0,0,0,0,2,8,32,2,4,32,64,4,2,128,2,0,0,2,0,2,4,32,0,2,4,32,64,4,2,128,2
1,486,Down,6,9,25,128,1,1,0,0,2,0,2,4,32,0,2,4,32,64,4,2,128,2,0,2,0,0,0,0,2,0,4,8,64,64,4,2,128,2
1,487,Right,6,9,25,128,1,1,0,2,0,0,0,0,2,0,4,8,64,64,4,2,128,2,0,0,0,2,2,0,0,2,0,4,8,128,4,2,128,2
1,488,Left,6,9,25,128,1,1,0,0,0,2,2,0,0,2,0,4,8,128,4,2,128,2,2,0,0,0,4,0,0,0,4,8,128,2,4,2,128,2
1,489,Down,8,9,25,256,1,1,2,0,0,0,4,0,0,0,4,8,128,2,4,2,128,2,0,0,0,0,2,0,2,0,4,8,0,0,8,2,256,4
2,0,Up,14,0,0,4,2,1,0,0,0,0,0,0,0,2,0,0,0,0,0,0,0,2,0,0,0,4,0,0,0,0,0,0,2,0,0,0,0,0
2,1,Right,13,0,0,4,2,1,0,0,0,4,0,0,0,0,0,0,2,0,0,0,0,0,0,2,0,4,0,0,0,0,0,0,0,2,0,0,0,0
2,2,Up,12,0,0,4,2,1,0,2,0,4,0,0,0,0,0,0,0,2,0,0,0,0,0,2,0,4,0,0,0,2,0,0,0,0,0,0,0,2
2,3,Right,11,0,0,4,2,1,0,2,0,4,0,0,0,2,0,0,0,0,0,0,0,2,0,0,2,4,0,0,0,2,0,0,0,0,0,2,0,2
2,4,Up,11,0,0,4,2,1,0,0,2,4,0,0,0,2,0,0,0,0,0,2,0,2,0,2,2,4,0,2,0,4,0,0,0,0,0,0,0,0
2,5,Right,11,0,0,4,2,1,0,2,2,4,0,2,0,4,0,0,0,0,0,0,0,0,0,2,4,4,0,0,2,4,0,0,0,0,0,0,0,0
2,6,Up,11,0,0,8,2,1,0,2,4,4,0,0,2,4,0,0,0,0,0,0,0,0,0,2,4,8,0,0,2,0,2,0,0,0,0,0,0,0
2,7,Right,10,0,0,8,2,1,0,2,4,8,0,0,2,0,2,0,0,0,0,0,0,0,0,2,4,8,2,0,0,2,0,0,0,2,0,0,0,0
2,8,Right,10,0,0,8,2,1,0,2,4,8,2,0,0,2,0,0,0,2,0,0,0,0,0,2,4,8,0,0,0,4,0,0,0,2,0,0,0,2
2,9,Up,10,0,0,8,2,1,0,2,4,8,0,0,0,4,0,0,0,2,0,0,0,2,0,2,4,8,0,0,0,4,0,0,0,4,2,0,0,0
2,10,Right,9,0,0,8,2,1,0,2,4,8,0,0,0,4,0,0,0,4,2,0,0,0,0,2,4,8,0,0,2,4,0,0,0,4,0,0,0,2
2,11,Up,9,0,0,8,2,1,0,2,4,8,0,0,2,4,0,0,0,4,0,0,0,2,0,2,4,8,0,0,2,8,0,0,0,2,0,2,0,0
2,12,Up,10,0,0,16,2,1,0,2,4,8,0,0,2,8,0,0,0,2,0,2,0,0,0,4,4,16,0,0,2,2,0,0,0,0,0,0,2,0
2,13,Right,11,0,0,16,2,1,0,4,4,16,0,0,2,2,0,0,0,0,0,0,2,0,0,0,8,16,0,2,0,4,0,0,0,0,0,0,0,2
2,14,Right,10,0,0,16,2,1,0,0,8,16,0,2,0,4,0,0,0,0,0,0,0,2,0,0,8,16,0,0,2,4,0,2,0,0,0,0,0,2
2,15,Up,9,0,0,16,2,1,0,0,8,16,0,0,2,4,0,2,0,0,0,0,0,2,0,2,8,16,0,0,2,4,0,0,0,2,0,2,0,0
2,16,Right,8,0,0,16,2,1,0,2,8,16,0,0,2,4,0,0,0,2,0,2,0,0,0,2,8,16,0,0,2,4,0,0,0,2,0,2,0,2
2,17,Up,9,0,0,16,2,1,0,2,8,16,0,0,2,4,0,0,0,2,0,2,0,2,0,4,8,16,2,0,2,4,0,0,0,4,0,0,0,0
2,18,Right,9,0,0,16,2,1,0,4,8,16,2,0,2,4,0,0,0,4,0,0,0,0,0,4,8,16,0,0,4,4,2,0,0,4,0,0,0,0
2,19,Up,9,0,0,16,2,1,0,4,8,16,0,0,4,4,2,0,0,4,0,0,0,0,2,4,8,16,0,2,4,8,0,0,0,0,0,0,0,0
2,20,Left,8,0,0,16,2,1,2,4,8,16,0,2,4,8,0,0,0,0,0,0,0,0,2,4,8,16,2,4,8,0,0,0,2,0,0,0,0,0
2,21,Up,10,0,0,16,2,1,2,4,8,16,2,4,8,0,0,0,2,0,0,0,0,0,4,8,16,16,0,0,2,0,0,0,0,2,0,0,0,0
2,22,Right,10,0,0,32,2,1,4,8,16,16,0,0,2,0,0,0,0,2,0,0,0,0,0,4,8,32,0,0,0,2,0,0,0,2,0,2,0,0
2,23,Right,9,0,0,32,2,1,0,4,8,32,0,0,0,2,0,0,0,2,0,2,0,0,0,4,8,32,2,0,0,2,0,0,0,2,0,0,0,2
2,24,Up,9,0,0,32,2,1,0,4,8,32,2,0,0,2,0,0,0,2,0,0,0,2,2,4,8,32,0,0,0,4,0,0,2,2,0,0,0,0
2,25,Right,9,0,0,32,2,1,2,4,8,32,0,0,0,4,0,0,2,2,0,0,0,0,2,4,8,32,0,0,0,4,2,0,0,4,0,0,0,0
2,26,Right,8,0,0,32,2,1,2,4,8,32,0,0,0,4,2,0,0,4,0,0,0,0,2,4,8,32,0,0,0,4,0,2,2,4,0,0,0,0
2,27,Up,8,0,0,32,2,1,2,4,8,32,0,0,0,4,0,2,2,4,0,0,0,0,2,4,8,32,0,2,2,8,0,0,2,0,0,0,0,0
2,28,Left,8,0,0,32,2,1,2,4,8,32,0,2,2,8,0,0,2,0,0,0,0,0,2,4,8,32,4,8,0,0,2,0,0,0,0,0,0,2
2,29,Up,7,0,0,32,2,1,2,4,8,32,4,8,0,0,2,0,0,0,0,0,0,2,2,4,8,32,4,8,0,2,2,0,0,0,0,0,0,2
2,30,Right,6,0,0,32,2,1,2,4,8,32,4,8,0,2,2,0,0,0,0,0,0,2,2,4,8,32,2,4,8,2,0,0,0,2,0,0,0,2
2,31,Up,9,0,0,32,2,1,2,4,8,32,2,4,8,2,0,0,0,2,0,0,0,2,4,8,16,32,0,0,0,4,0,0,2,2,0,0,0,0
2,32,Right,9,0,0,32,2,1,4,8,16,32,0,0,0,4,0,0,2,2,0,0,0,0,4,8,16,32,0,0,0,4,0,0,0,4,0,0,0,2
2,33,Up,9,0,0,32,2,1,4,8,16,32,0,0,0,4,0,0,0,4,0,0,0,2,4,8,16,32,0,0,0,8,0,0,2,2,0,0,0,0
2,34,Left,9,0,0,32,2,1,4,8,16,32,0,0,0,8,0,0,2,2,0,0,0,0,4,8,16,32,8,0,0,0,4,0,0,0,2,0,0,0
2,35,Right,8,0,0,32,2,1,4,8,16,32,8,0,0,0,4,0,0,0,2,0,0,0,4,8,16,32,0,2,0,8,0,0,0,4,0,0,0,2
2,36,Left,7,0,0,32,2,1,4,8,16,32,0,2,0,8,0,0,0,4,0,0,0,2,4,8,16,32,2,8,0,2,4,0,0,0,2,0,0,0
2,37,Left,6,0,0,32,2,1,4,8,16,32,2,8,0,2,4,0,0,0,2,0,0,0,4,8,16,32,2,8,2,0,4,0,0,0,2,0,2,0
2,38,Up,7,0,0,32,2,1,4,8,16,32,2,8,2,0,4,0,0,0,2,0,2,0,4,16,16,32,2,0,4,0,4,0,0,0,2,0,0,2
2,39,Right,8,0,0,32,2,1,4,16,16,32,2,0,4,0,4,0,0,0,2,0,0,2,0,4,32,32,0,0,2,4,2,0,0,4,0,0,0,4
2,40,Right,8,0,0,64,2,1,0,4,32,32,0,0,2,4,2,0,0,4,0,0,0,4,0,0,4,64,0,0,2,4,0,2,2,4,0,0,0,4
2,41,Up,9,0,0,64,2,1,0,0,4,64,0,0,2,4,0,2,2,4,0,0,0,4,2,2,4,64,0,0,4,8,0,0,0,4,0,0,0,0
2,42,Up,9,0,0,64,2,1,2,2,4,64,0,0,4,8,0,0,0,4,0,0,0,0,2,2,8,64,0,0,0,8,0,0,0,4,2,0,0,0
2,43,Right,9,0,0,64,2,1,2,2,8,64,0,0,0,8,0,0,0,4,2,0,0,0,0,4,8,64,2,0,0,8,0,0,0,4,0,0,0,2
2,44,Right,8,0,0,64,2,1,0,4,8,64,2,0,0,8,0,0,0,4,0,0,0,2,0,4,8,64,2,0,2,8,0,0,0,4,0,0,0,2
2,45,Up,7,0,0,64,2,1,0,4,8,64,2,0,2,8,0,0,0,4,0,0,0,2,2,4,8,64,0,0,2,8,2,0,0,4,0,0,0,2
2,46,Right,6,0,0,64,2,1,2,4,8,64,0,0,2,8,2,0,0,4,0,0,0,2,2,4,8,64,0,0,2,8,0,0,2,4,2,0,0,2
2,47,Up,7,0,0,64,2,1,2,4,8,64,0,0,2,8,0,0,2,4,2,0,0,2,4,4,8,64,0,0,4,8,2,0,0,4,0,0,0,2
2,48,Up,6,0,0,64,2,1,4,4,8,64,0,0,4,8,2,0,0,4,0,0,0,2,4,4,8,64,2,0,4,8,0,0,0,4,0,2,0,2
2,49,Right,7,0,0,64,2,1,4,4,8,64,2,0,4,8,0,0,0,4,0,2,0,2,0,8,8,64,0,2,4,8,0,0,0,4,2,0,0,4
2,50,Right,7,0,0,64,2,1,0,8,8,64,0,2,4,8,0,0,0,4,2,0,0,4,0,0,16,64,0,2,4,8,0,0,2,4,0,0,2,4
2,51,Up,8,0,0,64,2,1,0,0,16,64,0,2,4,8,0,0,2,4,0,0,2,4,0,2,16,64,0,0,4,8,0,0,4,8,0,2,0,0
2,52,Up,10,0,0,64,2,1,0,2,16,64,0,0,4,8,0,0,4,8,0,2,0,0,0,4,16,64,0,2,8,16,0,0,0,0,0,0,0,0
2,53,Left,9,0,0,64,2,1,0,4,16,64,0,2,8,16,0,0,0,0,0,0,0,0,4,16,64,0,2,8,16,0,0,0,0,0,0,0,0,2
2,54,Right,8,0,0,64,2,1,4,16,64,0,2,8,16,0,0,0,0,0,0,0,0,2,0,4,16,64,0,2,8,16,0,0,0,0,0,0,2,2
2,55,Left,8,0,0,64,2,1,0,4,16,64,0,2,8,16,0,0,0,0,0,0,2,2,4,16,64,0,2,8,16,0,0,0,0,0,4,0,0,2
2,56,Up,7,0,0,64,2,1,4,16,64,0,2,8,16,0,0,0,0,0,4,0,0,2,4,16,64,2,2,8,16,0,4,0,2,0,0,0,0,0
2,57,Right,6,0,0,64,2,1,4,16,64,2,2,8,16,0,4,0,2,0,0,0,0,0,4,16,64,2,0,2,8,16,0,0,4,2,0,0,0,2
2,58,Left,5,0,0,64,2,1,4,16,64,2,0,2,8,16,0,0,4,2,0,0,0,2,4,16,64,2,2,8,16,0,4,2,0,0,2,2,0,0
2,59,Up,5,0,0,64,2,1,4,16,64,2,2,8,16,0,4,2,0,0,2,2,0,0,4,16,64,2,2,8,16,2,4,2,0,0,2,0,0,0
2,60,Right,4,0,0,64,2,1,4,16,64,2,2,8,16,2,4,2,0,0,2,0,0,0,4,16,64,2,2,8,16,2,0,2,4,2,0,0,0,2
2,61,Left,3,0,0,64,2,1,4,16,64,2,2,8,16,2,0,2,4,2,0,0,0,2,4,16,64,2,2,8,16,2,2,2,2,2,2,0,0,0
2,62,Up,4,0,0,64,2,1,4,16,64,2,2,8,16,2,2,2,2,2,2,0,0,0,4,16,64,4,4,8,16,2,2,2,2,0,2,0,0,0
2,63,Up,5,0,0,64,2,1,4,16,64,4,4,8,16,2,2,2,2,0,2,0,0,0,8,16,64,4,4,8,16,2,0,2,2,0,0,0,2,0
2,64,Right,5,0,0,64,2,1,8,16,64,4,4,8,16,2,0,2,2,0,0,0,2,0,8,16,64,4,4,8,16,2,0,2,0,4,0,0,0,2
2,65,Right,4,0,0,64,2,1,8,16,64,4,4,8,16,2,0,2,0,4,0,0,0,2,8,16,64,4,4,8,16,2,0,0,2,4,0,2,0,2
2,66,Up,3,0,0,64,2,1,8,16,64,4,4,8,16,2,0,0,2,4,0,2,0,2,8,16,64,4,4,8,16,2,2,2,2,4,0,0,0,2
2,67,Left,3,0,0,64,2,1,8,16,64,4,4,8,16,2,2,2,2,4,0,0,0,2,8,16,64,4,4,8,16,2,4,2,4,0,2,0,2,0
2,68,Right,3,0,0,64,2,1,8,16,64,4,4,8,16,2,4,2,4,0,2,0,2,0,8,16,64,4,4,8,16,2,0,2,2,4,0,2,0,4
2,69,Up,4,0,0,64,2,1,8,16,64,4,4,8,16,2,0,2,2,4,0,2,0,4,8,16,64,4,4,8,16,2,0,2,2,8,0,2,0,0
2,70,Up,4,0,0,64,2,1,8,16,64,4,4,8,16,2,0,2,2,8,0,2,0,0,8,16,64,4,4,8,16,2,0,2,2,8,0,0,0,2
2,71,Left,4,0,0,64,2,1,8,16,64,4,4,8,16,2,0,2,2,8,0,0,0,2,8,16,64,4,4,8,16,2,4,4,0,0,2,0,2,0
2,72,Up,4,0,1,64,2,1,8,16,64,4,4,8,16,2,4,4,0,0,2,0,2,0,8,16,64,4,8,8,16,2,2,2,2,0,0,2,0,0
2,73,Up,5,0,1,64,2,1,8,16,64,4,8,8,16,2,2,2,2,0,0,2,0,0,16,16,64,4,2,8,16,2,0,2,2,2,0,0,0,0
2,74,Right,6,0,1,64,2,1,16,16,64,4,2,8,16,2,0,2,2,2,0,0,0,0,0,32,64,4,2,8,16,2,0,0,2,4,0,0,0,2
2,75,Up,5,0,1,64,2,1,0,32,64,4,2,8,16,2,0,0,2,4,0,0,0,2,2,32,64,4,2,8,16,2,0,0,2,4,0,0,0,2
2,76,Left,4,0,1,64,2,1,2,32,64,4,2,8,16,2,0,0,2,4,0,0,0,2,2,32,64,4,2,8,16,2,2,2,0,0,2,0,0,2
2,77,Up,6,0,1,64,2,1,2,32,64,4,2,8,16,2,2,2,0,0,2,0,0,2,4,32,64,4,4,8,16,4,0,2,2,0,0,0,0,0
2,78,Up,7,0,1,64,2,1,4,32,64,4,4,8,16,4,0,2,2,0,0,0,0,0,8,32,64,8,0,8,16,0,0,2,2,0,0,0,0,2
2,79,Left,7,0,1,64,2,1,8,32,64,8,0,8,16,0,0,2,2,0,0,0,0,2,8,32,64,8,8,16,0,0,4,0,0,0,2,0,0,2
2,80,Up,7,0,1,64,2,1,8,32,64,8,8,16,0,0,4,0,0,0,2,0,0,2,16,32,64,8,4,16,2,2,2,0,0,0,0,0,0,0
2,81,Right,7,0,1,64,2,1,16,32,64,8,4,16,2,2,2,0,0,0,0,0,0,0,16,32,64,8,0,4,16,4,0,0,0,2,2,0,0,0
2,82,Up,6,0,1,64,2,1,16,32,64,8,0,4,16,4,0,0,0,2,2,0,0,0,16,32,64,8,2,4,16,4,0,2,0,2,0,0,0,0
2,83,Right,6,0,1,64,2,1,16,32,64,8,2,4,16,4,0,2,0,2,0,0,0,0,16,32,64,8,2,4,16,4,0,0,2,4,0,0,0,0
2,84,Up,6,0,1,64,2,1,16,32,64,8,2,4,16,4,0,0,2,4,0,0,0,0,16,32,64,8,2,4,16,8,0,0,2,2,0,0,0,0
2,85,Up,6,0,1,64,2,1,16,32,64,8,2,4,16,8,0,0,2,2,0,0,0,0,16,32,64,16,2,4,16,2,0,0,2,0,0,2,0,0
2,86,Right,5,0,1,64,2,1,16,32,64,16,2,4,16,2,0,0,2,0,0,2,0,0,16,32,64,16,2,4,16,2,0,2,0,2,0,0,0,2
2,87,Up,5,0,1,64,2,1,16,32,64,16,2,4,16,2,0,2,0,2,0,0,0,2,16,32,64,16,2,4,16,4,0,2,0,2,0,0,0,2
2,88,Up,5,0,1,64,2,1,16,32,64,16,2,4,16,4,0,2,0,2,0,0,0,2,16,32,64,16,2,4,16,4,0,2,2,4,0,0,0,0
2,89,Right,5,0,1,64,2,1,16,32,64,16,2,4,16,4,0,2,2,4,0,0,0,0,16,32,64,16,2,4,16,4,0,0,4,4,0,2,0,0
2,90,Up,5,0,1,64,2,1,16,32,64,16,2,4,16,4,0,0,4,4,0,2,0,0,16,32,64,16,2,4,16,8,0,2,4,0,0,2,0,0
2,91,Right,4,0,1,64,2,1,16,32,64,16,2,4,16,8,0,2,4,0,0,2,0,0,16,32,64,16,2,4,16,8,0,0,2,4,2,0,0,2
2,92,Down,4,0,1,64,2,1,16,32,64,16,2,4,16,8,0,0,2,4,2,0,0,2,0,2,0,16,0,0,64,8,16,16,16,4,4,4,2,2
2,93,Right,6,0,2,64,2,1,0,2,0,16,0,0,64,8,16,16,16,4,4,4,2,2,0,0,2,16,0,0,64,8,0,8,32,4,0,2,8,4
2,94,Up,6,0,2,64,2,1,0,0,2,16,0,0,64,8,0,8,32,4,0,2,8,4,0,8,2,16,0,2,64,8,0,0,32,8,0,0,8,2
2,95,Up,6,0,2,64,2,1,0,8,2,16,0,2,64,8,0,0,32,8,0,0,8,2,2,8,2,16,0,2,64,16,0,0,32,2,0,0,8,0
2,96,Up,6,0,2,64,2,1,2,8,2,16,0,2,64,16,0,0,32,2,0,0,8,0,2,8,2,32,2,2,64,2,0,0,32,0,0,0,8,0
2,97,Right,6,0,2,64,2,1,2,8,2,32,2,2,64,2,0,0,32,0,0,0,8,0,2,8,2,32,0,4,64,2,0,0,2,32,0,0,0,8
2,98,Left,5,0,2,64,2,1,2,8,2,32,0,4,64,2,0,0,2,32,0,0,0,8,2,8,2,32,4,64,2,0,2,16,0,0,8,2,0,0
2,99,Right,4,0,2,64,2,1,2,8,2,32,4,64,2,0,2,16,0,0,8,2,0,0,2,8,2,32,0,4,64,2,2,0,2,16,0,0,8,2
2,100,Up,4,0,2,64,2,1,2,8,2,32,0,4,64,2,2,0,2,16,0,0,8,2,4,8,2,32,2,4,64,2,0,0,2,16,0,0,8,2
2,101,Down,3,0,2,64,2,1,4,8,2,32,2,4,64,2,0,0,2,16,0,0,8,2,2,0,2,32,0,0,64,2,4,4,2,16,2,4,8,2
2,102,Right,4,0,2,64,2,1,2,0,2,32,0,0,64,2,4,4,2,16,2,4,8,2,0,0,4,32,2,0,64,2,0,4,2,16,2,4,8,2
2,103,Right,3,0,3,64,2,1,0,0,4,32,2,0,64,2,0,4,2,16,2,4,8,2,2,0,4,32,0,2,64,2,0,2,2,16,2,4,8,2
2,104,Right,3,0,3,64,2,1,2,0,4,32,0,2,64,2,0,2,2,16,2,4,8,2,0,2,4,32,0,2,64,2,2,0,4,16,2,4,8,2
2,105,Up,4,0,3,64,2,1,0,2,4,32,0,2,64,2,2,0,4,16,2,4,8,2,4,4,4,32,0,4,64,2,0,2,4,16,0,0,8,2
2,106,Up,4,0,3,64,2,1,4,4,4,32,0,4,64,2,0,2,4,16,0,0,8,2,4,8,4,32,0,2,64,2,0,0,4,16,2,0,8,2
2,107,Right,3,0,3,64,2,1,4,8,4,32,0,2,64,2,0,0,4,16,2,0,8,2,4,8,4,32,2,2,64,2,0,0,4,16,0,2,8,2
2,108,Up,3,0,3,64,2,1,4,8,4,32,2,2,64,2,0,0,4,16,0,2,8,2,4,8,4,32,2,4,64,2,2,0,4,16,0,0,8,2
2,109,Down,3,0,3,64,2,1,4,8,4,32,2,4,64,2,2,0,4,16,0,0,8,2,2,0,4,32,0,0,64,2,4,4,4,16,4,4,8,2
2,110,Right,4,0,4,64,2,1,2,0,4,32,0,0,64,2,4,4,4,16,4,4,8,2,0,2,4,32,0,0,64,2,2,2,8,16,0,8,8,2
2,111,Right,5,0,4,64,2,1,0,2,4,32,0,0,64,2,2,2,8,16,0,8,8,2,2,2,4,32,0,0,64,2,0,2,8,16,0,0,16,2
2,112,Up,5,0,4,64,2,1,2,2,4,32,0,0,64,2,0,2,8,16,0,0,16,2,2,4,4,32,0,0,64,2,0,0,8,16,2,0,16,2
2,113,Up,5,0,4,64,2,1,2,4,4,32,0,0,64,2,0,0,8,16,2,0,16,2,4,4,4,32,0,0,64,2,0,0,8,16,2,0,16,2
2,114,Right,5,0,4,64,2,1,4,4,4,32,0,0,64,2,0,0,8,16,2,0,16,2,0,4,8,32,0,2,64,2,0,0,8,16,0,2,16,2
2,115,Down,5,0,4,64,2,1,0,4,8,32,0,2,64,2,0,0,8,16,0,2,16,2,0,0,8,32,0,0,64,2,0,2,8,16,2,4,16,2
2,116,Left,4,0,4,64,2,1,0,0,8,32,0,0,64,2,0,2,8,16,2,4,16,2,8,32,2,0,64,2,0,0,2,4,16,0,2,4,16,2
2,117,Up,6,0,4,64,2,1,8,32,2,0,64,2,0,0,2,4,16,0,2,4,16,2,8,32,2,2,64,2,32,0,4,4,0,0,0,2,0,0
2,118,Right,7,0,4,64,2,1,8,32,2,2,64,2,32,0,4,4,0,0,0,2,0,0,0,8,32,4,0,64,2,32,0,0,0,8,0,2,0,2
2,119,Up,6,0,4,64,2,1,0,8,32,4,0,64,2,32,0,0,0,8,0,2,0,2,0,8,32,4,2,64,2,32,0,2,0,8,0,0,0,2
2,120,Up,5,0,4,64,2,1,0,8,32,4,2,64,2,32,0,2,0,8,0,0,0,2,2,8,32,4,0,64,2,32,0,2,0,8,0,0,2,2
2,121,Left,5,0,4,64,2,1,2,8,32,4,0,64,2,32,0,2,0,8,0,0,2,2,2,8,32,4,64,2,32,0,2,4,0,0,4,2,0,0
2,122,Up,5,0,5,64,2,1,2,8,32,4,64,2,32,0,2,4,0,0,4,2,0,0,2,8,64,4,64,2,0,0,2,2,0,2,4,2,0,0
2,123,Down,5,0,5,64,2,1,2,8,64,4,64,2,0,0,2,2,0,2,4,2,0,0,2,2,0,0,64,8,0,0,2,2,0,4,4,4,64,2
2,124,Right,7,0,5,64,2,1,2,2,0,0,64,8,0,0,2,2,0,4,4,4,64,2,0,0,0,4,0,0,64,8,2,0,4,4,0,8,64,2
2,125,Up,6,0,5,64,2,1,0,0,0,4,0,0,64,8,2,0,4,4,0,8,64,2,2,8,64,4,0,0,4,8,0,0,64,4,0,2,0,2
2,126,Up,5,0,5,64,2,1,2,8,64,4,0,0,4,8,0,0,64,4,0,2,0,2,2,8,64,4,2,2,4,8,0,0,64,4,0,0,0,2
2,127,Right,5,0,5,64,2,1,2,8,64,4,2,2,4,8,0,0,64,4,0,0,0,2,2,8,64,4,2,4,4,8,0,0,64,4,0,0,0,2
2,128,Right,5,0,5,64,2,1,2,8,64,4,2,4,4,8,0,0,64,4,0,0,0,2,2,8,64,4,0,2,8,8,0,0,64,4,0,2,0,2
2,129,Right,6,0,5,64,2,1,2,8,64,4,0,2,8,8,0,0,64,4,0,2,0,2,2,8,64,4,0,0,2,16,0,0,64,4,2,0,0,4
2,130,Right,5,0,5,64,2,1,2,8,64,4,0,0,2,16,0,0,64,4,2,0,0,4,2,8,64,4,0,0,2,16,2,0,64,4,0,0,2,4
2,131,Up,6,0,5,64,2,1,2,8,64,4,0,0,2,16,2,0,64,4,0,0,2,4,4,8,64,4,0,0,2,16,0,0,64,8,0,0,2,2
2,132,Down,5,0,5,64,2,1,4,8,64,4,0,0,2,16,0,0,64,8,0,0,2,2,0,0,64,4,2,0,2,16,0,0,64,8,4,8,2,2
2,133,Up,4,0,5,64,2,1,0,0,64,4,2,0,2,16,0,0,64,8,4,8,2,2,2,8,64,4,4,2,2,16,0,0,64,8,0,0,2,2
2,134,Right,5,0,5,64,2,1,2,8,64,4,4,2,2,16,0,0,64,8,0,0,2,2,2,8,64,4,0,4,4,16,0,0,64,8,0,2,0,4
2,135,Right,5,0,5,64,2,1,2,8,64,4,0,4,4,16,0,0,64,8,0,2,0,4,2,8,64,4,0,2,8,16,0,0,64,8,0,0,2,4
2,136,Down,4,0,5,64,2,1,2,8,64,4,0,2,8,16,0,0,64,8,0,0,2,4,2,0,64,4,0,0,8,16,0,4,64,8,2,2,2,4
2,137,Up,4,0,5,64,2,1,2,0,64,4,0,0,8,16,0,4,64,8,2,2,2,4,4,4,64,4,2,2,8,16,0,0,64,8,0,0,2,4
2,138,Right,5,0,5,64,2,1,4,4,64,4,2,2,8,16,0,0,64,8,0,0,2,4,2,8,64,4,0,4,8,16,0,0,64,8,0,0,2,4
2,139,Down,4,0,5,64,2,1,2,8,64,4,0,4,8,16,0,0,64,8,0,0,2,4,0,2,64,4,0,0,8,16,0,4,64,8,2,4,2,4
2,140,Up,4,0,5,64,2,1,0,2,64,4,0,0,8,16,0,4,64,8,2,4,2,4,2,2,64,4,0,8,8,16,0,0,64,8,0,2,2,4
2,141,Right,6,0,5,64,2,1,2,2,64,4,0,8,8,16,0,0,64,8,0,2,2,4,0,4,64,4,0,2,16,16,0,0,64,8,0,0,4,4
2,142,Right,7,0,5,64,2,1,0,4,64,4,0,2,16,16,0,0,64,8,0,0,4,4,0,4,64,4,2,0,2,32,0,0,64,8,0,0,0,8
2,143,Up,7,0,5,64,2,1,0,4,64,4,2,0,2,32,0,0,64,8,0,0,0,8,2,4,64,4,2,0,2,32,0,0,64,16,0,0,0,0
2,144,Left,7,0,5,64,2,1,2,4,64,4,2,0,2,32,0,0,64,16,0,0,0,0,2,4,64,4,4,32,2,0,64,8,0,0,0,0,0,0
2,145,Down,6,0,5,64,2,1,2,4,64,4,4,32,2,0,64,8,0,0,0,0,0,0,0,0,0,2,2,4,0,0,4,16,64,0,64,8,2,4
2,146,Right,5,0,5,64,2,1,0,0,0,2,2,4,0,0,4,16,64,0,64,8,2,4,0,0,0,2,2,0,2,4,0,2,16,64,64,8,2,4
2,147,Up,4,0,5,64,2,1,0,0,0,2,2,0,2,4,0,2,16,64,64,8,2,4,2,2,2,2,64,8,16,4,0,2,2,64,0,0,0,4
2,148,Right,6,0,5,64,2,1,2,2,2,2,64,8,16,4,0,2,2,64,0,0,0,4,0,2,4,4,64,8,16,4,0,0,4,64,0,0,0,4
2,149,Right,6,0,5,64,2,1,0,2,4,4,64,8,16,4,0,0,4,64,0,0,0,4,0,0,2,8,64,8,16,4,2,0,4,64,0,0,0,4
2,150,Up,5,0,5,64,2,1,0,0,2,8,64,8,16,4,2,0,4,64,0,0,0,4,64,8,2,8,2,0,16,4,0,0,4,64,0,0,2,4
2,151,Right,4,0,5,64,2,1,64,8,2,8,2,0,16,4,0,0,4,64,0,0,2,4,64,8,2,8,0,2,16,4,0,0,4,64,0,2,2,4
2,152,Up,4,0,5,64,2,1,64,8,2,8,0,2,16,4,0,0,4,64,0,2,2,4,64,8,2,8,0,4,16,4,0,2,4,64,0,0,2,4
2,153,Left,3,0,5,64,2,1,64,8,2,8,0,4,16,4,0,2,4,64,0,0,2,4,64,8,2,8,4,16,4,2,2,2,64,0,2,4,0,0
2,154,Right,3,0,5,64,2,1,64,8,2,8,4,16,4,2,2,2,64,0,2,4,0,0,64,8,2,8,4,16,4,2,2,0,4,64,0,0,2,4
2,155,Left,2,0,5,64,2,1,64,8,2,8,4,16,4,2,2,0,4,64,0,0,2,4,64,8,2,8,4,16,4,2,2,2,64,2,2,4,0,0
2,156,Up,3,0,5,64,2,1,64,8,2,8,4,16,4,2,2,2,64,2,2,4,0,0,64,8,2,8,4,16,4,4,4,2,64,0,2,4,0,0
2,157,Left,3,0,5,64,2,1,64,8,2,8,4,16,4,4,4,2,64,0,2,4,0,0,64,8,2,8,4,16,8,0,4,2,64,0,2,4,0,2
2,158,Right,2,0,5,64,2,1,64,8,2,8,4,16,8,0,4,2,64,0,2,4,0,2,64,8,2,8,2,4,16,8,0,2,2,64,0,2,4,2
2,159,Up,3,0,5,64,2,1,64,8,2,8,2,4,16,8,0,2,2,64,0,2,4,2,64,8,2,16,2,4,16,64,0,2,2,2,2,0,4,0
2,160,Left,3,0,5,64,2,1,64,8,2,16,2,4,16,64,0,2,2,2,2,0,4,0,64,8,2,16,2,4,16,64,4,2,0,0,2,4,2,0
2,161,Up,2,0,5,64,2,1,64,8,2,16,2,4,16,64,4,2,0,0,2,4,2,0,64,8,2,16,2,4,16,64,4,2,2,0,2,4,2,0
2,162,Left,2,0,5,64,2,1,64,8,2,16,2,4,16,64,4,2,2,0,2,4,2,0,64,8,2,16,2,4,16,64,4,2,2,0,2,4,2,0
2,163,Right,2,0,5,64,2,1,64,8,2,16,2,4,16,64,4,2,2,0,2,4,2,0,64,8,2,16,2,4,16,64,2,0,4,4,0,2,4,2
2,164,Up,3,0,5,64,2,1,64,8,2,16,2,4,16,64,2,0,4,4,0,2,4,2,64,8,2,16,4,4,16,64,0,2,8,4,0,0,2,2
2,165,Left,4,0,5,64,2,1,64,8,2,16,4,4,16,64,0,2,8,4,0,0,2,2,64,8,2,16,8,16,64,2,2,4,4,0,4,0,0,0
2,166,Right,4,0,5,64,2,1,64,8,2,16,8,16,64,2,2,4,4,0,4,0,0,0,64,8,2,16,8,16,64,2,0,0,2,8,0,0,2,4
2,167,Left,3,0,5,64,2,1,64,8,2,16,8,16,64,2,0,0,2,8,0,0,2,4,64,8,2,16,8,16,64,2,2,4,2,0,2,4,0,0
2,168,Up,4,0,5,64,2,1,64,8,2,16,8,16,64,2,2,4,2,0,2,4,0,0,64,8,2,16,8,16,64,2,4,4,2,2,0,0,0,0
2,169,Left,5,0,6,64,2,1,64,8,2,16,8,16,64,2,4,4,2,2,0,0,0,0,64,8,2,16,8,16,64,2,8,2,0,0,0,2,0,0
2,170,Left,4,0,6,64,2,1,64,8,2,16,8,16,64,2,8,2,0,0,0,2,0,0,64,8,2,16,8,16,64,2,8,2,0,0,2,2,0,0
2,171,Up,5,0,6,64,2,1,64,8,2,16,8,16,64,2,8,2,0,0,2,2,0,0,64,8,2,16,16,16,64,2,2,2,0,0,0,2,0,0
2,172,Right,6,0,6,64,2,1,64,8,2,16,16,16,64,2,2,2,0,0,0,2,0,0,64,8,2,16,0,32,64,2,0,2,0,4,0,0,0,2
2,173,Left,5,0,6,64,2,1,64,8,2,16,0,32,64,2,0,2,0,4,0,0,0,2,64,8,2,16,32,64,2,0,2,2,0,0,2,0,0,2
2,174,Right,6,0,6,64,2,1,64,8,2,16,32,64,2,0,2,2,0,0,2,0,0,2,64,8,2,16,0,32,64,2,2,0,0,4,0,0,0,4
2,175,Up,6,0,6,64,2,1,64,8,2,16,0,32,64,2,2,0,0,4,0,0,0,4,64,8,2,16,2,32,64,2,0,0,0,8,2,0,0,0
2,176,Left,5,0,6,64,2,1,64,8,2,16,2,32,64,2,0,0,0,8,2,0,0,0,64,8,2,16,2,32,64,2,8,0,2,0,2,0,0,0
2,177,Right,4,0,6,64,2,1,64,8,2,16,2,32,64,2,8,0,2,0,2,0,0,0,64,8,2,16,2,32,64,2,0,2,8,2,0,0,0,2
2,178,Down,4,0,6,64,2,1,64,8,2,16,2,32,64,2,0,2,8,2,0,0,0,2,0,0,2,0,0,8,2,16,64,16,64,2,2,2,8,4
2,179,Down,4,0,7,64,2,1,0,0,2,0,0,8,2,16,64,16,64,2,2,2,8,4,2,0,0,0,0,8,4,16,64,8,64,2,2,2,8,4
2,180,Up,4,0,7,64,2,1,2,0,0,0,0,8,4,16,64,8,64,2,2,2,8,4,2,16,4,16,64,2,64,2,2,0,8,4,0,0,2,0
2,181,Left,3,0,7,64,2,1,2,16,4,16,64,2,64,2,2,0,8,4,0,0,2,0,2,16,4,16,64,2,64,2,2,4,4,0,2,0,2,0
2,182,Up,3,0,8,64,2,1,2,16,4,16,64,2,64,2,2,4,4,0,2,0,2,0,2,16,4,16,64,2,64,2,4,2,4,0,0,2,2,0
2,183,Down,3,0,8,64,2,1,2,16,4,16,64,2,64,2,4,2,4,0,0,2,2,0,0,0,4,2,2,16,64,0,64,2,4,16,4,4,2,2
2,184,Right,4,0,8,64,2,1,0,0,4,2,2,16,64,0,64,2,4,16,4,4,2,2,0,0,4,2,2,2,16,64,64,2,4,16,0,0,8,4
2,185,Down,4,0,8,64,2,1,0,0,4,2,2,2,16,64,64,2,4,16,0,0,8,4,2,0,4,2,0,0,16,64,2,0,4,16,64,4,8,4
2,186,Up,4,0,8,64,2,1,2,0,4,2,0,0,16,64,2,0,4,16,64,4,8,4,4,4,4,2,64,0,16,64,0,2,4,16,0,0,8,4
2,187,Up,3,0,8,64,2,1,4,4,4,2,64,0,16,64,0,2,4,16,0,0,8,4,4,4,4,2,64,2,16,64,0,2,4,16,0,0,8,4
2,188,Down,3,0,8,64,2,1,4,4,4,2,64,2,16,64,0,2,4,16,0,0,8,4,0,0,4,2,0,2,16,64,4,2,4,16,64,4,8,4
2,189,Left,2,0,8,64,2,1,0,0,4,2,0,2,16,64,4,2,4,16,64,4,8,4,4,2,0,0,2,16,64,2,4,2,4,16,64,4,8,4
2,190,Up,1,0,8,64,2,1,4,2,0,0,2,16,64,2,4,2,4,16,64,4,8,4,4,2,64,2,2,16,4,16,4,2,8,4,64,4,2,0
2,191,Down,0,0,8,64,2,1,4,2,64,2,2,16,4,16,4,2,8,4,64,4,2,0,4,2,64,2,2,16,4,2,4,2,8,16,64,4,2,4
2,192,Up,0,0,8,64,2,1,4,2,64,2,2,16,4,2,4,2,8,16,64,4,2,4,4,2,64,4,2,16,4,16,4,2,8,4,64,4,2,2
2,193,Left,0,0,8,64,2,1,4,2,64,4,2,16,4,16,4,2,8,4,64,4,2,2,4,2,64,4,2,16,4,16,4,2,8,4,64,4,4,2
2,194,Right,0,0,8,64,2,1,4,2,64,4,2,16,4,16,4,2,8,4,64,4,4,2,4,2,64,4,2,16,4,16,4,2,8,4,2,64,8,2
2,195,Down,0,0,8,64,2,1,4,2,64,4,2,16,4,16,4,2,8,4,2,64,8,2,4,2,2,4,2,16,64,16,4,2,4,4,2,64,16,2
2,196,Right,1,0,8,64,2,1,4,2,2,4,2,16,64,16,4,2,4,4,2,64,16,2,0,4,4,4,2,16,64,16,2,2,2,8,2,64,16,2
2,197,Up,1,0,8,64,2,1,0,4,4,4,2,16,64,16,2,2,2,8,2,64,16,2,4,4,4,4,2,16,64,16,0,2,2,8,2,64,16,2
2,198,Down,1,0,8,64,2,1,4,4,4,4,2,16,64,16,0,2,2,8,2,64,16,2,2,4,4,4,0,16,64,16,4,2,2,8,4,64,16,2
2,199,Right,2,0,8,64,2,1,2,4,4,4,0,16,64,16,4,2,2,8,4,64,16,2,0,2,4,8,2,16,64,16,0,2,4,8,4,64,16,2
2,200,Up,1,0,8,64,2,1,0,2,4,8,2,16,64,16,0,2,4,8,4,64,16,2,2,2,4,8,4,16,64,16,2,2,4,8,0,64,16,2
2,201,Left,2,0,8,64,2,1,2,2,4,8,4,16,64,16,2,2,4,8,0,64,16,2,4,4,8,0,4,16,64,16,4,2,8,2,64,16,2,0
2,202,Up,2,0,8,64,2,1,4,4,8,0,4,16,64,16,4,2,8,2,64,16,2,0,8,4,8,16,4,16,64,2,64,2,8,0,2,16,2,0
2,203,Down,1,0,8,64,2,1,8,4,8,16,4,16,64,2,64,2,8,0,2,16,2,0,8,4,8,2,4,16,64,0,64,2,8,16,2,16,2,2
2,204,Left,1,0,8,64,2,1,8,4,8,2,4,16,64,0,64,2,8,16,2,16,2,2,8,4,8,2,4,16,64,0,64,2,8,16,2,16,4,2
2,205,Up,0,0,8,64,2,1,8,4,8,2,4,16,64,0,64,2,8,16,2,16,4,2,8,4,8,2,4,16,64,16,64,2,8,2,2,16,4,2
2,206,Down,0,0,8,64,2,1,8,4,8,2,4,16,64,16,64,2,8,2,2,16,4,2,8,4,8,2,4,16,64,2,64,2,8,16,2,16,4,4
2,207,Left,0,0,8,64,2,1,8,4,8,2,4,16,64,2,64,2,8,16,2,16,4,4,8,4,8,2,4,16,64,2,64,2,8,16,2,16,8,2
2,208,Up,1,0,8,64,2,1,8,4,8,2,4,16,64,2,64,2,8,16,2,16,8,2,8,4,8,4,4,16,64,16,64,2,16,2,2,16,2,0
2,209,Down,0,0,8,64,2,1,8,4,8,4,4,16,64,16,64,2,16,2,2,16,2,0,8,4,8,2,4,16,64,4,64,2,16,16,2,16,2,2
2,210,Left,1,0,8,64,2,1,8,4,8,2,4,16,64,4,64,2,16,16,2,16,2,2,8,4,8,2,4,16,64,4,64,2,32,0,2,16,4,2
2,211,Up,0,0,8,64,2,1,8,4,8,2,4,16,64,4,64,2,32,0,2,16,4,2,8,4,8,2,4,16,64,4,64,2,32,2,2,16,4,2
2,212,Up,0,0,8,64,2,1,8,4,8,2,4,16,64,4,64,2,32,2,2,16,4,2,8,4,8,2,4,16,64,4,64,2,32,4,2,16,4,2
2,213,Up,0,0,8,64,2,1,8,4,8,2,4,16,64,4,64,2,32,4,2,16,4,2,8,4,8,2,4,16,64,8,64,2,32,2,2,16,4,2
2,214,Up,0,0,8,64,2,1,8,4,8,2,4,16,64,8,64,2,32,2,2,16,4,2,8,4,8,2,4,16,64,8,64,2,32,4,2,16,4,2
3,0,Up,13,0,0,2,1,1,0,0,2,0,0,0,0,0,0,0,0,2,0,0,0,0,0,0,2,2,0,0,0,0,0,0,0,0,2,0,0,0
3,1,Right,13,0,0,4,1,1,0,0,2,2,0,0,0,0,0,0,0,0,2,0,0,0,0,0,0,4,0,0,0,0,0,0,0,0,2,0,0,2
3,2,Down,12,0,0,4,1,1,0,0,0,4,0,0,0,0,0,0,0,0,2,0,0,2,0,0,0,0,0,0,2,0,0,0,0,4,2,0,0,2
3,3,Left,12,0,0,4,1,1,0,0,0,0,0,0,2,0,0,0,0,4,2,0,0,2,0,0,0,0,2,0,0,0,4,0,0,0,4,0,0,2
3,4,Down,12,0,0,8,1,1,0,0,0,0,2,0,0,0,4,0,0,0,4,0,0,2,0,0,0,0,0,2,0,0,2,0,0,0,8,0,0,2
3,5,Right,11,0,0,8,1,1,0,0,0,0,0,2,0,0,2,0,0,0,8,0,0,2,0,0,0,0,0,0,0,2,2,0,0,2,0,0,8,2
3,6,Up,11,0,0,8,1,1,0,0,0,0,0,0,0,2,2,0,0,2,0,0,8,2,2,0,8,4,0,0,2,2,0,0,0,0,0,0,0,0
3,7,Left,11,0,0,8,1,1,2,0,8,4,0,0,2,2,0,0,0,0,0,0,0,0,2,8,4,0,4,0,0,0,0,0,2,0,0,0,0,0
3,8,Right,10,0,0,8,1,1,2,8,4,0,4,0,0,0,0,0,2,0,0,0,0,0,0,2,8,4,0,0,0,4,2,0,0,2,0,0,0,0
3,9,Left,10,0,0,8,1,1,0,2,8,4,0,0,0,4,2,0,0,2,0,0,0,0,2,8,4,0,4,0,0,0,4,0,0,0,0,0,2,0
3,10,Up,10,0,0,8,1,1,2,8,4,0,4,0,0,0,4,0,0,0,0,0,2,0,2,8,4,0,8,0,2,0,0,0,0,0,0,2,0,0
3,11,Down,9,0,0,8,1,1,2,8,4,0,8,0,2,0,0,0,0,0,0,2,0,0,0,0,0,0,2,0,0,0,2,8,4,0,8,2,2,0
3,12,Right,9,0,0,8,1,1,0,0,0,0,2,0,0,0,2,8,4,0,8,2,2,0,2,0,0,0,0,0,0,2,0,2,8,4,0,0,8,4
3,13,Left,8,0,0,8,1,1,2,0,0,0,0,0,0,2,0,2,8,4,0,0,8,4,2,0,0,0,2,0,0,2,2,8,4,0,8,4,0,0
3,14,Up,8,0,0,8,1,1,2,0,0,0,2,0,0,2,2,8,4,0,8,4,0,0,4,8,4,2,2,2,0,0,8,0,0,0,0,0,2,0
3,15,Right,8,0,0,8,1,1,4,8,4,2,2,2,0,0,8,0,0,0,0,0,2,0,4,8,4,2,0,2,0,4,0,0,0,8,0,0,0,2
3,16,Left,7,0,0,8,1,1,4,8,4,2,0,2,0,4,0,0,0,8,0,0,0,2,4,8,4,2,2,2,0,0,8,0,0,0,2,0,0,2
3,17,Down,7,0,0,8,1,1,4,8,4,2,2,2,0,0,8,0,0,0,2,0,0,2,4,0,0,2,2,0,0,0,8,8,0,0,2,2,4,4
3,18,Left,9,0,0,16,1,1,4,0,0,2,2,0,0,0,8,8,0,0,2,2,4,4,4,2,0,0,2,0,0,0,16,0,0,2,4,8,0,0
3,19,Right,8,0,0,16,1,1,4,2,0,0,2,0,0,0,16,0,0,2,4,8,0,0,0,0,4,2,0,0,0,2,0,2,16,2,0,0,4,8
3,20,Left,7,0,0,16,1,1,0,0,4,2,0,0,0,2,0,2,16,2,0,0,4,8,4,2,0,0,2,0,0,0,2,16,2,2,4,8,0,0
3,21,Up,7,0,0,8,1,1,4,2,0,0,2,0,0,0,2,16,2,2,4,8,0,0,4,2,2,2,4,8,0,2,4,8,0,0,0,0,0,0
3,22,Right,7,0,0,8,1,1,4,2,2,2,4,8,0,2,4,8,0,0,0,0,0,0,0,4,2,4,0,2,8,2,0,0,4,8,0,0,2,0
3,23,Left,6,0,0,8,1,1,0,4,2,4,0,2,8,2,0,0,4,8,0,0,2,0,4,2,4,2,2,4,2,0,4,8,0,0,2,0,0,0
3,24,Right,5,0,1,8,1,1,4,2,4,2,2,4,2,0,4,8,0,0,2,0,0,0,4,2,4,2,0,2,4,2,0,0,4,8,0,0,2,2
3,25,Left,5,0,1,8,1,1,4,2,4,2,0,2,4,2,0,0,4,8,0,0,2,2,4,2,4,2,2,2,2,0,4,8,0,0,4,0,2,0
3,26,Up,7,0,1,8,1,1,4,2,4,2,2,2,2,0,4,8,0,0,4,0,2,0,4,4,4,2,2,4,4,0,8,0,0,0,0,0,0,2
3,27,Left,8,0,1,8,1,1,4,4,4,2,2,4,4,0,8,0,0,0,0,0,0,2,8,4,2,0,2,4,0,0,8,0,0,0,2,0,2,0
3,28,Up,9,0,1,8,1,1,8,4,2,0,2,4,0,0,8,0,0,0,2,0,2,0,8,8,4,0,2,0,0,0,8,0,0,0,2,0,2,0
3,29,Left,10,0,1,16,1,1,8,8,4,0,2,0,0,0,8,0,0,0,2,0,2,0,16,4,2,0,2,0,0,0,8,0,0,0,4,0,0,0
3,30,Right,9,0,1,16,1,1,16,4,2,0,2,0,0,0,8,0,0,0,4,0,0,0,0,16,4,2,0,2,0,2,0,0,0,8,0,0,0,4
3,31,Left,9,0,1,16,1,1,0,16,4,2,0,2,0,2,0,0,0,8,0,0,0,4,16,4,2,2,4,0,0,0,8,0,0,0,4,0,0,0
3,32,Down,8,0,1,16,1,1,16,4,2,2,4,0,0,0,8,0,0,0,4,0,0,0,16,0,0,0,4,0,2,0,8,0,0,0,4,4,2,2
3,33,Left,9,0,1,16,1,1,16,0,0,0,4,0,2,0,8,0,0,0,4,4,2,2,16,0,0,0,4,2,0,0,8,0,0,0,8,4,0,2
3,34,Left,8,0,1,16,1,1,16,0,0,0,4,2,0,0,8,0,0,0,8,4,0,2,16,0,0,0,4,2,0,2,8,0,0,0,8,4,2,0
3,35,Up,8,0,1,16,1,1,16,0,0,0,4,2,0,2,8,0,0,0,8,4,2,0,16,2,2,2,4,2,2,0,16,0,0,0,0,0,0,0
3,36,Left,9,0,1,16,1,1,16,2,2,2,4,2,2,0,16,0,0,0,0,0,0,0,16,4,2,0,4,2,2,0,16,0,0,0,0,0,0,0
3,37,Up,9,0,1,16,1,1,16,4,2,0,4,2,2,0,16,0,0,0,0,0,0,0,16,4,4,0,4,2,0,0,16,0,0,0,2,0,0,0
3,38,Left,9,0,1,16,1,1,16,4,4,0,4,2,0,0,16,0,0,0,2,0,0,0,16,8,0,0,4,2,0,0,16,2,0,0,2,0,0,0
3,39,Up,9,0,1,16,1,1,16,8,0,0,4,2,0,0,16,2,0,0,2,0,0,0,16,8,0,0,4,2,0,0,16,0,0,2,2,0,0,0
3,40,Down,8,0,1,16,1,1,16,8,0,0,4,2,0,0,16,0,0,2,2,0,0,0,16,0,0,2,4,0,0,0,16,8,0,0,2,2,0,2
3,41,Left,8,0,1,16,1,1,16,0,0,2,4,0,0,0,16,8,0,0,2,2,0,2,16,2,0,0,4,0,0,0,16,8,2,0,4,2,0,0
3,42,Up,7,0,1,16,1,1,16,2,0,0,4,0,0,0,16,8,2,0,4,2,0,0,16,2,2,0,4,4,0,0,16,2,0,0,4,2,0,0
3,43,Down,7,0,2,16,1,1,16,2,2,0,4,4,0,0,16,2,0,0,4,2,0,0,16,0,2,0,4,2,0,0,16,4,0,0,4,4,2,0
3,44,Left,7,0,2,16,1,1,16,0,2,0,4,2,0,0,16,4,0,0,4,4,2,0,16,2,0,0,4,2,0,0,16,4,0,0,8,2,0,2
3,45,Up,7,0,2,16,1,1,16,2,0,0,4,2,0,0,16,4,0,0,8,2,0,2,16,4,0,2,4,2,0,0,16,2,0,0,8,2,0,0
3,46,Down,7,0,2,16,1,1,16,4,0,2,4,2,0,0,16,2,0,0,8,2,0,0,16,0,0,0,4,2,0,0,16,2,0,2,8,4,0,2
3,47,Left,7,0,2,16,1,1,16,0,0,0,4,2,0,0,16,2,0,2,8,4,0,2,16,0,0,0,4,2,0,0,16,4,0,0,8,4,2,2
3,48,Up,7,0,2,16,1,1,16,0,0,0,4,2,0,0,16,4,0,0,8,4,2,2,16,2,2,2,4,4,0,0,16,0,2,0,8,0,0,0
3,49,Down,7,0,3,16,1,1,16,2,2,2,4,4,0,0,16,0,2,0,8,0,0,0,16,0,0,0,4,2,0,0,16,2,0,0,8,4,4,2
3,50,Left,7,0,3,16,1,1,16,0,0,0,4,2,0,0,16,2,0,0,8,4,4,2,16,0,0,2,4,2,0,0,16,2,0,0,8,8,2,0
3,51,Up,7,0,3,16,1,1,16,0,0,2,4,2,0,0,16,2,0,0,8,8,2,0,16,4,2,2,4,4,0,0,16,0,0,2,8,0,0,0
3,52,Down,8,0,3,16,1,1,16,4,2,2,4,4,0,0,16,0,0,2,8,0,0,0,16,2,0,0,4,0,0,0,16,0,0,0,8,8,2,4
3,53,Left,8,0,3,16,1,1,16,2,0,0,4,0,0,0,16,0,0,0,8,8,2,4,16,2,0,0,4,2,0,0,16,0,0,0,16,2,4,0
3,54,Up,9,0,3,32,1,1,16,2,0,0,4,2,0,0,16,0,0,0,16,2,4,0,16,4,4,0,4,2,0,0,32,2,0,0,0,0,0,0
3,55,Down,9,0,3,32,1,1,16,4,4,0,4,2,0,0,32,2,0,0,0,0,0,0,0,0,2,0,16,0,0,0,4,4,0,0,32,4,4,0
3,56,Left,10,0,3,32,1,1,0,0,2,0,16,0,0,0,4,4,0,0,32,4,4,0,2,0,0,0,16,0,0,0,8,0,0,2,32,8,0,0
3,57,Up,9,0,3,32,1,1,2,0,0,0,16,0,0,0,8,0,0,2,32,8,0,0,2,8,0,2,16,0,0,0,8,0,0,2,32,0,0,0
3,58,Down,9,0,3,32,1,1,2,8,0,2,16,0,0,0,8,0,0,2,32,0,0,0,2,2,0,0,16,0,0,0,8,0,0,0,32,8,0,4
3,59,Left,9,0,3,32,1,1,2,2,0,0,16,0,0,0,8,0,0,0,32,8,0,4,4,0,0,0,16,0,0,0,8,0,0,0,32,8,4,2
3,60,Up,8,0,3,32,1,1,4,0,0,0,16,0,0,0,8,0,0,0,32,8,4,2,4,8,4,2,16,0,0,0,8,0,0,0,32,2,0,0
3,61,Right,7,0,3,32,1,1,4,8,4,2,16,0,0,0,8,0,0,0,32,2,0,0,4,8,4,2,0,0,0,16,0,0,2,8,0,0,32,2
3,62,Down,6,0,3,32,1,1,4,8,4,2,0,0,0,16,0,0,2,8,0,0,32,2,0,2,0,2,0,0,4,16,0,0,2,8,4,8,32,2
3,63,Left,6,0,3,32,1,1,0,2,0,2,0,0,4,16,0,0,2,8,4,8,32,2,4,2,0,0,4,8,0,0,2,8,0,0,4,8,32,2
3,64,Up,7,0,3,32,1,1,4,2,0,0,4,8,0,0,2,8,0,0,4,8,32,2,8,2,32,2,2,8,0,0,4,8,0,0,0,0,0,2
3,65,Up,8,0,3,32,1,1,8,2,32,2,2,8,0,0,4,8,0,0,0,0,0,2,8,2,32,4,2,8,0,0,4,0,0,0,0,0,0,2
3,66,Left,7,0,4,32,1,1,8,2,32,4,2,8,0,0,4,0,0,0,0,0,0,2,8,2,32,4,2,4,0,0,4,0,0,0,2,2,0,0
3,67,Down,6,0,5,32,1,1,8,2,32,4,2,4,0,0,4,0,0,0,2,2,0,0,8,0,0,0,2,2,0,0,4,4,0,2,2,2,32,4
3,68,Left,8,0,5,32,1,1,8,0,0,0,2,2,0,0,4,4,0,2,2,2,32,4,8,0,0,0,4,2,0,0,8,2,0,0,4,32,4,0
3,69,Down,8,0,5,32,1,1,8,0,0,0,4,2,0,0,8,2,0,0,4,32,4,0,8,0,0,0,4,0,0,0,8,4,2,0,4,32,4,0
3,70,Up,7,0,5,16,1,1,8,0,0,0,4,0,0,0,8,4,2,0,4,32,4,0,8,4,2,0,4,16,4,0,8,0,2,0,4,0,0,0
3,71,Left,6,1,5,8,1,1,8,4,2,0,4,16,4,0,8,0,2,0,4,0,0,0,8,4,2,2,4,8,4,0,8,2,0,0,4,0,0,0
3,72,Right,6,1,5,8,1,1,8,4,2,2,4,8,4,0,8,2,0,0,4,0,0,0,2,8,4,4,0,2,8,4,0,0,8,2,0,0,0,4
3,73,Down,7,1,5,16,1,1,2,8,4,4,0,2,8,4,0,0,8,2,0,0,0,4,0,0,0,0,0,2,0,8,0,8,4,2,2,2,16,4
3,74,Left,7,1,5,16,1,1,0,0,0,0,0,2,0,8,0,8,4,2,2,2,16,4,0,0,0,0,2,4,0,0,8,4,2,2,4,16,4,0
3,75,Up,7,1,5,8,1,1,0,0,0,0,2,4,0,0,8,4,2,2,4,16,4,0,2,8,2,2,8,8,4,2,4,0,0,0,0,0,0,0
3,76,Right,8,1,5,8,1,1,2,8,2,2,8,8,4,2,4,0,0,0,0,0,0,0,0,2,8,4,0,8,4,2,0,0,0,4,0,2,0,0
3,77,Down,7,1,5,8,1,1,0,2,8,4,0,8,4,2,0,0,0,4,0,2,0,0,0,0,0,0,0,2,2,4,0,8,8,2,0,2,4,4
3,78,Right,9,1,5,16,1,1,0,0,0,0,0,2,2,4,0,8,8,2,0,2,4,4,0,0,0,0,0,2,4,4,0,0,16,2,0,0,2,8
3,79,Up,8,1,5,16,1,1,0,0,0,0,0,2,4,4,0,0,16,2,0,0,2,8,0,2,4,4,0,0,16,2,0,2,2,8,0,0,0,0
3,80,Left,9,1,5,16,1,1,0,2,4,4,0,0,16,2,0,2,2,8,0,0,0,0,2,8,2,0,16,2,0,0,4,8,0,0,0,0,0,0
3,81,Down,8,1,5,16,1,1,2,8,2,0,16,2,0,0,4,8,0,0,0,0,0,0,0,0,0,0,2,4,0,0,16,2,0,0,4,8,2,2
3,82,Right,8,1,5,16,1,1,0,0,0,0,2,4,0,0,16,2,0,0,4,8,2,2,0,2,0,0,0,0,2,4,0,0,16,2,0,4,8,4
3,83,Left,7,1,5,16,1,1,0,2,0,0,0,0,2,4,0,0,16,2,0,4,8,4,2,0,0,0,2,2,0,2,16,2,0,0,4,8,4,0
3,84,Down,8,1,5,16,1,1,2,0,0,0,2,2,0,2,16,2,0,0,4,8,4,0,0,0,2,0,4,0,0,0,16,4,0,0,4,8,4,2
3,85,Up,7,1,5,16,1,1,0,0,2,0,4,0,0,0,16,4,0,0,4,8,4,2,4,4,2,2,16,4,4,0,4,0,2,0,0,0,0,0
3,86,Left,9,1,5,16,1,1,4,4,2,2,16,4,4,0,4,0,2,0,0,0,0,0,8,4,0,0,16,4,0,0,4,2,2,0,0,0,0,0
3,87,Down,9,1,6,16,1,1,8,4,0,0,16,4,0,0,4,2,2,0,0,0,0,0,0,0,0,0,8,2,0,0,16,8,0,0,4,2,2,0
3,88,Up,8,1,6,16,1,1,0,0,0,0,8,2,0,0,16,8,0,0,4,2,2,0,8,2,2,0,16,4,0,2,4,2,0,0,0,0,0,0
3,89,Left,8,1,7,16,1,1,8,2,2,0,16,4,0,2,4,2,0,0,0,0,0,0,8,4,0,2,16,2,2,0,4,2,0,0,0,0,0,0
3,90,Up,8,1,7,16,1,1,8,4,0,2,16,2,2,0,4,2,0,0,0,0,0,0,8,4,2,2,16,2,0,0,4,0,0,0,0,0,2,0
3,91,Down,8,1,7,16,1,1,8,4,2,2,16,2,0,0,4,0,0,0,0,0,2,0,0,0,0,0,8,2,0,0,16,4,0,0,4,2,4,2
3,92,Up,7,1,7,16,1,1,0,0,0,0,8,2,0,0,16,4,0,0,4,2,4,2,8,2,4,2,16,2,0,2,4,2,0,0,0,0,0,0
3,93,Left,7,1,7,16,1,1,8,2,4,2,16,2,0,2,4,2,0,0,0,0,0,0,8,2,4,2,16,2,0,0,4,2,0,0,0,0,2,0
3,94,Right,6,1,7,16,1,1,8,2,4,2,16,2,0,0,4,2,0,0,0,0,2,0,8,2,4,2,0,0,16,2,0,2,4,2,0,0,0,2
3,95,Down,8,1,7,16,1,1,8,2,4,2,0,0,16,2,0,2,4,2,0,0,0,2,0,0,0,2,0,0,4,0,0,0,16,4,8,4,4,4
3,96,Left,8,1,7,16,1,1,0,0,0,2,0,0,4,0,0,0,16,4,8,4,4,4,2,0,0,0,4,2,0,0,16,4,0,0,8,8,4,0
3,97,Up,7,1,7,16,1,1,2,0,0,0,4,2,0,0,16,4,0,0,8,8,4,0,2,2,4,0,4,2,0,2,16,8,0,0,8,0,0,0
3,98,Down,7,1,7,16,1,1,2,2,4,0,4,2,0,2,16,8,0,0,8,0,0,0,2,0,0,2,4,0,0,0,16,4,0,0,8,8,4,2
3,99,Right,8,1,7,16,1,1,2,0,0,2,4,0,0,0,16,4,0,0,8,8,4,2,0,0,0,4,2,0,0,4,0,0,16,4,0,16,4,2
3,100,Left,7,1,7,16,1,1,0,0,0,4,2,0,0,4,0,0,16,4,0,16,4,2,4,0,0,2,2,2,0,0,16,4,0,0,16,4,2,0
3,101,Up,8,1,7,32,1,1,4,0,0,2,2,2,0,0,16,4,0,0,16,4,2,0,4,2,2,2,2,4,0,0,32,0,0,2,0,0,0,0
3,102,Down,8,1,8,32,1,1,4,2,2,2,2,4,0,0,32,0,0,2,0,0,0,0,0,0,0,0,4,2,0,0,2,2,0,0,32,4,2,4
3,103,Left,8,1,8,32,1,1,0,0,0,0,4,2,0,0,2,2,0,0,32,4,2,4,0,0,0,0,4,2,0,2,4,0,0,0,32,4,2,4
3,104,Left,8,1,8,32,1,1,0,0,0,0,4,2,0,2,4,0,0,0,32,4,2,4,0,0,0,0,4,2,0,0,4,0,2,0,32,4,2,4
3,105,Up,9,1,8,32,1,1,0,0,0,0,4,2,0,0,4,0,2,0,32,4,2,4,8,2,4,4,32,2,0,0,0,0,0,0,2,0,0,0
3,106,Up,9,1,8,32,1,1,8,2,4,4,32,2,0,0,0,0,0,0,2,0,0,0,8,4,4,4,32,0,0,0,2,2,0,0,0,0,0,0
3,107,Left,10,1,8,32,1,1,8,4,4,4,32,0,0,0,2,2,0,0,0,0,0,0,8,8,4,0,32,0,0,0,4,0,0,0,0,0,0,2
3,108,Right,10,1,8,32,1,1,8,8,4,0,32,0,0,0,4,0,0,0,0,0,0,2,0,0,16,4,0,0,0,32,0,0,0,4,0,2,0,2
3,109,Left,10,1,8,32,1,1,0,0,16,4,0,0,0,32,0,0,0,4,0,2,0,2,16,4,0,0,32,2,0,0,4,0,0,0,4,0,0,0
3,110,Up,10,1,8,32,1,1,16,4,0,0,32,2,0,0,4,0,0,0,4,0,0,0,16,4,0,0,32,2,0,0,8,0,0,2,0,0,0,0
3,111,Down,9,1,8,32,1,1,16,4,0,0,32,2,0,0,8,0,0,2,0,0,0,0,0,0,0,0,16,0,0,0,32,4,0,0,8,2,2,2
3,112,Right,9,1,8,32,1,1,0,0,0,0,16,0,0,0,32,4,0,0,8,2,2,2,0,0,0,0,0,2,0,16,0,0,32,4,0,8,2,4
3,113,Left,8,1,8,32,1,1,0,0,0,0,0,2,0,16,0,0,32,4,0,8,2,4,0,0,0,0,2,8,0,0,32,4,0,2,8,2,4,0
3,114,Up,7,1,8,32,1,1,0,0,0,0,2,8,0,0,32,4,0,2,8,2,4,0,2,8,4,2,32,2,0,0,8,2,0,0,0,2,0,0
3,115,Down,7,1,8,32,1,1,2,8,4,2,32,2,0,0,8,2,0,0,0,2,0,0,0,0,0,0,2,4,0,2,32,2,0,0,8,4,4,2
3,116,Left,7,1,9,32,1,1,0,0,0,0,2,4,0,2,32,2,0,0,8,4,4,2,0,0,0,0,2,2,2,0,32,2,0,2,8,8,2,0
3,117,Up,8,1,9,32,1,1,0,0,0,0,2,2,2,0,32,2,0,2,8,8,2,0,2,4,4,2,32,4,0,0,8,2,0,0,0,0,0,0
3,118,Down,8,1,9,32,1,1,2,4,4,2,32,4,0,0,8,2,0,0,0,0,0,0,0,0,0,2,2,0,0,0,32,8,0,0,8,2,4,2
3,119,Up,8,1,9,32,1,1,0,0,0,2,2,0,0,0,32,8,0,0,8,2,4,2,2,8,4,4,32,2,0,0,8,2,0,0,0,0,0,0
3,120,Left,8,1,9,32,1,1,2,8,4,4,32,2,0,0,8,2,0,0,0,0,0,0,2,8,8,0,32,2,0,0,8,2,0,2,0,0,0,0
3,121,Up,8,1,9,32,1,1,2,8,8,0,32,2,0,0,8,2,0,2,0,0,0,0,2,8,8,2,32,2,0,2,8,0,0,0,0,0,0,0
3,122,Left,9,1,9,32,1,1,2,8,8,2,32,2,0,2,8,0,0,0,0,0,0,0,2,16,2,0,32,2,2,0,8,0,0,0,0,0,0,0
3,123,Right,9,1,9,32,1,1,2,16,2,0,32,2,2,0,8,0,0,0,0,0,0,0,0,2,16,2,0,0,32,4,0,0,0,8,0,0,2,0
3,124,Down,8,1,9,32,1,1,0,2,16,2,0,0,32,4,0,0,0,8,0,0,2,0,0,0,0,2,0,0,16,2,0,0,32,4,0,2,2,8
3,125,Up,8,1,9,32,1,1,0,0,0,2,0,0,16,2,0,0,32,4,0,2,2,8,0,2,16,4,0,0,32,4,2,0,2,8,0,0,0,0
3,126,Up,8,1,9,32,1,1,0,2,16,4,0,0,32,4,2,0,2,8,0,0,0,0,2,2,16,8,0,0,32,8,2,0,2,0,0,0,0,0
3,127,Up,9,1,9,32,1,1,2,2,16,8,0,0,32,8,2,0,2,0,0,0,0,0,4,2,16,16,0,0,32,0,0,0,2,0,0,0,0,2
3,128,Up,8,1,9,32,1,1,4,2,16,16,0,0,32,0,0,0,2,0,0,0,0,2,4,2,16,16,0,0,32,2,0,2,2,0,0,0,0,0
3,129,Right,9,1,9,32,1,1,4,2,16,16,0,0,32,2,0,2,2,0,0,0,0,0,0,4,2,32,2,0,32,2,0,0,0,4,0,0,0,0
3,130,Up,8,1,9,32,1,1,0,4,2,32,2,0,32,2,0,0,0,4,0,0,0,0,2,4,2,32,0,0,32,2,0,0,0,4,0,2,0,0
3,131,Right,7,1,9,32,1,1,2,4,2,32,0,0,32,2,0,0,0,4,0,2,0,0,2,4,2,32,0,0,32,2,2,0,0,4,0,0,0,2
3,132,Up,7,1,9,32,1,1,2,4,2,32,0,0,32,2,2,0,0,4,0,0,0,2,4,4,2,32,0,0,32,2,0,2,0,4,0,0,0,2
3,133,Right,7,1,9,32,1,1,4,4,2,32,0,0,32,2,0,2,0,4,0,0,0,2,0,8,2,32,0,0,32,2,0,0,2,4,2,0,0,2
3,134,Down,6,1,9,32,1,1,0,8,2,32,0,0,32,2,0,0,2,4,2,0,0,2,2,0,0,32,0,0,2,2,0,0,32,4,2,8,2,2
3,135,Up,6,1,9,32,1,1,2,0,0,32,0,0,2,2,0,0,32,4,2,8,2,2,4,8,2,32,0,0,32,2,0,2,2,4,0,0,0,2
3,136,Down,5,1,9,32,1,1,4,8,2,32,0,0,32,2,0,2,2,4,0,0,0,2,2,0,0,32,0,0,2,2,0,8,32,4,4,2,2,2
3,137,Right,6,1,9,32,1,1,2,0,0,32,0,0,2,2,0,8,32,4,4,2,2,2,0,0,2,32,0,0,2,4,0,8,32,4,0,4,2,4
3,138,Up,7,1,9,32,1,1,0,0,2,32,0,0,2,4,0,8,32,4,0,4,2,4,2,8,4,32,0,2,32,8,0,0,2,4,0,0,0,0
3,139,Down,6,1,9,32,1,1,2,8,4,32,0,2,32,8,0,0,2,4,0,0,0,0,0,0,0,2,0,0,4,32,0,8,32,8,2,2,2,4
3,140,Right,6,1,9,32,1,1,0,0,0,2,0,0,4,32,0,8,32,8,2,2,2,4,2,0,0,2,0,0,4,32,0,8,32,8,0,2,4,4
3,141,Down,5,1,9,32,1,1,2,0,0,2,0,0,4,32,0,8,32,8,0,2,4,4,0,0,0,2,0,0,4,32,2,8,32,8,2,2,4,4
3,142,Right,6,1,9,32,1,1,0,0,0,2,0,0,4,32,2,8,32,8,2,2,4,4,0,0,0,2,2,0,4,32,2,8,32,8,0,0,4,8
3,143,Down,7,1,9,32,1,1,0,0,0,2,2,0,4,32,2,8,32,8,0,0,4,8,0,0,0,2,0,0,4,2,0,0,32,32,4,8,4,16
3,144,Right,7,1,9,64,1,1,0,0,0,2,0,0,4,2,0,0,32,32,4,8,4,16,0,0,0,2,0,0,4,2,0,0,2,64,4,8,4,16
3,145,Down,7,1,9,64,1,1,0,0,0,2,0,0,4,2,0,0,2,64,4,8,4,16,2,0,0,0,0,0,4,4,0,0,2,64,4,8,4,16
3,146,Right,7,1,9,64,1,1,2,0,0,0,0,0,4,4,0,0,2,64,4,8,4,16,2,0,0,2,0,0,0,8,0,0,2,64,4,8,4,16
3,147,Up,6,1,9,64,1,1,2,0,0,2,0,0,0,8,0,0,2,64,4,8,4,16,2,8,2,2,4,0,4,8,0,2,0,64,0,0,0,16
3,148,Down,5,1,9,64,1,1,2,8,2,2,4,0,4,8,0,2,0,64,0,0,0,16,0,2,0,2,0,0,0,8,2,8,2,64,4,2,4,16
3,149,Right,5,1,9,64,1,1,0,2,0,2,0,0,0,8,2,8,2,64,4,2,4,16,0,2,0,4,0,0,0,8,2,8,2,64,4,2,4,16
3,150,Down,4,1,9,64,1,1,0,2,0,4,0,0,0,8,2,8,2,64,4,2,4,16,2,0,0,4,0,2,0,8,2,8,2,64,4,2,4,16
3,151,Up,4,1,9,64,1,1,2,0,0,4,0,2,0,8,2,8,2,64,4,2,4,16,4,2,2,4,4,4,4,8,0,2,0,64,2,0,0,16
3,152,Right,5,1,10,64,1,1,4,2,2,4,4,4,4,8,0,2,0,64,2,0,0,16,0,4,4,4,0,2,8,8,0,0,2,64,0,2,2,16
3,153,Up,6,1,10,64,1,1,0,4,4,4,0,2,8,8,0,0,2,64,0,2,2,16,0,4,4,4,0,2,8,8,0,0,4,64,2,0,0,16
3,154,Down,5,1,10,64,1,1,0,4,4,4,0,2,8,8,0,0,4,64,2,0,0,16,0,0,0,4,0,2,4,8,0,4,8,64,2,2,4,16
3,155,Up,4,1,10,64,1,1,0,0,0,4,0,2,4,8,0,4,8,64,2,2,4,16,2,2,4,4,0,2,8,8,0,2,4,64,2,0,0,16
3,156,Down,5,1,10,64,1,1,2,2,4,4,0,2,8,8,0,2,4,64,2,0,0,16,0,0,2,4,0,0,4,8,0,2,8,64,4,4,4,16
3,157,Up,4,1,10,64,1,1,0,0,2,4,0,0,4,8,0,2,8,64,4,4,4,16,4,2,2,4,0,2,4,8,0,0,8,64,2,0,4,16
3,158,Right,4,1,10,64,1,1,4,2,2,4,0,2,4,8,0,0,8,64,2,0,4,16,0,4,4,4,0,2,4,8,0,2,8,64,0,2,4,16
3,159,Down,5,1,10,64,1,1,0,4,4,4,0,2,4,8,0,2,8,64,0,2,4,16,0,0,0,4,2,2,8,8,0,2,8,64,0,4,4,16
3,160,Up,6,1,10,64,1,1,0,0,0,4,2,2,8,8,0,2,8,64,0,4,4,16,2,4,16,4,0,2,4,8,0,0,0,64,0,0,2,16
3,161,Down,5,1,10,64,1,1,2,4,16,4,0,2,4,8,0,0,0,64,0,0,2,16,2,0,0,4,0,0,16,8,0,4,4,64,2,2,2,16
3,162,Up,5,1,10,64,1,1,2,0,0,4,0,0,16,8,0,4,4,64,2,2,2,16,4,4,16,4,0,2,4,8,0,2,2,64,0,0,0,16
3,163,Down,5,1,10,64,1,1,4,4,16,4,0,2,4,8,0,2,2,64,0,0,0,16,0,0,0,4,0,0,16,8,2,4,4,64,4,4,2,16
3,164,Up,5,1,10,64,1,1,0,0,0,4,0,0,16,8,2,4,4,64,4,4,2,16,2,8,16,4,4,0,4,8,0,0,2,64,0,2,0,16
3,165,Right,5,1,10,64,1,1,2,8,16,4,4,0,4,8,0,0,2,64,0,2,0,16,2,8,16,4,0,0,8,8,2,0,2,64,0,0,2,16
3,166,Up,6,1,10,64,1,1,2,8,16,4,0,0,8,8,2,0,2,64,0,0,2,16,4,8,16,4,2,0,8,8,0,0,4,64,0,0,0,16
3,167,Down,5,1,10,64,1,1,4,8,16,4,2,0,8,8,0,0,4,64,0,0,0,16,0,0,2,4,0,0,16,8,4,0,8,64,2,8,4,16
3,168,Up,4,1,10,64,1,1,0,0,2,4,0,0,16,8,4,0,8,64,2,8,4,16,4,8,2,4,2,0,16,8,0,2,8,64,0,0,4,16
3,169,Right,3,1,10,64,1,1,4,8,2,4,2,0,16,8,0,2,8,64,0,0,4,16,4,8,2,4,0,2,16,8,0,2,8,64,2,0,4,16
3,170,Down,3,1,10,64,1,1,4,8,2,4,0,2,16,8,0,2,8,64,2,0,4,16,2,0,2,4,0,0,16,8,4,8,8,64,2,4,4,16
3,171,Up,2,1,10,64,1,1,2,0,2,4,0,0,16,8,4,8,8,64,2,4,4,16,2,8,2,4,4,2,16,8,2,0,8,64,0,2,4,16
3,172,Down,2,1,10,64,1,1,2,8,2,4,4,2,16,8,2,0,8,64,0,2,4,16,0,2,2,4,2,0,16,8,4,8,8,64,2,4,4,16
3,173,Up,1,1,10,64,1,1,0,2,2,4,2,0,16,8,4,8,8,64,2,4,4,16,2,2,2,4,4,4,16,8,2,4,8,64,0,2,4,16
3,174,Down,1,1,11,64,1,1,2,2,2,4,4,4,16,8,2,4,8,64,0,2,4,16,2,0,2,4,2,2,16,8,4,8,8,64,2,2,4,16
3,175,Up,1,1,11,64,1,1,2,0,2,4,2,2,16,8,4,8,8,64,2,2,4,16,4,2,2,4,4,4,16,8,2,2,8,64,2,0,4,16
3,176,Right,3,1,11,64,1,1,4,2,2,4,4,4,16,8,2,2,8,64,2,0,4,16,0,4,4,4,2,4,16,8,0,4,8,64,0,2,4,16
3,177,Down,3,1,12,64,1,1,0,4,4,4,2,4,16,8,0,4,8,64,0,2,4,16,0,2,4,4,0,2,16,8,0,8,8,64,2,2,4,16
3,178,Up,3,1,12,64,1,1,0,2,4,4,0,2,16,8,0,8,8,64,2,2,4,16,2,4,4,4,0,4,16,8,0,2,8,64,0,2,4,16
3,179,Up,4,1,13,64,1,1,2,4,4,4,0,4,16,8,0,2,8,64,0,2,4,16,2,8,4,4,2,2,16,8,0,0,8,64,0,0,4,16
3,180,Down,4,1,13,64,1,1,2,8,4,4,2,2,16,8,0,0,8,64,0,0,4,16,0,0,4,4,0,2,16,8,0,8,8,64,4,2,4,16
3,181,Right,5,1,13,64,1,1,0,0,4,4,0,2,16,8,0,8,8,64,4,2,4,16,0,0,0,8,2,2,16,8,0,0,16,64,4,2,4,16
3,182,Down,7,1,13,64,1,1,0,0,0,8,2,2,16,8,0,0,16,64,4,2,4,16,0,2,0,0,0,0,0,16,2,0,32,64,4,4,4,16
3,183,Up,6,1,13,64,1,1,0,2,0,0,0,0,0,16,2,0,32,64,4,4,4,16,2,2,32,16,4,2,4,64,0,0,0,16,0,0,0,2
3,184,Right,6,1,13,64,1,1,2,2,32,16,4,2,4,64,0,0,0,16,0,0,0,2,0,4,32,16,4,2,4,64,2,0,0,16,0,0,0,2
3,185,Up,5,1,13,64,1,1,0,4,32,16,4,2,4,64,2,0,0,16,0,0,0,2,4,4,32,16,2,2,4,64,0,0,0,16,2,0,0,2
3,186,Down,5,1,13,64,1,1,4,4,32,16,2,2,4,64,0,0,0,16,2,0,0,2,0,0,0,16,0,2,0,64,4,4,32,16,4,2,4,2
3,187,Up,5,1,13,64,1,1,0,0,0,16,0,2,0,64,4,4,32,16,4,2,4,2,8,2,32,16,2,2,4,64,0,2,0,16,0,0,0,2
3,188,Down,5,1,13,64,1,1,8,2,32,16,2,2,4,64,0,2,0,16,0,0,0,2,0,0,0,16,0,2,0,64,8,2,32,16,2,4,4,2
3,189,Up,5,1,13,64,1,1,0,0,0,16,0,2,0,64,8,2,32,16,2,4,4,2,8,4,32,16,2,2,4,64,0,0,0,16,0,2,0,2
3,190,Right,6,1,13,64,1,1,8,4,32,16,2,2,4,64,0,0,0,16,0,2,0,2,8,4,32,16,2,2,4,64,0,0,0,16,0,0,0,4
3,191,Down,5,1,13,64,1,1,8,4,32,16,2,2,4,64,0,0,0,16,0,0,0,4,0,2,0,16,0,0,0,64,8,4,32,16,2,2,4,4
3,192,Up,4,1,13,64,1,1,0,2,0,16,0,0,0,64,8,4,32,16,2,2,4,4,8,2,32,16,2,2,4,64,0,2,0,16,2,0,0,4
3,193,Down,5,1,13,64,1,1,8,2,32,16,2,2,4,64,0,2,0,16,2,0,0,4,0,0,2,16,0,0,0,64,8,2,32,16,4,4,4,4
3,194,Up,4,1,13,64,1,1,0,0,2,16,0,0,0,64,8,2,32,16,4,4,4,4,8,2,2,16,4,2,32,64,0,2,4,16,0,0,0,4
3,195,Right,4,1,13,64,1,1,8,2,2,16,4,2,32,64,0,2,4,16,0,0,0,4,2,8,4,16,4,2,32,64,0,2,4,16,0,0,0,4
3,196,Down,4,1,13,64,1,1,2,8,4,16,4,2,32,64,0,2,4,16,0,0,0,4,0,0,0,16,0,2,4,64,2,8,32,16,4,4,4,4
3,197,Right,5,1,13,64,1,1,0,0,0,16,0,2,4,64,2,8,32,16,4,4,4,4,0,0,0,16,2,2,4,64,2,8,32,16,0,0,8,8
3,198,Up,5,1,13,64,1,1,0,0,0,16,2,2,4,64,2,8,32,16,0,0,8,8,4,2,4,16,0,4,32,64,0,2,8,16,0,0,0,8
3,199,Down,4,1,14,64,1,1,4,2,4,16,0,4,32,64,0,2,8,16,0,0,0,8,0,0,2,16,0,2,4,64,0,4,32,16,4,2,8,8
3,200,Up,3,1,14,64,1,1,0,0,2,16,0,2,4,64,0,4,32,16,4,2,8,8,4,2,2,16,0,2,4,64,2,2,32,16,0,0,8,8
3,201,Down,3,1,14,64,1,1,4,2,2,16,0,2,4,64,2,2,32,16,0,0,8,8,2,0,2,16,0,0,4,64,4,2,32,16,2,4,8,8
3,202,Up,2,1,14,64,1,1,2,0,2,16,0,0,4,64,4,2,32,16,2,4,8,8,2,2,2,16,4,2,4,64,2,2,32,16,0,0,8,8
3,203,Down,2,1,14,64,1,1,2,2,2,16,4,2,4,64,2,2,32,16,0,0,8,8,2,0,2,16,2,0,4,64,4,2,32,16,2,4,8,8
3,204,Up,2,1,14,64,1,1,2,0,2,16,2,0,4,64,4,2,32,16,2,4,8,8,4,2,2,16,4,2,4,64,2,2,32,16,0,0,8,8
3,205,Up,3,1,14,64,1,1,4,2,2,16,4,2,4,64,2,2,32,16,0,0,8,8,8,4,2,16,2,2,4,64,0,0,32,16,2,0,8,8
3,206,Down,3,1,14,64,1,1,8,4,2,16,2,2,4,64,0,0,32,16,2,0,8,8,0,0,2,16,2,0,4,64,8,4,32,16,4,2,8,8
3,207,Up,2,1,14,64,1,1,0,0,2,16,2,0,4,64,8,4,32,16,4,2,8,8,2,4,2,16,8,2,4,64,4,2,32,16,0,0,8,8
3,208,Down,2,1,14,64,1,1,2,4,2,16,8,2,4,64,4,2,32,16,0,0,8,8,0,2,2,16,2,0,4,64,8,4,32,16,4,4,8,8
3,209,Up,2,1,14,64,1,1,0,2,2,16,2,0,4,64,8,4,32,16,4,4,8,8,2,2,2,16,8,4,4,64,4,2,32,16,0,0,8,8
3,210,Down,1,1,15,64,1,1,2,2,2,16,8,4,4,64,4,2,32,16,0,0,8,8,2,0,2,16,2,2,4,64,8,4,32,16,4,2,8,8
3,211,Up,1,1,15,64,1,1,2,0,2,16,2,2,4,64,8,4,32,16,4,2,8,8,4,2,2,16,8,2,4,64,4,2,32,16,0,2,8,8
3,212,Down,2,1,15,64,1,1,4,2,2,16,8,2,4,64,4,2,32,16,0,2,8,8,0,2,2,16,4,0,4,64,8,4,32,16,4,4,8,8
3,213,Up,2,1,15,64,1,1,0,2,2,16,4,0,4,64,8,4,32,16,4,4,8,8,4,2,2,16,8,4,4,64,4,2,32,16,0,0,8,8
3,214,Down,1,1,16,64,1,1,4,2,2,16,8,4,4,64,4,2,32,16,0,0,8,8,0,2,2,16,4,2,4,64,8,4,32,16,4,2,8,8
3,215,Up,1,1,16,64,1,1,0,2,2,16,4,2,4,64,8,4,32,16,4,2,8,8,4,4,2,16,8,2,4,64,4,2,32,16,2,0,8,8
3,216,Up,1,1,16,64,1,1,4,4,2,16,8,2,4,64,4,2,32,16,2,0,8,8,4,4,2,16,8,2,4,64,4,0,32,16,2,2,8,8
3,217,Down,1,1,16,64,1,1,4,4,2,16,8,2,4,64,4,0,32,16,2,2,8,8,4,2,2,16,8,0,4,64,4,4,32,16,2,4,8,8
3,218,Up,1,1,16,64,1,1,4,2,2,16,8,0,4,64,4,4,32,16,2,4,8,8,4,2,2,16,8,4,4,64,4,2,32,16,2,0,8,8
3,219,Down,0,1,17,64,1,1,4,2,2,16,8,4,4,64,4,2,32,16,2,0,8,8,4,2,2,16,8,2,4,64,4,4,32,16,2,2,8,8
3,220,Up,0,1,17,64,1,1,4,2,2,16,8,2,4,64,4,4,32,16,2,2,8,8,4,4,2,16,8,2,4,64,4,2,32,16,2,2,8,8
3,221,Down,0,1,17,64,1,1,4,4,2,16,8,2,4,64,4,2,32,16,2,2,8,8,4,2,2,16,8,2,4,64,4,2,32,16,2,4,8,8
3,222,Up,0,1,17,64,1,1,4,2,2,16,8,2,4,64,4,2,32,16,2,4,8,8,4,4,2,16,8,2,4,64,4,4,32,16,2,2,8,8
3,223,Right,3,1,17,64,1,1,4,4,2,16,8,2,4,64,4,4,32,16,2,2,8,8,2,8,2,16,8,2,4,64,0,8,32,16,0,0,4,16
3,224,Down,3,1,17,64,1,1,2,8,2,16,8,2,4,64,0,8,32,16,0,0,4,16,0,0,2,2,0,4,4,16,2,2,32,64,8,8,4,32
3,225,Up,2,1,18,64,1,1,0,0,2,2,0,4,4,16,2,2,32,64,8,8,4,32,2,4,2,2,8,2,4,16,2,8,32,64,0,0,4,32
3,226,Left,2,1,18,64,1,1,2,4,2,2,8,2,4,16,2,8,32,64,0,0,4,32,2,4,4,0,8,2,4,16,2,8,32,64,4,32,2,0
3,227,Up,2,1,18,64,1,1,2,4,4,0,8,2,4,16,2,8,32,64,4,32,2,0,2,4,8,16,8,2,32,64,2,8,2,0,4,32,2,0
3,228,Up,2,1,18,64,1,1,2,4,8,16,8,2,32,64,2,8,2,0,4,32,2,0,2,4,8,16,8,2,32,64,2,8,4,2,4,32,0,0
3,229,Down,1,1,18,64,1,1,2,4,8,16,8,2,32,64,2,8,4,2,4,32,0,0,2,4,0,2,8,2,8,16,2,8,32,64,4,32,4,2
3,230,Right,0,1,18,64,1,1,2,4,0,2,8,2,8,16,2,8,32,64,4,32,4,2,2,2,4,2,8,2,8,16,2,8,32,64,4,32,4,2
3,231,Left,0,1,18,64,1,1,2,2,4,2,8,2,8,16,2,8,32,64,4,32,4,2,4,4,2,2,8,2,8,16,2,8,32,64,4,32,4,2
3,232,Left,1,1,18,64,1,1,4,4,2,2,8,2,8,16,2,8,32,64,4,32,4,2,8,4,2,0,8,2,8,16,2,8,32,64,4,32,4,2
3,233,Right,0,1,18,64,1,1,8,4,2,0,8,2,8,16,2,8,32,64,4,32,4,2,2,8,4,2,8,2,8,16,2,8,32,64,4,32,4,2
4,0,Right,14,0,0,4,1,1,0,0,0,0,0,0,0,0,0,2,2,0,0,0,0,0,0,2,0,0,0,0,0,0,0,0,0,4,0,0,0,0
4,1,Left,13,0,0,4,1,1,0,2,0,0,0,0,0,0,0,0,0,4,0,0,0,0,2,0,0,2,0,0,0,0,4,0,0,0,0,0,0,0
4,2,Up,12,0,0,4,1,1,2,0,0,2,0,0,0,0,4,0,0,0,0,0,0,0,2,0,2,2,4,0,0,0,0,0,0,0,0,0,0,0
4,3,Left,12,0,0,4,1,1,2,0,2,2,4,0,0,0,0,0,0,0,0,0,0,0,4,2,0,0,4,0,0,0,0,0,0,0,0,0,2,0
4,4,Down,12,0,0,8,1,1,4,2,0,0,4,0,0,0,0,0,0,0,0,0,2,0,0,0,0,0,0,0,0,0,0,0,0,2,8,2,2,0
4,5,Left,12,0,0,8,1,1,0,0,0,0,0,0,0,0,0,0,0,2,8,2,2,0,0,0,0,0,0,0,0,0,2,0,0,0,8,4,2,0
4,6,Up,11,0,0,8,1,1,0,0,0,0,0,0,0,0,2,0,0,0,8,4,2,0,2,4,2,2,8,0,0,0,0,0,0,0,0,0,0,0
4,7,Right,11,0,0,8,1,1,2,4,2,2,8,0,0,0,0,0,0,0,0,0,0,0,0,2,4,4,0,0,0,8,0,0,0,0,0,0,0,2
4,8,Down,10,0,0,8,1,1,0,2,4,4,0,0,0,8,0,0,0,0,0,0,0,2,0,0,0,0,0,0,0,4,0,0,0,8,2,2,4,2
4,9,Right,10,0,0,8,1,1,0,0,0,0,0,0,0,4,0,0,0,8,2,2,4,2,0,0,0,2,0,0,0,4,0,0,0,8,0,4,4,2
4,10,Left,10,0,0,8,1,1,0,0,0,2,0,0,0,4,0,0,0,8,0,4,4,2,2,0,0,0,4,0,0,0,8,0,0,2,8,2,0,0
4,11,Down,10,0,0,16,1,1,2,0,0,0,4,0,0,0,8,0,0,2,8,2,0,0,0,0,0,0,2,0,2,0,4,0,0,0,16,2,0,2
4,12,Left,11,0,0,16,1,1,0,0,0,0,2,0,2,0,4,0,0,0,16,2,0,2,0,0,0,0,4,0,0,0,4,0,0,2,16,4,0,0
4,13,Up,11,0,0,16,1,1,0,0,0,0,4,0,0,0,4,0,0,2,16,4,0,0,8,4,0,2,16,0,2,0,0,0,0,0,0,0,0,0
4,14,Down,10,0,0,16,1,1,8,4,0,2,16,0,2,0,0,0,0,0,0,0,0,0,0,0,0,0,0,0,0,0,8,2,0,0,16,4,2,2
4,15,Up,9,0,0,16,1,1,0,0,0,0,0,0,0,0,8,2,0,0,16,4,2,2,8,2,2,2,16,2,0,0,0,0,0,0,0,0,2,0
4,16,Right,9,0,0,16,1,1,8,2,2,2,16,2,0,0,0,0,0,0,0,0,2,0,0,8,2,4,0,0,16,2,0,0,0,0,0,0,2,2
4,17,Left,9,0,0,16,1,1,0,8,2,4,0,0,16,2,0,0,0,0,0,0,2,2,8,2,4,0,16,2,0,0,0,2,0,0,4,0,0,0
4,18,Right,8,0,0,16,1,1,8,2,4,0,16,2,0,0,0,2,0,0,4,0,0,0,0,8,2,4,0,2,16,2,0,0,0,2,0,0,0,4
4,19,Up,8,0,0,16,1,1,0,8,2,4,0,2,16,2,0,0,0,2,0,0,0,4,0,8,2,4,0,2,16,4,0,0,2,4,0,0,0,0
4,20,Down,8,0,0,16,1,1,0,8,2,4,0,2,16,4,0,0,2,4,0,0,0,0,0,0,0,0,0,0,2,0,2,8,16,4,0,2,2,8
4,21,Left,8,0,0,16,1,1,0,0,0,0,0,0,2,0,2,8,16,4,0,2,2,8,0,0,0,0,2,0,0,0,2,8,16,4,4,8,2,0
4,22,Up,9,0,0,16,1,1,0,0,0,0,2,0,0,0,2,8,16,4,4,8,2,0,4,16,16,4,4,0,2,0,0,0,0,0,2,0,0,0
4,23,Down,9,0,0,16,1,1,4,16,16,4,4,0,2,0,0,0,0,0,2,0,0,0,0,0,0,2,0,0,0,0,8,0,16,0,2,16,2,4
4,24,Left,8,0,0,16,1,1,0,0,0,2,0,0,0,0,8,0,16,0,2,16,2,4,2,0,0,0,0,0,0,2,8,16,0,0,2,16,2,4
4,25,Up,8,0,0,32,1,1,2,0,0,0,0,0,0,2,8,16,0,0,2,16,2,4,2,32,2,2,8,0,0,4,2,0,0,0,0,0,0,2
4,26,Down,7,0,0,32,1,1,2,32,2,2,8,0,0,4,2,0,0,0,0,0,0,2,0,0,0,0,2,0,0,2,8,2,0,4,2,32,2,2
4,27,Up,6,0,0,16,1,1,0,0,0,0,2,0,0,2,8,2,0,4,2,32,2,2,2,2,2,2,8,16,2,4,2,0,0,2,0,0,0,0
4,28,Left,8,1,0,8,1,1,2,2,2,2,8,16,2,4,2,0,0,2,0,0,0,0,4,4,0,0,8,8,2,4,4,0,0,2,0,0,0,0
4,29,Down,7,1,0,8,1,1,4,4,0,0,8,8,2,4,4,0,0,2,0,0,0,0,0,2,0,0,4,0,0,0,8,4,0,4,4,8,2,2
4,30,Up,6,1,0,8,1,1,0,2,0,0,4,0,0,0,8,4,0,4,4,8,2,2,4,2,2,4,8,2,0,2,4,8,0,2,0,0,0,0
4,31,Left,7,1,0,8,1,1,4,2,2,4,8,2,0,2,4,8,0,2,0,0,0,0,4,4,4,0,8,2,0,0,4,8,2,0,0,2,0,0
4,32,Down,6,1,0,8,1,1,4,4,4,0,8,2,0,0,4,8,2,0,0,2,0,0,0,4,0,0,4,2,2,0,8,8,4,0,4,2,2,0
4,33,Right,8,1,0,16,1,1,0,4,0,0,4,2,2,0,8,8,4,0,4,2,2,0,0,0,0,4,0,0,4,4,0,0,16,4,2,0,4,4
4,34,Left,9,1,0,16,1,1,0,0,0,4,0,0,4,4,0,0,16,4,2,0,4,4,4,2,0,0,8,0,0,0,16,4,0,0,2,8,0,0
4,35,Right,8,1,0,16,1,1,4,2,0,0,8,0,0,0,16,4,0,0,2,8,0,0,0,0,4,2,0,0,2,8,0,0,16,4,0,0,2,8
4,36,Left,7,1,0,16,1,1,0,0,4,2,0,0,2,8,0,0,16,4,0,0,2,8,4,2,0,0,2,4,0,2,16,4,0,0,2,8,0,0
4,37,Down,7,1,1,16,1,1,4,2,0,0,2,4,0,2,16,4,0,0,2,8,0,0,4,0,0,2,2,2,0,0,16,8,0,0,2,8,0,2
4,38,Left,7,1,1,16,1,1,4,0,0,2,2,2,0,0,16,8,0,0,2,8,0,2,4,2,0,0,4,0,0,2,16,8,0,0,2,8,2,0
4,39,Up,8,1,1,16,1,1,4,2,0,0,4,0,0,2,16,8,0,0,2,8,2,0,8,2,2,2,16,8,0,0,2,0,2,0,0,0,0,0
4,40,Right,9,1,1,16,1,1,8,2,2,2,16,8,0,0,2,0,2,0,0,0,0,0,0,8,2,4,0,0,16,8,0,0,0,4,0,0,0,2
4,41,Down,8,1,1,16,1,1,0,8,2,4,0,0,16,8,0,0,0,4,0,0,0,2,0,0,2,4,0,0,0,8,0,0,2,4,0,8,16,2
4,42,Left,7,1,1,16,1,1,0,0,2,4,0,0,0,8,0,0,2,4,0,8,16,2,2,4,0,0,8,0,0,0,2,4,0,0,8,16,2,2
4,43,Right,7,1,1,16,1,1,2,4,0,0,8,0,0,0,2,4,0,0,8,16,2,2,0,0,2,4,0,0,0,8,0,0,2,4,2,8,16,4
4,44,Left,6,1,1,16,1,1,0,0,2,4,0,0,0,8,0,0,2,4,2,8,16,4,2,4,0,0,8,0,0,0,2,4,2,0,2,8,16,4
4,45,Right,5,1,1,16,1,1,2,4,0,0,8,0,0,0,2,4,2,0,2,8,16,4,0,0,2,4,0,0,0,8,2,2,4,2,2,8,16,4
4,46,Down,5,1,1,16,1,1,0,0,2,4,0,0,0,8,2,2,4,2,2,8,16,4,0,0,0,4,2,0,2,8,0,2,4,2,4,8,16,4
4,47,Right,5,1,1,16,1,1,0,0,0,4,2,0,2,8,0,2,4,2,4,8,16,4,0,2,0,4,0,0,4,8,0,2,4,2,4,8,16,4
4,48,Left,4,1,1,16,1,1,0,2,0,4,0,0,4,8,0,2,4,2,4,8,16,4,2,4,0,0,4,4,2,0,2,4,2,0,4,8,16,4
4,49,Up,5,1,2,16,1,1,2,4,0,0,4,4,2,0,2,4,2,0,4,8,16,4,2,8,4,4,4,2,16,2,2,8,0,0,4,0,0,0
4,50,Down,4,1,2,16,1,1,2,8,4,4,4,2,16,2,2,8,0,0,4,0,0,0,2,0,0,0,4,4,2,0,2,2,4,4,4,8,16,2
4,51,Left,6,1,3,16,1,1,2,0,0,0,4,4,2,0,2,2,4,4,4,8,16,2,2,0,0,0,8,2,0,0,4,8,2,0,4,8,16,2
4,52,Up,7,1,3,16,1,1,2,0,0,0,8,2,0,0,4,8,2,0,4,8,16,2,2,2,2,2,8,8,16,0,8,0,0,2,0,0,0,0
4,53,Down,8,1,3,16,1,1,2,2,2,2,8,8,16,0,8,0,0,2,0,0,0,0,0,0,0,0,0,0,2,0,2,2,2,0,16,8,16,4
4,54,Right,8,1,3,16,1,1,0,0,0,0,0,0,2,0,2,2,2,0,16,8,16,4,0,0,0,0,0,0,2,2,0,0,2,4,16,8,16,4
4,55,Left,8,1,3,16,1,1,0,0,0,0,0,0,2,2,0,0,2,4,16,8,16,4,0,0,0,2,4,0,0,0,2,4,0,0,16,8,16,4
4,56,Down,7,1,3,16,1,1,0,0,0,2,4,0,0,0,2,4,0,0,16,8,16,4,0,0,0,0,4,0,2,0,2,4,0,2,16,8,16,4
4,57,Right,6,1,3,16,1,1,0,0,0,0,4,0,2,0,2,4,0,2,16,8,16,4,0,0,0,0,2,0,4,2,0,2,4,2,16,8,16,4
4,58,Left,5,1,3,16,1,1,0,0,0,0,2,0,4,2,0,2,4,2,16,8,16,4,0,0,0,2,2,2,2,0,2,4,2,0,16,8,16,4
4,59,Down,6,1,3,16,1,1,0,0,0,2,2,2,2,0,2,4,2,0,16,8,16,4,2,0,0,0,0,2,0,0,4,4,4,2,16,8,16,4
4,60,Right,6,1,3,16,1,1,2,0,0,0,0,2,0,0,4,4,4,2,16,8,16,4,0,2,0,2,0,0,0,2,0,4,8,2,16,8,16,4
4,61,Left,6,1,3,16,1,1,0,2,0,2,0,0,0,2,0,4,8,2,16,8,16,4,4,0,0,0,2,2,0,0,4,8,2,0,16,8,16,4
4,62,Right,6,1,3,16,1,1,4,0,0,0,2,2,0,0,4,8,2,0,16,8,16,4,2,0,0,4,0,0,0,4,0,4,8,2,16,8,16,4
4,63,Down,6,1,3,16,1,1,2,0,0,4,0,0,0,4,0,4,8,2,16,8,16,4,0,0,0,2,0,0,0,8,2,4,8,2,16,8,16,4
4,64,Up,5,1,3,16,1,1,0,0,0,2,0,0,0,8,2,4,8,2,16,8,16,4,2,4,8,2,16,4,16,8,0,0,2,2,0,0,0,4
4,65,Down,5,1,3,16,1,1,2,4,8,2,16,4,16,8,0,0,2,2,0,0,0,4,0,0,0,2,0,0,8,8,2,2,16,2,16,8,2,4
4,66,Up,4,1,3,16,1,1,0,0,0,2,0,0,8,8,2,2,16,2,16,8,2,4,2,2,8,2,16,4,16,8,2,0,2,2,0,0,0,4
4,67,Left,5,1,4,16,1,1,2,2,8,2,16,4,16,8,2,0,2,2,0,0,0,4,4,8,2,0,16,2,16,8,4,2,0,0,4,0,0,2
4,68,Down,6,1,4,16,1,1,4,8,2,0,16,2,16,8,4,2,0,0,4,0,0,2,0,0,0,2,4,0,0,0,16,8,2,8,8,4,16,2
4,69,Left,5,1,4,16,1,1,0,0,0,2,4,0,0,0,16,8,2,8,8,4,16,2,2,0,0,0,4,2,0,0,16,8,2,8,8,4,16,2
4,70,Right,4,1,4,16,1,1,2,0,0,0,4,2,0,0,16,8,2,8,8,4,16,2,0,0,0,2,2,0,4,2,16,8,2,8,8,4,16,2
4,71,Down,4,1,4,16,1,1,0,0,0,2,2,0,4,2,16,8,2,8,8,4,16,2,2,0,0,0,2,0,4,4,16,8,2,8,8,4,16,2
4,72,Up,4,1,4,16,1,1,2,0,0,0,2,0,4,4,16,8,2,8,8,4,16,2,4,8,4,4,16,2,2,8,8,2,16,2,0,0,0,0
4,73,Left,5,1,4,16,1,1,4,8,4,4,16,2,2,8,8,2,16,2,0,0,0,0,4,8,8,0,16,2,8,0,8,2,16,2,0,0,0,2
4,74,Down,7,1,4,16,1,1,4,8,8,0,16,2,8,0,8,2,16,2,0,0,0,2,0,0,0,0,4,0,2,0,16,8,16,0,8,4,16,4
4,75,Left,6,1,4,16,1,1,0,0,0,0,4,0,2,0,16,8,16,0,8,4,16,4,0,0,0,0,4,2,0,2,16,8,16,0,8,4,16,4
4,76,Down,6,1,4,32,1,1,0,0,0,0,4,2,0,2,16,8,16,0,8,4,16,4,0,2,0,0,4,2,0,0,16,8,0,2,8,4,32,4
4,77,Right,5,1,4,32,1,1,0,2,0,0,4,2,0,0,16,8,0,2,8,4,32,4,0,0,0,2,2,0,4,2,0,16,8,2,8,4,32,4
4,78,Left,4,1,4,32,1,1,0,0,0,2,2,0,4,2,0,16,8,2,8,4,32,4,2,0,0,0,2,2,2,2,16,8,2,0,8,4,32,4
4,79,Up,5,1,4,32,1,1,2,0,0,0,2,2,2,2,16,8,2,0,8,4,32,4,4,2,4,2,16,4,32,4,8,4,0,0,2,0,0,0
4,80,Down,5,1,4,32,1,1,4,2,4,2,16,4,32,4,8,4,0,0,2,0,0,0,4,0,0,2,16,0,0,0,8,2,4,2,2,8,32,4
4,81,Left,4,1,4,32,1,1,4,0,0,2,16,0,0,0,8,2,4,2,2,8,32,4,4,2,0,0,16,0,0,2,8,2,4,2,2,8,32,4
4,82,Down,5,1,4,32,1,1,4,2,0,0,16,0,0,2,8,2,4,2,2,8,32,4,4,0,0,0,16,2,0,0,8,4,4,4,2,8,32,4
4,83,Right,5,1,4,32,1,1,4,0,0,0,16,2,0,0,8,4,4,4,2,8,32,4,0,0,0,4,0,0,16,2,2,8,4,8,2,8,32,4
4,84,Left,4,1,4,32,1,1,0,0,0,4,0,0,16,2,2,8,4,8,2,8,32,4,4,2,0,0,16,2,0,0,2,8,4,8,2,8,32,4
4,85,Down,6,1,4,32,1,1,4,2,0,0,16,2,0,0,2,8,4,8,2,8,32,4,0,0,0,0,4,0,0,2,16,4,4,8,4,16,32,4
4,86,Up,5,1,4,32,1,1,0,0,0,0,4,0,0,2,16,4,4,8,4,16,32,4,4,4,4,2,16,8,32,8,4,0,0,4,0,0,2,0
4,87,Left,6,1,5,32,1,1,4,4,4,2,16,8,32,8,4,0,0,4,0,0,2,0,8,4,2,2,16,4,32,8,8,0,0,0,2,0,0,0
4,88,Right,6,1,6,32,1,1,8,4,2,2,16,4,32,8,8,0,0,0,2,0,0,0,0,8,4,4,16,2,32,8,0,0,0,8,0,2,0,2
4,89,Down,7,1,6,32,1,1,0,8,4,4,16,2,32,8,0,0,0,8,0,2,0,2,0,0,0,0,0,2,0,4,0,8,4,16,16,4,32,2
4,90,Left,6,1,6,32,1,1,0,0,0,0,0,2,0,4,0,8,4,16,16,4,32,2,0,2,0,0,2,2,0,0,8,4,16,0,16,4,32,2
4,91,Down,7,1,6,32,1,1,0,2,0,0,2,2,0,0,8,4,16,0,16,4,32,2,0,0,0,0,2,0,0,2,8,4,16,0,16,8,32,2
4,92,Left,7,1,6,32,1,1,0,0,0,0,2,0,0,2,8,4,16,0,16,8,32,2,0,0,0,2,4,0,0,0,8,4,16,0,16,8,32,2
4,93,Up,7,1,6,32,1,1,0,0,0,2,4,0,0,0,8,4,16,0,16,8,32,2,4,4,16,4,8,4,32,0,16,0,0,0,0,2,0,0
4,94,Down,7,1,6,32,1,1,4,4,16,4,8,4,32,0,16,0,0,0,0,2,0,0,2,0,0,0,4,0,0,0,8,8,16,0,16,2,32,4
4,95,Left,7,1,6,32,1,1,2,0,0,0,4,0,0,0,8,8,16,0,16,2,32,4,2,0,0,0,4,0,0,0,16,16,0,2,16,2,32,4
4,96,Right,7,1,6,32,1,1,2,0,0,0,4,0,0,0,16,16,0,2,16,2,32,4,0,0,0,2,0,2,0,4,0,0,32,2,16,2,32,4
4,97,Down,8,1,6,64,1,1,0,0,0,2,0,2,0,4,0,0,32,2,16,2,32,4,0,0,0,2,0,0,0,4,2,0,0,2,16,4,64,4
4,98,Left,8,1,6,64,1,1,0,0,0,2,0,0,0,4,2,0,0,2,16,4,64,4,2,2,0,0,4,0,0,0,4,0,0,0,16,4,64,4
4,99,Right,8,1,6,64,1,1,2,2,0,0,4,0,0,0,4,0,0,0,16,4,64,4,0,0,0,4,0,0,0,4,2,0,0,4,16,4,64,4
4,100,Down,9,1,6,64,1,1,0,0,0,4,0,0,0,4,2,0,0,4,16,4,64,4,0,0,0,0,2,0,0,0,2,0,0,8,16,4,64,8
4,101,Up,10,1,6,64,1,1,0,0,0,0,2,0,0,0,2,0,0,8,16,4,64,8,4,4,64,16,16,0,0,0,0,0,0,0,2,0,0,0
4,102,Left,10,1,6,64,1,1,4,4,64,16,16,0,0,0,0,0,0,0,2,0,0,0,8,64,16,0,16,0,0,0,0,0,0,0,2,0,0,2
4,103,Down,9,1,6,64,1,1,8,64,16,0,16,0,0,0,0,0,0,0,2,0,0,2,2,0,0,0,8,0,0,0,16,0,0,0,2,64,16,2
4,104,Right,8,1,6,64,1,1,2,0,0,0,8,0,0,0,16,0,0,0,2,64,16,2,0,0,0,2,0,0,0,8,0,0,2,16,2,64,16,2
4,105,Left,7,1,6,64,1,1,0,0,0,2,0,0,0,8,0,0,2,16,2,64,16,2,2,0,0,0,8,0,0,2,2,16,0,0,2,64,16,2
4,106,Up,8,1,6,32,1,1,2,0,0,0,8,0,0,2,2,16,0,0,2,64,16,2,2,16,16,4,8,32,2,0,4,0,0,0,0,0,0,0
4,107,Down,7,1,6,32,1,1,2,16,16,4,8,32,2,0,4,0,0,0,0,0,0,0,0,0,0,0,2,2,0,0,8,16,16,0,4,32,2,4
4,108,Right,8,1,6,32,1,1,0,0,0,0,2,2,0,0,8,16,16,0,4,32,2,4,0,0,0,0,0,0,0,4,2,0,8,32,4,32,2,4
4,109,Left,7,1,6,32,1,1,0,0,0,0,0,0,0,4,2,0,8,32,4,32,2,4,0,0,0,0,4,2,0,0,2,8,32,0,4,32,2,4
4,110,Up,6,1,6,32,1,1,0,0,0,0,4,2,0,0,2,8,32,0,4,32,2,4,4,2,32,4,2,4,2,0,4,32,0,2,0,0,0,0
4,111,Right,5,1,7,32,1,1,4,2,32,4,2,4,2,0,4,32,0,2,0,0,0,0,4,2,32,4,0,2,4,2,0,4,32,2,0,0,2,0
4,112,Down,6,1,7,32,1,1,4,2,32,4,0,2,4,2,0,4,32,2,0,0,2,0,0,0,32,0,2,0,4,0,0,4,32,4,4,4,2,4
4,113,Left,6,1,7,32,1,1,0,0,32,0,2,0,4,0,0,4,32,4,4,4,2,4,32,2,0,0,2,2,0,0,4,32,4,0,8,2,4,0
4,114,Down,7,1,7,32,1,1,32,2,0,0,2,2,0,0,4,32,4,0,8,2,4,0,32,0,0,0,2,2,0,0,4,32,0,2,8,2,8,0
4,115,Left,7,1,7,32,1,1,32,0,0,0,2,2,0,0,4,32,0,2,8,2,8,0,32,0,0,0,4,0,0,0,4,32,2,2,8,2,8,0
4,116,Right,7,1,7,32,1,1,32,0,0,0,4,0,0,0,4,32,2,2,8,2,8,0,2,0,0,32,0,0,0,4,0,4,32,4,0,8,2,8
4,117,Up,7,1,7,32,1,1,2,0,0,32,0,0,0,4,0,4,32,4,0,8,2,8,2,4,32,32,0,4,2,8,2,0,0,8,0,0,0,0
4,118,Down,9,1,7,32,1,1,2,4,32,32,0,4,2,8,2,0,0,8,0,0,0,0,0,0,0,0,0,0,0,0,2,0,32,32,4,8,2,16
4,119,Up,8,1,7,32,1,1,0,0,0,0,0,0,0,0,2,0,32,32,4,8,2,16,2,8,32,32,4,0,2,16,0,0,2,0,0,0,0,0
4,120,Left,8,1,7,64,1,1,2,8,32,32,4,0,2,16,0,0,2,0,0,0,0,0,2,8,64,2,4,2,16,0,2,0,0,0,0,0,0,0
4,121,Right,7,1,7,64,1,1,2,8,64,2,4,2,16,0,2,0,0,0,0,0,0,0,2,8,64,2,0,2,2,16,0,0,0,2,2,0,0,0
4,122,Down,7,1,7,64,1,1,2,8,64,2,0,2,2,16,0,0,0,2,2,0,0,0,0,0,0,0,0,0,2,2,0,8,64,16,4,2,2,2
4,123,Left,8,1,7,64,1,1,0,0,0,0,0,0,2,2,0,8,64,16,4,2,2,2,0,0,2,0,4,0,0,0,8,64,16,0,4,4,2,0
4,124,Down,7,1,7,64,1,1,0,0,2,0,4,0,0,0,8,64,16,0,4,4,2,0,0,0,0,0,4,2,2,0,8,64,16,0,4,4,2,0
4,125,Left,8,1,7,64,1,1,0,0,0,0,4,2,2,0,8,64,16,0,4,4,2,0,0,2,0,0,4,2,0,0,8,64,16,0,8,2,0,0
4,126,Left,7,1,7,64,1,1,0,2,0,0,4,2,0,0,8,64,16,0,8,2,0,0,2,0,2,0,4,2,0,0,8,64,16,0,8,2,0,0
4,127,Right,7,1,7,64,1,1,2,0,2,0,4,2,0,0,8,64,16,0,8,2,0,0,0,0,0,4,0,0,4,2,0,8,64,16,2,0,8,2
4,128,Down,6,1,7,64,1,1,0,0,0,4,0,0,4,2,0,8,64,16,2,0,8,2,0,0,0,4,0,0,4,2,2,0,64,16,2,8,8,2
4,129,Up,6,1,7,64,1,1,0,0,0,4,0,0,4,2,2,0,64,16,2,8,8,2,4,8,4,4,0,0,64,2,0,0,8,16,2,0,0,2
4,130,Left,7,1,7,64,1,1,4,8,4,4,0,0,64,2,0,0,8,16,2,0,0,2,4,8,8,0,64,2,0,0,8,16,0,0,4,0,0,2
4,131,Down,6,1,7,64,1,1,4,8,8,0,64,2,0,0,8,16,0,0,4,0,0,2,4,0,0,2,64,4,0,0,8,2,0,0,4,16,8,2
4,132,Right,5,1,7,64,1,1,4,0,0,2,64,4,0,0,8,2,0,0,4,16,8,2,0,0,4,2,0,0,64,4,2,0,8,2,4,16,8,2
4,133,Left,4,1,7,64,1,1,0,0,4,2,0,0,64,4,2,0,8,2,4,16,8,2,4,2,0,0,64,2,0,2,2,8,2,0,4,16,8,2
4,134,Down,5,1,7,64,1,1,4,2,0,0,64,2,0,2,2,8,2,0,4,16,8,2,4,0,0,0,64,2,0,2,2,8,2,0,4,16,8,4
4,135,Up,4,1,7,64,1,1,4,0,0,0,64,2,0,2,2,8,2,0,4,16,8,4,4,2,2,2,64,4,8,4,2,16,2,0,4,0,0,0
4,136,Left,4,1,8,64,1,1,4,2,2,2,64,4,8,4,2,16,2,0,4,0,0,0,4,4,2,2,64,2,8,4,2,16,2,0,4,0,0,0
4,137,Down,3,1,8,64,1,1,4,4,2,2,64,2,8,4,2,16,2,0,4,0,0,0,4,2,0,0,64,2,2,0,2,2,8,2,4,16,2,4
4,138,Up,3,1,8,64,1,1,4,2,0,0,64,2,2,0,2,2,8,2,4,16,2,4,4,4,2,2,64,2,8,4,2,16,2,0,4,2,0,0
4,139,Left,4,1,8,64,1,1,4,4,2,2,64,2,8,4,2,16,2,0,4,2,0,0,8,4,0,0,64,2,8,4,2,16,2,0,4,2,0,2
4,140,Down,3,1,8,64,1,1,8,4,0,0,64,2,8,4,2,16,2,0,4,2,0,2,8,4,0,0,64,2,0,2,2,16,8,4,4,2,2,2
4,141,Left,4,1,8,64,1,1,8,4,0,0,64,2,0,2,2,16,8,4,4,2,2,2,8,4,2,0,64,2,0,0,2,16,8,4,4,4,2,0
4,142,Down,3,1,8,64,1,1,8,4,2,0,64,2,0,0,2,16,8,4,4,4,2,0,8,4,0,2,64,2,2,0,2,16,8,0,4,4,2,4
4,143,Up,2,1,8,64,1,1,8,4,0,2,64,2,2,0,2,16,8,0,4,4,2,4,8,4,2,2,64,2,8,4,2,16,2,0,4,4,2,0
4,144,Left,3,1,8,64,1,1,8,4,2,2,64,2,8,4,2,16,2,0,4,4,2,0,8,4,4,0,64,2,8,4,2,16,2,0,8,2,0,2
4,145,Right,4,1,8,64,1,1,8,4,4,0,64,2,8,4,2,16,2,0,8,2,0,2,0,0,8,8,64,2,8,4,0,2,16,2,0,2,8,4
4,146,Up,5,1,8,64,1,1,0,0,8,8,64,2,8,4,0,2,16,2,0,2,8,4,64,4,16,8,0,2,16,4,2,0,8,2,0,0,0,4
4,147,Down,5,1,8,64,1,1,64,4,16,8,0,2,16,4,2,0,8,2,0,0,0,4,0,0,0,8,2,0,0,4,64,4,32,2,2,2,8,4
4,148,Left,5,1,8,64,1,1,0,0,0,8,2,0,0,4,64,4,32,2,2,2,8,4,8,0,0,2,2,2,0,0,64,4,32,2,4,8,4,0
4,149,Right,5,1,8,64,1,1,8,0,0,2,2,2,0,0,64,4,32,2,4,8,4,0,0,0,8,2,0,0,0,4,64,4,32,2,2,4,8,4
4,150,Down,5,1,8,64,1,1,0,0,8,2,0,0,0,4,64,4,32,2,2,4,8,4,2,0,0,2,0,0,8,4,64,0,32,2,2,8,8,4
4,151,Left,6,1,8,64,1,1,2,0,0,2,0,0,8,4,64,0,32,2,2,8,8,4,4,0,2,0,8,2,0,0,64,32,2,0,2,16,4,0
4,152,Down,6,1,8,64,1,1,4,0,2,0,8,2,0,0,64,32,2,0,2,16,4,0,4,0,0,0,8,2,0,2,64,32,4,0,2,16,4,0
4,153,Left,6,1,8,64,1,1,4,0,0,0,8,2,0,2,64,32,4,0,2,16,4,0,4,0,0,0,8,2,0,0,64,32,4,0,2,16,4,2
4,154,Right,5,1,8,64,1,1,4,0,0,0,8,2,0,0,64,32,4,0,2,16,4,2,0,0,2,4,0,0,8,2,0,64,32,4,2,16,4,2
4,155,Up,4,1,8,64,1,1,0,0,2,4,0,0,8,2,0,64,32,4,2,16,4,2,2,64,2,4,2,8,8,2,0,0,32,4,0,0,4,2
4,156,Left,4,1,8,64,1,1,2,64,2,4,2,8,8,2,0,0,32,4,0,0,4,2,2,64,2,4,2,8,2,2,32,4,0,0,4,2,0,0
4,157,Up,5,1,9,64,1,1,2,64,2,4,2,8,2,2,32,4,0,0,4,2,0,0,4,64,4,4,32,4,0,2,4,4,0,2,0,2,0,0
4,158,Down,6,1,9,32,1,1,4,64,4,4,32,4,0,2,4,4,0,2,0,2,0,0,2,0,0,0,4,32,0,0,32,8,0,4,4,2,4,4
4,159,Left,6,2,9,32,1,1,2,0,0,0,4,32,0,0,32,8,0,4,4,2,4,4,2,0,0,0,4,16,0,2,32,8,4,0,4,2,8,0
4,160,Up,5,2,9,32,1,1,2,0,0,0,4,16,0,2,32,8,4,0,4,2,8,0,2,16,4,2,4,4,8,0,32,2,0,2,4,0,0,0
4,161,Down,5,2,9,32,1,1,2,16,4,2,4,4,8,0,32,2,0,2,4,0,0,0,2,2,0,0,4,8,0,0,32,4,4,0,4,2,8,4
4,162,Left,6,2,10,32,1,1,2,2,0,0,4,8,0,0,32,4,4,0,4,2,8,4,4,0,0,0,4,4,2,0,32,8,0,0,4,2,8,4
4,163,Up,6,2,10,32,1,1,4,0,0,0,4,4,2,0,32,8,0,0,4,2,8,4,8,4,2,4,32,4,8,0,4,2,0,2,0,0,0,0
4,164,Down,6,2,10,32,1,1,8,4,2,4,32,4,8,0,4,2,0,2,0,0,0,0,0,0,0,0,8,0,0,2,32,8,2,4,4,2,8,2
4,165,Up,5,2,10,32,1,1,0,0,0,0,8,0,0,2,32,8,2,4,4,2,8,2,8,8,2,2,32,2,8,4,4,0,0,2,2,0,0,0
4,166,Left,6,2,10,32,1,1,8,8,2,2,32,2,8,4,4,0,0,2,2,0,0,0,16,4,0,0,32,2,8,4,4,2,0,0,2,2,0,0
4,167,Right,6,2,10,32,1,1,16,4,0,0,32,2,8,4,4,2,0,0,2,2,0,0,0,0,16,4,32,2,8,4,0,0,4,2,0,2,0,4
4,168,Down,7,2,10,32,1,1,0,0,16,4,32,2,8,4,0,0,4,2,0,2,0,4,0,0,0,0,0,2,16,8,0,0,8,2,32,4,4,4
4,169,Left,7,2,10,32,1,1,0,0,0,0,0,2,16,8,0,0,8,2,32,4,4,4,0,2,0,0,2,8,8,0,8,2,0,0,32,8,4,0
4,170,Right,7,2,10,32,1,1,0,2,0,0,2,8,8,0,8,2,0,0,32,8,4,0,0,0,2,2,0,0,2,16,0,0,8,2,0,32,8,4
4,171,Down,8,2,10,32,1,1,0,0,2,2,0,0,2,16,0,0,8,2,0,32,8,4,2,0,0,2,0,0,0,16,0,0,4,2,0,32,16,4
4,172,Left,8,2,10,32,1,1,2,0,0,2,0,0,0,16,0,0,4,2,0,32,16,4,4,0,0,0,16,0,0,2,4,2,0,0,32,16,4,0
4,173,Up,7,2,10,32,1,1,4,0,0,0,16,0,0,2,4,2,0,0,32,16,4,0,4,2,4,2,16,8,0,0,4,2,0,0,32,0,0,0
4,174,Right,6,2,10,32,1,1,4,2,4,2,16,8,0,0,4,2,0,0,32,0,0,0,4,2,4,2,0,0,16,8,0,2,4,2,0,0,0,32
4,175,Down,6,2,10,32,1,1,4,2,4,2,0,0,16,8,0,2,4,2,0,0,0,32,0,0,0,2,0,2,4,8,0,0,16,2,4,4,4,32
4,176,Right,6,2,10,32,1,1,0,0,0,2,0,2,4,8,0,0,16,2,4,4,4,32,0,2,0,2,0,2,4,8,0,0,16,2,0,4,8,32
4,177,Up,6,2,10,32,1,1,0,2,0,2,0,2,4,8,0,0,16,2,0,4,8,32,2,4,4,2,0,2,16,8,0,0,8,2,0,0,0,32
4,178,Left,6,2,10,32,1,1,2,4,4,2,0,2,16,8,0,0,8,2,0,0,0,32,2,8,2,0,2,8,8,0,8,2,0,2,32,0,0,0
4,179,Up,7,2,10,32,1,1,2,8,2,0,2,8,8,0,8,2,0,2,32,0,0,0,4,16,2,2,8,2,8,0,32,0,0,0,0,2,0,0
4,180,Down,7,2,10,32,1,1,4,16,2,2,8,2,8,0,32,0,0,0,0,2,0,0,0,0,0,0,4,2,0,0,8,16,2,0,32,4,8,2
4,181,Up,6,2,10,32,1,1,0,0,0,0,4,2,0,0,8,16,2,0,32,4,8,2,4,2,2,2,8,8,8,0,32,4,0,0,2,0,0,0
4,182,Left,7,2,11,32,1,1,4,2,2,2,8,8,8,0,32,4,0,0,2,0,0,0,4,4,2,0,16,4,0,0,32,4,0,2,2,0,0,0
4,183,Up,7,2,12,32,1,1,4,4,2,0,16,4,0,0,32,4,0,2,2,0,0,0,4,8,2,2,16,2,0,0,32,0,0,0,2,0,0,2
4,184,Down,7,2,12,32,1,1,4,8,2,2,16,2,0,0,32,0,0,0,2,0,0,2,4,0,0,0,16,0,2,0,32,8,0,0,2,2,2,4
4,185,Left,7,2,12,32,1,1,4,0,0,0,16,0,2,0,32,8,0,0,2,2,2,4,4,2,0,0,16,2,0,0,32,8,0,0,4,2,4,0
4,186,Right,6,2,12,32,1,1,4,2,0,0,16,2,0,0,32,8,0,0,4,2,4,0,0,0,4,2,0,0,16,2,2,0,32,8,0,4,2,4
4,187,Down,6,2,12,32,1,1,0,0,4,2,0,0,16,2,2,0,32,8,0,4,2,4,0,0,4,0,0,0,16,4,2,0,32,8,2,4,2,4
4,188,Up,6,2,12,32,1,1,0,0,4,0,0,0,16,4,2,0,32,8,2,4,2,4,4,4,4,4,0,0,16,8,2,0,32,4,0,0,2,0
4,189,Right,7,2,12,32,1,1,4,4,4,4,0,0,16,8,2,0,32,4,0,0,2,0,0,2,8,8,0,0,16,8,0,2,32,4,0,0,0,2
4,190,Up,8,2,12,32,1,1,0,2,8,8,0,0,16,8,0,2,32,4,0,0,0,2,0,4,8,16,0,0,16,4,0,0,32,2,0,0,2,0
4,191,Down,7,2,12,32,1,1,0,4,8,16,0,0,16,4,0,0,32,2,0,0,2,0,0,0,8,2,0,0,16,16,0,0,32,4,0,4,2,2
4,192,Up,6,2,12,32,1,1,0,0,8,2,0,0,16,16,0,0,32,4,0,4,2,2,0,4,8,2,0,0,16,16,2,0,32,4,0,0,2,2
4,193,Down,5,2,12,32,1,1,0,4,8,2,0,0,16,16,2,0,32,4,0,0,2,2,2,0,8,2,0,0,16,16,0,0,32,4,2,4,2,2
4,194,Up,5,2,12,32,1,1,2,0,8,2,0,0,16,16,0,0,32,4,2,4,2,2,4,4,8,2,0,2,16,16,0,0,32,4,0,0,2,2
4,195,Down,4,2,12,32,1,1,4,4,8,2,0,2,16,16,0,0,32,4,0,0,2,2,2,0,8,2,0,0,16,16,0,4,32,4,4,2,2,2
4,196,Up,3,2,12,32,1,1,2,0,8,2,0,0,16,16,0,4,32,4,4,2,2,2,2,4,8,2,4,2,16,16,0,2,32,4,0,0,2,2
4,197,Down,3,2,12,32,1,1,2,4,8,2,4,2,16,16,0,2,32,4,0,0,2,2,0,0,8,2,0,2,16,16,2,4,32,4,4,4,2,2
4,198,Up,3,2,12,32,1,1,0,0,8,2,0,2,16,16,2,4,32,4,4,4,2,2,2,2,8,2,4,4,16,16,0,0,32,4,0,2,2,2
4,199,Up,2,2,13,32,1,1,2,2,8,2,4,4,16,16,0,0,32,4,0,2,2,2,2,2,8,2,4,2,16,16,0,2,32,4,2,0,2,2
4,200,Down,2,2,13,32,1,1,2,2,8,2,4,2,16,16,0,2,32,4,2,0,2,2,0,0,8,2,2,2,16,16,4,2,32,4,2,4,2,2
4,201,Right,4,2,13,32,1,1,0,0,8,2,2,2,16,16,4,2,32,4,2,4,2,2,0,2,8,2,0,0,4,32,4,2,32,4,0,2,4,4
4,202,Up,5,2,13,32,1,1,0,2,8,2,0,0,4,32,4,2,32,4,0,2,4,4,4,4,8,2,0,2,4,32,2,0,32,8,0,0,4,0
4,203,Right,5,2,13,32,1,1,4,4,8,2,0,2,4,32,2,0,32,8,0,0,4,0,0,8,8,2,0,2,4,32,0,2,32,8,0,2,0,4
4,204,Down,5,2,13,32,1,1,0,8,8,2,0,2,4,32,0,2,32,8,0,2,0,4,0,0,0,2,0,4,8,32,0,2,4,8,2,4,32,4
4,205,Up,4,2,14,32,1,1,0,0,0,2,0,4,8,32,0,2,4,8,2,4,32,4,2,4,8,2,0,2,4,32,2,4,32,8,0,0,0,4
4,206,Down,4,2,14,32,1,1,2,4,8,2,0,2,4,32,2,4,32,8,0,0,0,4,0,0,2,2,0,2,8,32,0,2,4,8,4,4,32,4
4,207,Up,4,2,14,32,1,1,0,0,2,2,0,2,8,32,0,2,4,8,4,4,32,4,4,4,2,2,0,2,8,32,0,0,4,8,2,0,32,4
4,208,Right,5,2,14,32,1,1,4,4,2,2,0,2,8,32,0,0,4,8,2,0,32,4,0,2,8,4,0,2,8,32,0,0,4,8,0,2,32,4
4,209,Down,6,2,14,32,1,1,0,2,8,4,0,2,8,32,0,0,4,8,0,2,32,4,0,0,0,4,0,2,16,32,0,2,4,8,0,4,32,4
4,210,Up,6,2,14,32,1,1,0,0,0,4,0,2,16,32,0,2,4,8,0,4,32,4,0,4,16,4,0,2,4,32,2,0,32,8,0,0,0,4
4,211,Right,5,2,14,32,1,1,0,4,16,4,0,2,4,32,2,0,32,8,0,0,0,4,0,4,16,4,0,2,4,32,2,2,32,8,0,0,0,4
4,212,Down,5,2,14,32,1,1,0,4,16,4,0,2,4,32,2,2,32,8,0,0,0,4,0,0,0,4,2,0,16,32,0,4,4,8,2,4,32,4
4,213,Up,6,2,14,32,1,1,0,0,0,4,2,0,16,32,0,4,4,8,2,4,32,4,4,8,16,4,0,0,4,32,0,2,32,8,0,0,0,4
4,214,Down,5,2,14,32,1,1,4,8,16,4,0,0,4,32,0,2,32,8,0,0,0,4,0,0,0,4,0,2,16,32,0,8,4,8,4,2,32,4
4,215,Up,4,2,14,32,1,1,0,0,0,4,0,2,16,32,0,8,4,8,4,2,32,4,4,2,16,4,0,4,4,32,0,2,32,8,0,0,2,4
4,216,Right,4,2,14,32,1,1,4,2,16,4,0,4,4,32,0,2,32,8,0,0,2,4,4,2,16,4,0,0,8,32,2,2,32,8,0,0,2,4
4,217,Down,4,2,14,32,1,1,4,2,16,4,0,0,8,32,2,2,32,8,0,0,2,4,0,2,16,4,0,0,8,32,4,0,32,8,2,4,2,4
4,218,Right,3,2,14,32,1,1,0,2,16,4,0,0,8,32,4,0,32,8,2,4,2,4,2,2,16,4,0,0,8,32,0,4,32,8,2,4,2,4
4,219,Down,4,2,14,32,1,1,2,2,16,4,0,0,8,32,0,4,32,8,2,4,2,4,0,0,16,4,0,0,8,32,2,2,32,8,4,8,2,4
4,220,Right,4,2,14,32,1,1,0,0,16,4,0,0,8,32,2,2,32,8,4,8,2,4,0,0,16,4,2,0,8,32,0,4,32,8,4,8,2,4
4,221,Down,3,2,14,32,1,1,0,0,16,4,2,0,8,32,0,4,32,8,4,8,2,4,0,2,16,4,0,0,8,32,2,4,32,8,4,8,2,4
4,222,Down,2,2,14,32,1,1,0,2,16,4,0,0,8,32,2,4,32,8,4,8,2,4,0,2,16,4,0,2,8,32,2,4,32,8,4,8,2,4
4,223,Up,2,2,14,32,1,1,0,2,16,4,0,2,8,32,2,4,32,8,4,8,2,4,2,4,16,4,4,2,8,32,2,8,32,8,0,0,2,4
4,224,Left,1,2,14,32,1,1,2,4,16,4,4,2,8,32,2,8,32,8,0,0,2,4,2,4,16,4,4,2,8,32,2,8,32,8,2,4,0,2
4,225,Down,1,2,14,32,1,1,2,4,16,4,4,2,8,32,2,8,32,8,2,4,0,2,2,4,0,4,2,2,16,32,4,8,8,8,4,4,32,2
4,226,Left,4,2,14,32,1,1,2,4,0,4,2,2,16,32,4,8,8,8,4,4,32,2,2,8,0,0,4,8,32,0,4,16,8,2,8,32,2,0
4,227,Right,3,2,14,32,1,1,2,8,0,0,4,8,32,0,4,16,8,2,8,32,2,0,0,0,2,8,2,2,8,32,4,16,8,2,0,8,32,2
4,228,Down,4,2,14,32,1,1,0,0,2,8,2,2,8,32,4,16,8,2,0,8,32,2,0,0,0,0,2,2,2,8,2,16,16,32,4,8,32,4
4,229,Left,5,2,14,32,1,1,0,0,0,0,2,2,2,8,2,16,16,32,4,8,32,4,2,0,0,0,4,2,8,0,2,32,32,0,4,8,32,4
4,230,Down,5,2,14,64,1,1,2,0,0,0,4,2,8,0,2,32,32,0,4,8,32,4,2,0,0,0,4,2,2,0,2,32,8,0,4,8,64,4
4,231,Right,5,2,14,64,1,1,2,0,0,0,4,2,2,0,2,32,8,0,4,8,64,4,0,0,2,2,0,0,4,4,0,2,32,8,4,8,64,4
4,232,Left,6,2,14,64,1,1,0,0,2,2,0,0,4,4,0,2,32,8,4,8,64,4,4,0,0,0,8,0,0,2,2,32,8,0,4,8,64,4
4,233,Up,5,2,14,64,1,1,4,0,0,0,8,0,0,2,2,32,8,0,4,8,64,4,4,32,8,2,8,4,64,4,2,0,0,0,4,2,0,0
4,234,Down,4,2,14,64,1,1,4,32,8,2,8,4,64,4,2,0,0,0,4,2,0,0,4,0,0,0,8,16,2,0,2,4,8,2,4,2,64,4
4,235,Right,3,2,14,64,1,1,4,0,0,0,8,16,2,0,2,4,8,2,4,2,64,4,0,2,0,4,0,4,16,2,2,4,8,2,4,2,64,4
4,236,Left,2,2,14,64,1,1,0,2,0,4,0,4,16,2,2,4,8,2,4,2,64,4,2,4,0,0,4,8,2,2,2,4,8,2,4,2,64,4
4,237,Up,2,2,15,64,1,1,2,4,0,0,4,8,2,2,2,4,8,2,4,2,64,4,2,4,2,4,4,4,8,4,2,4,64,2,4,2,0,0
4,238,Down,3,2,16,64,1,1,2,4,2,4,4,4,8,4,2,4,64,2,4,2,0,0,2,0,0,2,4,2,2,0,2,8,8,8,4,2,64,2
4,239,Left,5,2,16,64,1,1,2,0,0,2,4,2,2,0,2,8,8,8,4,2,64,2,4,0,0,0,4,2,0,2,2,16,8,0,4,2,64,2
4,240,Right,5,2,16,64,1,1,4,0,0,0,4,2,0,2,2,16,8,0,4,2,64,2,0,0,0,4,2,0,4,4,0,2,16,8,4,2,64,2
4,241,Down,6,2,16,64,1,1,0,0,0,4,2,0,4,4,0,2,16,8,4,2,64,2,0,0,0,0,2,0,4,8,2,0,16,8,4,4,64,2
4,242,Up,7,2,16,64,1,1,0,0,0,0,2,0,4,8,2,0,16,8,4,4,64,2,4,4,4,16,4,2,16,2,0,0,64,0,0,0,0,0
4,243,Left,7,2,16,64,1,1,4,4,4,16,4,2,16,2,0,0,64,0,0,0,0,0,8,4,16,0,4,2,16,2,64,0,0,0,0,0,2,0
4,244,Down,7,2,16,64,1,1,8,4,16,0,4,2,16,2,64,0,0,0,0,0,2,0,0,0,0,0,8,0,0,0,4,4,32,2,64,2,2,2
4,245,Right,8,2,16,64,1,1,0,0,0,0,8,0,0,0,4,4,32,2,64,2,2,2,0,0,2,0,0,0,0,8,0,8,32,2,0,64,2,4
4,246,Left,7,2,16,64,1,1,0,0,2,0,0,0,0,8,0,8,32,2,0,64,2,4,2,0,0,2,8,0,0,0,8,32,2,0,64,2,4,0
4,247,Down,7,2,16,64,1,1,2,0,0,2,8,0,0,0,8,32,2,0,64,2,4,0,0,0,0,0,2,0,2,0,16,32,2,0,64,2,4,2
4,248,Up,7,2,16,64,1,1,0,0,0,0,2,0,2,0,16,32,2,0,64,2,4,2,2,32,4,2,16,2,4,0,64,0,2,0,0,0,0,0
4,249,Left,6,2,16,64,1,1,2,32,4,2,16,2,4,0,64,0,2,0,0,0,0,0,2,32,4,2,16,2,4,2,64,2,0,0,0,0,0,0
4,250,Down,8,2,16,64,1,1,2,32,4,2,16,2,4,2,64,2,0,0,0,0,0,0,0,0,0,0,2,0,2,0,16,32,0,0,64,4,8,4
4,251,Right,8,2,16,64,1,1,0,0,0,0,2,0,2,0,16,32,0,0,64,4,8,4,0,2,0,0,0,0,0,4,0,0,16,32,64,4,8,4
4,252,Left,7,2,16,64,1,1,0,2,0,0,0,0,0,4,0,0,16,32,64,4,8,4,2,0,0,0,4,0,0,0,16,32,0,2,64,4,8,4
4,253,Up,6,2,16,64,1,1,2,0,0,0,4,0,0,0,16,32,0,2,64,4,8,4,2,32,8,2,4,2,0,4,16,0,0,0,64,0,2,0
4,254,Left,5,2,16,64,1,1,2,32,8,2,4,2,0,4,16,0,0,0,64,0,2,0,2,32,8,2,4,2,4,0,16,0,2,0,64,2,0,0
4,255,Down,5,2,16,64,1,1,2,32,8,2,4,2,4,0,16,0,2,0,64,2,0,0,2,2,0,0,4,0,8,0,16,32,4,0,64,4,2,2
4,256,Left,6,2,16,64,1,1,2,2,0,0,4,0,8,0,16,32,4,0,64,4,2,2,4,0,0,0,4,4,0,0,16,32,4,2,64,4,4,0
4,257,Down,7,2,17,64,1,1,4,0,0,0,4,4,0,0,16,32,4,2,64,4,4,0,0,0,2,0,8,2,0,0,16,32,0,0,64,4,8,2
4,258,Left,6,2,17,64,1,1,0,0,2,0,8,2,0,0,16,32,0,0,64,4,8,2,2,0,0,0,8,2,2,0,16,32,0,0,64,4,8,2
4,259,Down,5,2,17,64,1,1,2,0,0,0,8,2,2,0,16,32,0,0,64,4,8,2,2,0,2,0,8,2,0,0,16,32,2,0,64,4,8,2
4,260,Up,5,2,17,64,1,1,2,0,2,0,8,2,0,0,16,32,2,0,64,4,8,2,2,2,4,2,8,16,8,0,16,4,0,2,64,0,0,0
4,261,Left,5,2,18,64,1,1,2,2,4,2,8,16,8,0,16,4,0,2,64,0,0,0,4,4,2,0,8,8,8,2,16,4,2,0,64,0,0,0
4,262,Down,4,2,18,64,1,1,4,4,2,0,8,8,8,2,16,4,2,0,64,0,0,0,4,0,0,2,8,2,2,0,16,8,8,0,64,4,2,2
4,263,Left,6,2,18,64,1,1,4,0,0,2,8,2,2,0,16,8,8,0,64,4,2,2,4,2,0,0,8,2,0,2,16,16,0,0,64,4,4,0
4,264,Right,8,2,18,64,1,1,4,2,0,0,8,2,0,2,16,16,0,0,64,4,4,0,2,0,4,2,0,0,8,4,0,0,0,32,0,0,64,8
4,265,Down,7,2,18,64,1,1,2,0,4,2,0,0,8,4,0,0,0,32,0,0,64,8,0,0,0,2,2,0,4,4,0,0,8,32,2,0,64,8
4,266,Left,7,2,18,64,1,1,0,0,0,2,2,0,4,4,0,0,8,32,2,0,64,8,2,0,0,0,2,4,0,0,8,32,2,0,2,64,8,0
4,267,Up,7,2,18,64,1,1,2,0,0,0,2,4,0,0,8,32,2,0,2,64,8,0,4,4,2,0,8,16,8,0,2,64,0,2,0,0,0,0
4,268,Down,6,2,18,64,1,1,4,4,2,0,8,16,8,0,2,64,0,2,0,0,0,0,2,0,0,0,4,2,0,0,8,16,2,0,2,64,8,2
4,269,Up,5,2,18,64,1,1,2,0,0,0,4,2,0,0,8,16,2,0,2,64,8,2,2,2,2,2,4,8,8,0,8,64,0,0,2,0,0,2
4,270,Left,8,2,18,64,1,1,2,2,2,2,4,8,8,0,8,64,0,0,2,0,0,2,4,4,0,0,4,8,2,0,8,64,0,0,4,0,0,0
4,271,Right,8,2,18,64,1,1,4,4,0,0,4,8,2,0,8,64,0,0,4,0,0,0,0,0,0,8,0,2,8,2,0,0,8,64,0,0,2,4
4,272,Down,8,2,18,64,1,1,0,0,0,8,0,2,8,2,0,0,8,64,0,0,2,4,0,0,0,8,0,0,0,2,0,2,16,64,0,2,2,4
4,273,Left,8,2,18,64,1,1,0,0,0,8,0,0,0,2,0,2,16,64,0,2,2,4,8,0,0,0,2,0,2,0,2,16,64,0,4,4,0,0
4,274,Up,8,2,18,64,1,1,8,0,0,0,2,0,2,0,2,16,64,0,4,4,0,0,8,16,2,0,4,2,64,0,4,0,0,2,0,0,0,0
4,275,Down,8,2,18,64,1,1,8,16,2,0,4,2,64,0,4,0,0,2,0,0,0,0,0,0,0,2,0,0,0,0,8,16,2,0,8,2,64,2
4,276,Right,7,2,18,64,1,1,0,0,0,2,0,0,0,0,8,16,2,0,8,2,64,2,0,0,0,2,0,0,2,0,0,8,16,2,8,2,64,2
4,277,Left,6,2,18,64,1,1,0,0,0,2,0,0,2,0,0,8,16,2,8,2,64,2,2,0,0,0,2,0,0,0,8,16,2,2,8,2,64,2
4,278,Up,8,2,18,64,1,1,2,0,0,0,2,0,0,0,8,16,2,2,8,2,64,2,4,16,2,4,16,2,64,0,0,0,0,0,0,2,0,0
4,279,Down,8,2,18,64,1,1,4,16,2,4,16,2,64,0,0,0,0,0,0,2,0,0,0,0,2,0,0,0,0,0,4,16,2,0,16,4,64,4
4,280,Right,7,2,18,64,1,1,0,0,2,0,0,0,0,0,4,16,2,0,16,4,64,4,2,0,0,2,0,0,0,0,0,4,16,2,16,4,64,4
4,281,Up,8,2,18,64,1,1,2,0,0,2,0,0,0,0,0,4,16,2,16,4,64,4,2,8,16,4,16,0,64,4,2,0,0,0,0,0,0,0
4,282,Down,8,2,18,64,1,1,2,8,16,4,16,0,64,4,2,0,0,0,0,0,0,0,0,0,0,0,2,0,0,0,16,0,16,2,2,8,64,8
4,283,Up,7,2,18,64,1,1,0,0,0,0,2,0,0,0,16,0,16,2,2,8,64,8,2,8,16,2,16,0,64,8,2,0,2,0,0,0,0,0
4,284,Down,6,2,18,64,1,1,2,8,16,2,16,0,64,8,2,0,2,0,0,0,0,0,0,2,0,0,2,0,16,0,16,0,64,2,2,8,2,8
4,285,Right,5,2,18,64,1,1,0,2,0,0,2,0,16,0,16,0,64,2,2,8,2,8,0,0,2,2,0,0,2,16,0,16,64,2,2,8,2,8
4,286,Down,5,2,18,64,1,1,0,0,2,2,0,0,2,16,0,16,64,2,2,8,2,8,2,0,0,2,0,0,4,16,0,16,64,2,2,8,2,8
4,287,Down,5,2,18,64,1,1,2,0,0,2,0,0,4,16,0,16,64,2,2,8,2,8,0,2,0,2,0,0,4,16,0,16,64,2,4,8,2,8
4,288,Right,5,2,18,64,1,1,0,2,0,2,0,0,4,16,0,16,64,2,4,8,2,8,0,0,2,4,0,0,4,16,0,16,64,2,4,8,2,8
4,289,Up,4,2,18,64,1,1,0,0,2,4,0,0,4,16,0,16,64,2,4,8,2,8,4,16,2,4,0,4,4,16,2,0,64,2,0,0,2,8
4,290,Down,3,2,18,64,1,1,4,16,2,4,0,4,4,16,2,0,64,2,0,0,2,8,0,2,2,4,0,0,4,16,4,16,64,2,2,4,2,8
4,291,Up,2,2,18,64,1,1,0,2,2,4,0,0,4,16,4,16,64,2,2,4,2,8,4,2,2,4,2,8,4,16,0,4,64,2,0,2,2,8
4,292,Down,1,2,19,64,1,1,4,2,2,4,2,8,4,16,0,4,64,2,0,2,2,8,2,2,2,4,0,4,4,16,4,4,64,2,2,2,2,8
4,293,Up,1,2,19,64,1,1,2,2,2,4,0,4,4,16,4,4,64,2,2,2,2,8,2,2,2,4,4,4,4,16,2,2,64,2,0,2,2,8
4,294,Up,1,2,20,64,1,1,2,2,2,4,4,4,4,16,2,2,64,2,0,2,2,8,2,2,2,4,4,2,4,16,2,4,64,2,2,0,2,8
4,295,Up,2,2,20,64,1,1,2,2,2,4,4,2,4,16,2,4,64,2,2,0,2,8,2,4,2,4,4,2,4,16,4,0,64,2,2,0,2,8
4,296,Down,2,2,20,64,1,1,2,4,2,4,4,2,4,16,4,0,64,2,2,0,2,8,0,2,2,4,2,0,4,16,8,4,64,2,2,2,2,8
4,297,Up,1,2,20,64,1,1,0,2,2,4,2,0,4,16,8,4,64,2,2,2,2,8,2,2,2,4,8,2,4,16,2,2,64,2,2,0,2,8
4,298,Up,2,2,20,64,1,1,2,2,2,4,8,2,4,16,2,2,64,2,2,0,2,8,2,4,2,4,8,2,4,16,4,2,64,2,0,0,2,8
4,299,Up,2,2,20,64,1,1,2,4,2,4,8,2,4,16,4,2,64,2,0,0,2,8,2,4,2,4,8,2,4,16,4,2,64,2,0,0,2,8
4,300,Down,2,2,20,64,1,1,2,4,2,4,8,2,4,16,4,2,64,2,0,0,2,8,0,2,2,4,2,0,4,16,8,4,64,2,4,4,2,8
4,301,Up,2,2,20,64,1,1,0,2,2,4,2,0,4,16,8,4,64,2,4,4,2,8,2,2,2,4,8,4,4,16,4,2,64,2,0,0,2,8
4,302,Right,3,2,20,64,1,1,2,2,2,4,8,4,4,16,4,2,64,2,0,0,2,8,0,2,4,4,0,4,8,16,4,2,64,2,0,2,2,8
4,303,Down,3,2,21,64,1,1,0,2,4,4,0,4,8,16,4,2,64,2,0,2,2,8,0,0,4,4,0,2,8,16,2,4,64,2,4,4,2,8
4,304,Up,3,2,21,64,1,1,0,0,4,4,0,2,8,16,2,4,64,2,4,4,2,8,2,2,4,4,4,4,8,16,0,0,64,2,2,0,2,8
4,305,Right,6,2,21,64,1,1,2,2,4,4,4,4,8,16,0,0,64,2,2,0,2,8,0,0,4,8,0,4,8,16,0,0,64,2,0,2,4,8
4,306,Down,5,2,22,64,1,1,0,0,4,8,0,4,8,16,0,0,64,2,0,2,4,8,0,0,4,8,0,2,8,16,0,4,64,2,0,2,4,8
4,307,Up,4,2,22,64,1,1,0,0,4,8,0,2,8,16,0,4,64,2,0,2,4,8,0,2,4,8,2,2,8,16,0,2,64,2,0,0,4,8
4,308,Right,4,2,22,64,1,1,0,2,4,8,2,2,8,16,0,2,64,2,0,0,4,8,0,2,4,8,2,2,8,16,0,2,64,2,0,0,4,8
4,309,Up,4,2,22,64,1,1,0,2,4,8,2,2,8,16,0,2,64,2,0,0,4,8,2,4,4,8,0,2,8,16,0,0,64,2,2,0,4,8
4,310,Down,4,2,22,64,1,1,2,4,4,8,0,2,8,16,0,0,64,2,2,0,4,8,2,0,4,8,0,0,8,16,0,4,64,2,4,2,4,8
4,311,Right,3,2,22,64,1,1,2,0,4,8,0,0,8,16,0,4,64,2,4,2,4,8,0,2,4,8,0,0,8,16,2,4,64,2,4,2,4,8
4,312,Up,2,2,22,64,1,1,0,2,4,8,0,0,8,16,2,4,64,2,4,2,4,8,2,2,4,8,4,2,8,16,0,2,64,2,0,2,4,8
4,313,Down,3,2,22,64,1,1,2,2,4,8,4,2,8,16,0,2,64,2,0,2,4,8,0,0,4,8,0,2,8,16,2,4,64,2,4,4,4,8
4,314,Down,3,2,22,64,1,1,0,0,4,8,0,2,8,16,2,4,64,2,4,4,4,8,0,0,4,8,2,0,8,16,2,2,64,2,4,8,4,8
4,315,Left,3,2,22,64,1,1,0,0,4,8,2,0,8,16,2,2,64,2,4,8,4,8,4,8,0,0,2,4,16,2,4,64,2,0,4,8,4,8
4,316,Up,3,2,23,64,1,1,4,8,0,0,2,4,16,2,4,64,2,0,4,8,4,8,4,8,16,2,2,2,2,8,8,64,4,2,0,8,0,0
4,317,Right,3,2,23,64,1,1,4,8,16,2,2,2,2,8,8,64,4,2,0,8,0,0,4,8,16,2,0,2,4,8,8,64,4,2,0,0,2,8
4,318,Up,3,2,23,64,1,1,4,8,16,2,0,2,4,8,8,64,4,2,0,0,2,8,4,8,16,2,8,2,8,8,0,64,2,2,2,0,0,8
4,319,Down,2,2,23,64,1,1,4,8,16,2,8,2,8,8,0,64,2,2,2,0,0,8,0,0,2,2,4,4,16,8,8,2,8,2,2,64,2,8
4,320,Up,1,2,24,64,1,1,0,0,2,2,4,4,16,8,8,2,8,2,2,64,2,8,4,4,2,2,8,2,16,8,2,64,8,2,2,0,2,8
4,321,Right,3,2,24,64,1,1,4,4,2,2,8,2,16,8,2,64,8,2,2,0,2,8,0,0,8,4,8,2,16,8,2,64,8,2,2,0,4,8
4,322,Left,2,2,24,64,1,1,0,0,8,4,8,2,16,8,2,64,8,2,2,0,4,8,8,4,0,0,8,2,16,8,2,64,8,2,2,4,8,2
4,323,Up,5,2,24,64,1,1,8,4,0,0,8,2,16,8,2,64,8,2,2,4,8,2,16,4,16,8,4,2,16,4,0,64,0,2,0,4,0,0
4,324,Right,4,2,24,64,1,1,16,4,16,8,4,2,16,4,0,64,0,2,0,4,0,0,16,4,16,8,4,2,16,4,0,0,64,2,2,0,0,4
4,325,Down,4,2,24,64,1,1,16,4,16,8,4,2,16,4,0,0,64,2,2,0,0,4,0,2,0,8,16,0,0,4,4,4,32,2,2,2,64,4
4,326,Up,3,2,24,64,1,1,0,2,0,8,16,0,0,4,4,4,32,2,2,2,64,4,16,2,32,8,4,2,64,4,2,2,0,2,0,0,2,4
4,327,Right,3,2,24,64,1,1,16,2,32,8,4,2,64,4,2,2,0,2,0,0,2,4,16,2,32,8,4,2,64,4,0,2,2,4,0,0,2,4
4,328,Left,3,2,24,64,1,1,16,2,32,8,4,2,64,4,0,2,2,4,0,0,2,4,16,2,32,8,4,2,64,4,4,4,0,0,2,4,2,0
4,329,Up,5,2,24,64,1,1,16,2,32,8,4,2,64,4,4,4,0,0,2,4,2,0,16,4,32,8,8,4,64,4,2,0,2,0,2,0,0,0
4,330,Right,5,2,25,64,1,1,16,4,32,8,8,4,64,4,2,0,2,0,2,0,0,0,16,4,32,8,8,2,64,4,0,0,2,4,0,0,0,2
4,331,Down,5,2,25,64,1,1,16,4,32,8,8,2,64,4,0,0,2,4,0,0,0,2,0,2,0,0,0,0,32,8,16,4,64,8,8,2,2,2
4,332,Right,5,2,25,64,1,1,0,2,0,0,0,0,32,8,16,4,64,8,8,2,2,2,0,2,0,2,0,0,32,8,16,4,64,8,0,8,2,4
4,333,Up,5,2,25,64,1,1,0,2,0,2,0,0,32,8,16,4,64,8,0,8,2,4,16,2,32,2,0,2,64,16,0,8,2,4,0,0,0,2
4,334,Left,4,2,25,32,1,1,16,2,32,2,0,2,64,16,0,8,2,4,0,0,0,2,16,2,32,2,2,32,16,0,8,2,4,0,2,0,0,2
4,335,Down,4,2,25,32,1,1,16,2,32,2,2,32,16,0,8,2,4,0,2,0,0,2,16,0,0,0,2,2,32,2,8,32,16,0,2,2,4,4
4,336,Left,6,2,25,32,1,1,16,0,0,0,2,2,32,2,8,32,16,0,2,2,4,4,16,2,0,0,4,16,2,0,8,32,16,0,4,8,0,0
4,337,Down,5,2,26,32,1,1,16,2,0,0,4,16,2,0,8,32,16,0,4,8,0,0,16,2,2,0,4,8,0,0,8,32,2,0,4,8,16,0
4,338,Left,5,2,27,32,1,1,16,2,2,0,4,8,0,0,8,32,2,0,4,8,16,0,16,4,0,2,4,4,0,0,8,32,2,0,4,8,16,0
4,339,Down,5,2,27,32,1,1,16,4,0,2,4,4,0,0,8,32,2,0,4,8,16,0,16,0,0,2,4,4,0,0,8,32,2,0,4,8,16,2
4,340,Up,5,2,27,16,1,1,16,0,0,2,4,4,0,0,8,32,2,0,4,8,16,2,16,4,2,4,4,16,16,0,8,8,2,0,4,0,0,0
4,341,Left,6,2,27,16,1,1,16,4,2,4,4,16,16,0,8,8,2,0,4,0,0,0,16,4,2,4,4,16,2,0,16,2,0,0,4,0,0,0
4,342,Right,5,2,27,16,1,1,16,4,2,4,4,16,2,0,16,2,0,0,4,0,0,0,16,4,2,4,0,2,16,2,0,2,16,2,0,0,0,4
4,343,Down,7,2,27,32,1,1,16,4,2,4,0,2,16,2,0,2,16,2,0,0,0,4,0,0,2,0,0,0,0,4,0,4,2,4,16,4,32,4
4,344,Left,6,2,27,32,1,1,0,0,2,0,0,0,0,4,0,4,2,4,16,4,32,4,2,0,0,0,4,0,0,0,4,2,4,2,16,4,32,4
4,345,Right,5,2,27,32,1,1,2,0,0,0,4,0,0,0,4,2,4,2,16,4,32,4,2,0,0,2,0,0,0,4,4,2,4,2,16,4,32,4
4,346,Down,4,2,27,32,1,1,2,0,0,2,0,0,0,4,4,2,4,2,16,4,32,4,0,2,0,2,2,0,0,4,4,2,4,2,16,4,32,4
4,347,Up,4,2,27,32,1,1,0,2,0,2,2,0,0,4,4,2,4,2,16,4,32,4,2,4,4,2,4,2,32,4,16,0,0,2,2,0,0,4
4,348,Left,4,2,27,32,1,1,2,4,4,2,4,2,32,4,16,0,0,2,2,0,0,4,2,8,2,0,4,2,32,4,16,2,0,0,2,4,0,2
4,349,Up,4,2,27,32,1,1,2,8,2,0,4,2,32,4,16,2,0,0,2,4,0,2,2,8,2,4,4,2,32,2,16,4,0,0,2,0,2,0
4,350,Down,3,2,27,32,1,1,2,8,2,4,4,2,32,2,16,4,0,0,2,0,2,0,2,2,0,0,4,4,2,0,16,2,32,4,2,4,2,2
4,351,Right,5,2,27,32,1,1,2,2,0,0,4,4,2,0,16,2,32,4,2,4,2,2,0,0,2,4,0,0,8,2,16,2,32,4,0,2,4,4
4,352,Left,5,2,27,32,1,1,0,0,2,4,0,0,8,2,16,2,32,4,0,2,4,4,2,4,0,0,8,2,2,0,16,2,32,4,2,8,0,0
4,353,Up,5,2,27,32,1,1,2,4,0,0,8,2,2,0,16,2,32,4,2,8,0,0,2,4,2,4,8,2,32,0,16,8,0,0,2,0,2,0
4,354,Up,4,2,27,32,1,1,2,4,2,4,8,2,32,0,16,8,0,0,2,0,2,0,2,4,2,4,8,2,32,0,16,8,2,0,2,0,0,2
4,355,Right,4,2,27,32,1,1,2,4,2,4,8,2,32,0,16,8,2,0,2,0,0,2,2,4,2,4,0,4,2,32,0,16,8,2,0,0,2,4
4,356,Left,3,2,28,32,1,1,2,4,2,4,0,4,2,32,0,16,8,2,0,0,2,4,2,4,2,4,4,2,32,0,16,8,2,0,2,4,0,2
4,357,Up,2,2,28,32,1,1,2,4,2,4,4,2,32,0,16,8,2,0,2,4,0,2,2,4,2,4,4,2,32,2,16,8,2,0,2,4,2,0
4,358,Right,1,2,28,32,1,1,2,4,2,4,4,2,32,2,16,8,2,0,2,4,2,0,2,4,2,4,4,2,32,2,2,16,8,2,0,2,4,2
4,359,Down,1,2,28,32,1,1,2,4,2,4,4,2,32,2,2,16,8,2,0,2,4,2,0,4,2,2,2,2,32,4,4,16,8,2,2,2,4,4
4,360,Up,0,2,28,32,1,1,0,4,2,2,2,2,32,4,4,16,8,2,2,2,4,4,2,4,2,2,4,2,32,4,2,16,8,2,2,2,4,4
4,361,Right,2,2,28,32,1,1,2,4,2,2,4,2,32,4,2,16,8,2,2,2,4,4,2,2,4,4,4,2,32,4,2,16,8,2,0,0,4,8
4,362,Left,3,2,28,32,1,1,2,2,4,4,4,2,32,4,2,16,8,2,0,0,4,8,4,8,0,0,4,2,32,4,2,16,8,2,4,8,0,2
4,363,Up,4,2,28,32,1,1,4,8,0,0,4,2,32,4,2,16,8,2,4,8,0,2,8,8,32,4,2,2,8,4,4,16,0,0,0,8,2,0
4,364,Right,5,2,28,32,1,1,8,8,32,4,2,2,8,4,4,16,0,0,0,8,2,0,2,16,32,4,0,2,8,4,0,0,4,16,0,0,8,2
4,365,Down,5,2,28,32,1,1,2,16,32,4,0,2,8,4,0,0,4,16,0,0,8,2,0,0,32,0,0,0,8,8,2,16,4,16,2,2,8,2
4,366,Up,5,2,28,32,1,1,0,0,32,0,0,0,8,8,2,16,4,16,2,2,8,2,4,16,32,8,0,2,8,16,2,0,4,2,0,0,8,0
4,367,Left,4,2,28,32,1,1,4,16,32,8,0,2,8,16,2,0,4,2,0,0,8,0,4,16,32,8,2,4,16,2,2,4,2,0,8,0,0,0
4,368,Right,3,2,29,32,1,1,4,16,32,8,2,4,16,2,2,4,2,0,8,0,0,0,4,16,32,8,2,2,16,2,0,2,4,2,2,0,0,8
4,369,Up,5,2,29,32,1,1,4,16,32,8,2,2,16,2,0,2,4,2,2,0,0,8,4,16,32,8,4,2,16,4,2,0,4,8,0,0,0,0
4,370,Down,5,2,29,32,1,1,4,16,32,8,4,2,16,4,2,0,4,8,0,0,0,0,0,0,2,0,0,0,32,8,8,16,16,4,2,2,4,8
4,371,Right,6,2,29,32,1,1,0,0,2,0,0,0,32,8,8,16,16,4,2,2,4,8,0,0,2,2,0,0,32,8,0,8,32,4,0,4,4,8
4,372,Up,6,2,29,64,1,1,0,0,2,2,0,0,32,8,0,8,32,4,0,4,4,8,0,8,2,2,0,2,64,8,0,0,4,4,2,0,0,8
4,373,Down,5,2,29,64,1,1,0,8,2,2,0,2,64,8,0,0,4,4,2,0,0,8,0,0,0,2,0,2,2,8,0,8,64,4,2,2,4,8
4,374,Right,6,2,29,64,1,1,0,0,0,2,0,2,2,8,0,8,64,4,2,2,4,8,0,0,0,2,0,0,4,8,2,8,64,4,0,4,4,8
4,375,Up,5,2,29,64,1,1,0,0,0,2,0,0,4,8,2,8,64,4,0,4,4,8,2,8,4,2,0,2,64,8,0,0,4,4,0,2,0,8
4,376,Down,5,2,29,64,1,1,2,8,4,2,0,2,64,8,0,0,4,4,0,2,0,8,0,0,2,2,0,0,4,8,0,8,64,4,2,4,4,8
4,377,Up,4,2,29,64,1,1,0,0,2,2,0,0,4,8,0,8,64,4,2,4,4,8,2,8,2,2,0,2,4,8,0,0,64,4,2,0,4,8
4,378,Down,4,2,29,64,1,1,2,8,2,2,0,2,4,8,0,0,64,4,2,0,4,8,0,0,2,2,0,2,4,8,0,8,64,4,4,2,4,8
4,379,Up,3,2,29,64,1,1,0,0,2,2,0,2,4,8,0,8,64,4,4,2,4,8,4,2,2,2,2,4,4,8,0,2,64,4,0,0,4,8
4,380,Right,4,2,30,64,1,1,4,2,2,2,2,4,4,8,0,2,64,4,0,0,4,8,0,4,2,4,2,2,8,8,0,2,64,4,0,0,4,8
4,381,Down,4,2,30,64,1,1,0,4,2,4,2,2,8,8,0,2,64,4,0,0,4,8,2,0,2,4,0,0,8,8,0,4,64,4,2,4,4,8
4,382,Up,5,2,30,64,1,1,2,0,2,4,0,0,8,8,0,4,64,4,2,4,4,8,4,8,2,4,0,0,8,8,0,0,64,4,2,0,4,8
4,383,Right,5,2,30,64,1,1,4,8,2,4,0,0,8,8,0,0,64,4,2,0,4,8,4,8,2,4,0,2,0,16,0,0,64,4,0,2,4,8
4,384,Up,5,2,30,64,1,1,4,8,2,4,0,2,0,16,0,0,64,4,0,2,4,8,4,8,2,4,0,2,64,16,2,0,4,4,0,0,0,8
4,385,Down,4,2,30,64,1,1,4,8,2,4,0,2,64,16,2,0,4,4,0,0,0,8,0,0,0,4,2,0,2,16,4,8,64,4,2,2,4,8
4,386,Right,5,2,30,64,1,1,0,0,0,4,2,0,2,16,4,8,64,4,2,2,4,8,0,2,0,4,0,0,4,16,4,8,64,4,0,4,4,8
4,387,Up,4,2,30,64,1,1,0,2,0,4,0,0,4,16,4,8,64,4,0,4,4,8,4,2,4,4,0,4,64,16,0,4,4,4,2,0,0,8
4,388,Down,4,2,31,64,1,1,4,2,4,4,0,4,64,16,0,4,4,4,2,0,0,8,0,0,0,4,0,2,4,16,4,2,64,4,2,8,4,8
4,389,Up,4,2,31,64,1,1,0,0,0,4,0,2,4,16,4,2,64,4,2,8,4,8,4,4,4,4,2,4,64,16,2,0,4,4,0,0,0,8
4,390,Up,5,2,31,64,1,1,4,4,4,4,2,4,64,16,2,0,4,4,0,0,0,8,4,8,4,4,4,0,64,16,0,0,4,4,0,2,0,8
4,391,Up,5,2,31,64,1,1,4,8,4,4,4,0,64,16,0,0,4,4,0,2,0,8,8,8,4,4,0,2,64,16,0,0,4,4,0,2,0,8
4,392,Right,7,2,31,64,1,1,8,8,4,4,0,2,64,16,0,0,4,4,0,2,0,8,0,0,16,8,0,2,64,16,0,2,0,8,0,0,2,8
4,393,Up,8,2,31,64,1,1,0,0,16,8,0,2,64,16,0,2,0,8,0,0,2,8,0,4,16,8,0,0,64,16,0,2,2,16,0,0,0,0
4,394,Down,8,2,31,64,1,1,0,4,16,8,0,0,64,16,0,2,2,16,0,0,0,0,0,0,0,0,0,0,16,0,2,4,64,8,0,2,2,32
4,395,Right,8,2,31,64,1,1,0,0,0,0,0,0,16,0,2,4,64,8,0,2,2,32,0,0,0,2,0,0,0,16,2,4,64,8,0,0,4,32
4,396,Up,7,2,31,64,1,1,0,0,0,2,0,0,0,16,2,4,64,8,0,0,4,32,2,4,64,2,0,0,4,16,0,0,0,8,2,0,0,32
4,397,Right,6,2,31,64,1,1,2,4,64,2,0,0,4,16,0,0,0,8,2,0,0,32,2,4,64,2,0,0,4,16,0,0,0,8,2,0,2,32
4,398,Down,6,2,31,64,1,1,2,4,64,2,0,0,4,16,0,0,0,8,2,0,2,32,0,0,0,2,2,0,64,16,0,0,4,8,4,4,2,32
4,399,Up,5,2,31,64,1,1,0,0,0,2,2,0,64,16,0,0,4,8,4,4,2,32,2,4,64,2,4,0,4,16,2,0,2,8,0,0,0,32
4,400,Right,6,2,31,64,1,1,2,4,64,2,4,0,4,16,2,0,2,8,0,0,0,32,2,4,64,2,0,0,8,16,0,0,4,8,0,0,2,32
4,401,Down,5,2,31,64,1,1,2,4,64,2,0,0,8,16,0,0,4,8,0,0,2,32,0,2,64,2,0,0,8,16,0,0,4,8,2,4,2,32
4,402,Up,4,2,31,64,1,1,0,2,64,2,0,0,8,16,0,0,4,8,2,4,2,32,2,2,64,2,0,2,8,16,0,0,4,8,2,0,2,32
4,403,Down,5,2,31,64,1,1,2,2,64,2,0,2,8,16,0,0,4,8,2,0,2,32,0,0,64,2,0,0,8,16,2,0,4,8,4,4,2,32
4,404,Up,4,2,31,64,1,1,0,0,64,2,0,0,8,16,2,0,4,8,4,4,2,32,2,4,64,2,4,2,8,16,0,0,4,8,0,0,2,32
4,405,Down,3,2,31,64,1,1,2,4,64,2,4,2,8,16,0,0,4,8,0,0,2,32,0,0,64,2,0,2,8,16,2,4,4,8,4,2,2,32
4,406,Up,2,2,31,64,1,1,0,0,64,2,0,2,8,16,2,4,4,8,4,2,2,32,2,2,64,2,4,2,8,16,0,2,4,8,2,0,2,32
4,407,Right,3,2,31,64,1,1,2,2,64,2,4,2,8,16,0,2,4,8,2,0,2,32,2,4,64,2,4,2,8,16,0,2,4,8,0,0,4,32
4,408,Down,4,2,31,64,1,1,2,4,64,2,4,2,8,16,0,2,4,8,0,0,4,32,2,0,0,2,0,0,64,16,2,4,8,8,4,4,8,32
4,409,Up,6,2,31,64,1,1,2,0,0,2,0,0,64,16,2,4,8,8,4,4,8,32,4,8,64,2,4,0,16,16,0,0,0,8,0,0,2,32
4,410,Right,6,2,31,64,1,1,4,8,64,2,4,0,16,16,0,0,0,8,0,0,2,32,4,8,64,2,0,0,4,32,0,0,2,8,0,0,2,32
4,411,Down,6,2,31,64,1,1,4,8,64,2,0,0,4,32,0,0,2,8,0,0,2,32,2,0,0,2,0,0,64,32,0,0,4,8,4,8,4,32
4,412,Up,6,2,31,64,1,1,2,0,0,2,0,0,64,32,0,0,4,8,4,8,4,32,2,8,64,2,4,0,8,32,2,0,0,8,0,0,0,32
4,413,Right,5,2,31,64,1,1,2,8,64,2,4,0,8,32,2,0,0,8,0,0,0,32,2,8,64,2,0,2,8,32,0,0,2,8,2,0,0,32
4,414,Up,5,2,31,64,1,1,2,8,64,2,0,2,8,32,0,0,2,8,2,0,0,32,4,8,64,2,0,2,8,32,2,0,2,8,0,0,0,32
4,415,Right,5,2,31,64,1,1,4,8,64,2,0,2,8,32,2,0,2,8,0,0,0,32,4,8,64,2,0,2,8,32,2,0,4,8,0,0,0,32
4,416,Down,4,2,31,64,1,1,4,8,64,2,0,2,8,32,2,0,4,8,0,0,0,32,0,0,0,2,0,2,64,32,4,8,8,8,2,2,4,32
4,417,Up,3,2,31,64,1,1,0,0,0,2,0,2,64,32,4,8,8,8,2,2,4,32,4,2,64,2,2,4,8,32,2,2,4,8,0,0,0,32
4,418,Right,3,2,32,64,1,1,4,2,64,2,2,4,8,32,2,2,4,8,0,0,0,32,4,2,64,2,2,2,8,32,0,4,4,8,0,2,0,32
4,419,Down,3,2,32,64,1,1,4,2,64,2,2,2,8,32,0,4,4,8,0,2,0,32,2,0,0,2,0,2,64,32,4,4,8,8,2,2,4,32
4,420,Up,2,2,32,64,1,1,2,0,0,2,0,2,64,32,4,4,8,8,2,2,4,32,2,2,64,2,4,2,8,32,2,2,4,8,2,0,0,32
4,421,Right,3,2,32,64,1,1,2,2,64,2,4,2,8,32,2,2,4,8,2,0,0,32,0,4,64,2,4,2,8,32,0,4,4,8,2,0,2,32
4,422,Up,2,2,32,64,1,1,0,4,64,2,4,2,8,32,0,4,4,8,2,0,2,32,4,4,64,2,2,2,8,32,0,4,4,8,0,2,2,32
4,423,Right,5,2,32,64,1,1,4,4,64,2,2,2,8,32,0,4,4,8,0,2,2,32,0,8,64,2,0,2,8,32,2,0,8,8,0,0,4,32
4,424,Down,5,2,32,64,1,1,0,8,64,2,0,2,8,32,2,0,8,8,0,0,4,32,2,0,0,2,0,0,64,32,0,8,16,8,2,2,4,32
4,425,Up,5,2,32,64,1,1,2,0,0,2,0,0,64,32,0,8,16,8,2,2,4,32,4,8,64,2,2,2,16,32,0,0,4,8,0,0,0,32
4,426,Right,5,2,32,64,1,1,4,8,64,2,2,2,16,32,0,0,4,8,0,0,0,32,4,8,64,2,0,2,16,32,0,0,4,8,2,0,0,32
4,427,Down,4,2,32,64,1,1,4,8,64,2,0,2,16,32,0,0,4,8,2,0,0,32,0,0,0,2,2,0,64,32,4,8,16,8,2,2,4,32
4,428,Up,3,2,32,64,1,1,0,0,0,2,2,0,64,32,4,8,16,8,2,2,4,32,2,8,64,2,4,2,16,32,2,2,4,8,0,0,0,32
4,429,Right,3,2,32,64,1,1,2,8,64,2,4,2,16,32,2,2,4,8,0,0,0,32,2,8,64,2,4,2,16,32,0,4,4,8,0,0,2,32
4,430,Down,2,2,32,64,1,1,2,8,64,2,4,2,16,32,0,4,4,8,0,0,2,32,0,2,64,2,0,4,16,32,2,2,4,8,4,4,2,32
4,431,Up,1,2,33,64,1,1,0,2,64,2,0,4,16,32,2,2,4,8,4,4,2,32,2,2,64,2,4,2,16,32,2,2,4,8,0,4,2,32
4,432,Right,2,2,33,64,1,1,2,2,64,2,4,2,16,32,2,2,4,8,0,4,2,32,2,4,64,2,4,2,16,32,0,4,4,8,0,4,2,32
4,433,Up,2,2,33,64,1,1,2,4,64,2,4,2,16,32,0,4,4,8,0,4,2,32,2,4,64,2,4,2,16,32,0,8,4,8,0,2,2,32
4,434,Down,1,2,33,64,1,1,2,4,64,2,4,2,16,32,0,8,4,8,0,2,2,32,0,4,64,2,2,2,16,32,2,8,4,8,4,2,2,32
4,435,Right,2,2,33,64,1,1,0,4,64,2,2,2,16,32,2,8,4,8,4,2,2,32,2,4,64,2,0,2,16,32,2,8,4,8,0,4,4,32
4,436,Up,3,2,33,64,1,1,2,4,64,2,0,2,16,32,2,8,4,8,0,4,4,32,4,4,64,2,0,2,16,32,0,8,8,8,0,4,2,32
4,437,Right,4,2,33,64,1,1,4,4,64,2,0,2,16,32,0,8,8,8,0,4,2,32,0,8,64,2,0,2,16,32,0,0,8,16,2,4,2,32
4,438,Down,3,2,33,64,1,1,0,8,64,2,0,2,16,32,0,0,8,16,2,4,2,32,2,0,64,2,0,4,16,32,0,2,8,16,2,4,2,32
4,439,Up,3,2,34,64,1,1,2,0,64,2,0,4,16,32,0,2,8,16,2,4,2,32,4,4,64,2,0,2,16,32,2,4,8,16,0,0,2,32
4,440,Right,3,2,34,64,1,1,4,4,64,2,0,2,16,32,2,4,8,16,0,0,2,32,0,8,64,2,0,2,16,32,2,4,8,16,0,2,2,32
4,441,Up,2,2,34,64,1,1,0,8,64,2,0,2,16,32,2,4,8,16,0,2,2,32,2,8,64,2,0,2,16,32,0,4,8,16,2,2,2,32
4,442,Down,2,2,34,64,1,1,2,8,64,2,0,2,16,32,0,4,8,16,2,2,2,32,0,8,64,2,2,2,16,32,0,4,8,16,4,2,2,32
4,443,Right,3,2,34,64,1,1,0,8,64,2,2,2,16,32,0,4,8,16,4,2,2,32,2,8,64,2,0,2,16,32,0,4,8,16,0,4,4,32
4,444,Up,3,2,34,64,1,1,2,8,64,2,0,2,16,32,0,4,8,16,0,4,4,32,2,8,64,2,0,2,16,32,0,8,8,16,2,0,4,32
4,445,Right,3,2,34,64,1,1,2,8,64,2,0,2,16,32,0,8,8,16,2,0,4,32,2,8,64,2,0,2,16,32,2,0,16,16,0,2,4,32
4,446,Down,5,2,34,64,1,1,2,8,64,2,0,2,16,32,2,0,16,16,0,2,4,32,0,0,0,2,2,0,64,32,0,8,32,16,4,4,4,32
4,447,Up,4,2,34,64,1,1,0,0,0,2,2,0,64,32,0,8,32,16,4,4,4,32,2,8,64,2,4,2,32,32,0,0,4,16,0,2,0,32
4,448,Down,4,2,34,64,1,1,2,8,64,2,4,2,32,32,0,0,4,16,0,2,0,32,0,0,2,2,0,0,64,32,2,8,32,16,4,4,4,32
4,449,Up,3,2,34,64,1,1,0,0,2,2,0,0,64,32,2,8,32,16,4,4,4,32,2,8,2,2,4,2,64,32,2,0,32,16,0,0,4,32
4,450,Down,2,2,34,64,1,1,2,8,2,2,4,2,64,32,2,0,32,16,0,0,4,32,0,2,2,2,2,0,64,32,4,8,32,16,2,2,4,32
4,451,Right,3,2,34,64,1,1,0,2,2,2,2,0,64,32,4,8,32,16,2,2,4,32,0,0,2,4,2,2,64,32,4,8,32,16,0,4,4,32
4,452,Up,2,2,34,64,1,1,0,0,2,4,2,2,64,32,4,8,32,16,0,4,4,32,2,2,2,4,4,4,64,32,2,4,32,16,0,0,4,32
4,453,Right,3,2,34,64,1,1,2,2,2,4,4,4,64,32,2,4,32,16,0,0,4,32,0,2,4,4,0,4,64,32,2,4,32,16,0,2,4,32
4,454,Up,3,2,34,64,1,1,0,2,4,4,0,4,64,32,2,4,32,16,0,2,4,32,2,2,4,4,0,4,64,32,0,2,32,16,2,0,4,32
4,455,Right,4,2,35,64,1,1,2,2,4,4,0,4,64,32,0,2,32,16,2,0,4,32,2,0,4,8,0,2,64,32,0,2,32,16,0,2,4,32
4,456,Down,4,2,35,64,1,1,2,0,4,8,0,2,64,32,0,2,32,16,0,2,4,32,2,0,4,8,0,0,64,32,0,2,32,16,2,4,4,32
4,457,Up,4,2,35,64,1,1,2,0,4,8,0,0,64,32,0,2,32,16,2,4,4,32,4,2,4,8,0,2,64,32,0,0,32,16,0,2,4,32
4,458,Down,4,2,35,64,1,1,4,2,4,8,0,2,64,32,0,0,32,16,0,2,4,32,0,0,4,8,0,0,64,32,2,2,32,16,4,4,4,32
4,459,Up,3,2,35,64,1,1,0,0,4,8,0,0,64,32,2,2,32,16,4,4,4,32,2,2,4,8,4,2,64,32,0,0,32,16,2,0,4,32
4,460,Up,3,2,35,64,1,1,2,2,4,8,4,2,64,32,0,0,32,16,2,0,4,32,2,4,4,8,4,0,64,32,2,2,32,16,0,0,4,32
4,461,Down,2,2,35,64,1,1,2,4,4,8,4,0,64,32,2,2,32,16,0,0,4,32,0,2,4,8,2,0,64,32,4,4,32,16,2,2,4,32
4,462,Up,1,2,35,64,1,1,0,2,4,8,2,0,64,32,4,4,32,16,2,2,4,32,2,2,4,8,4,2,64,32,2,2,32,16,2,0,4,32
4,463,Right,2,2,35,64,1,1,2,2,4,8,4,2,64,32,2,2,32,16,2,0,4,32,0,4,4,8,4,2,64,32,0,4,32,16,2,2,4,32
4,464,Down,1,2,35,64,1,1,0,4,4,8,4,2,64,32,0,4,32,16,2,2,4,32,2,4,4,8,0,2,64,32,4,4,32,16,2,2,4,32
4,465,Up,0,2,35,64,1,1,2,4,4,8,0,2,64,32,4,4,32,16,2,2,4,32,2,4,4,8,4,2,64,32,2,4,32,16,2,2,4,32
4,466,Up,0,2,35,64,1,1,2,4,4,8,4,2,64,32,2,4,32,16,2,2,4,32,2,4,4,8,4,2,64,32,4,4,32,16,2,2,4,32
4,467,Down,0,2,35,64,1,1,2,4,4,8,4,2,64,32,4,4,32,16,2,2,4,32,2,4,4,8,2,2,64,32,8,4,32,16,2,2,4,32
4,468,Up,0,2,35,64,1,1,2,4,4,8,2,2,64,32,8,4,32,16,2,2,4,32,4,4,4,8,8,2,64,32,2,4,32,16,2,2,4,32
4,469,Down,0,2,35,64,1,1,4,4,4,8,8,2,64,32,2,4,32,16,2,2,4,32,2,4,4,8,4,2,64,32,8,4,32,16,4,2,4,32
4,470,Right,0,2,35,64,1,1,2,4,4,8,4,2,64,32,8,4,32,16,4,2,4,32,2,2,8,8,4,2,64,32,8,4,32,16,4,2,4,32
4,471,Up,0,2,35,64,1,1,2,2,8,8,4,2,64,32,8,4,32,16,4,2,4,32,2,4,8,8,4,2,64,32,8,2,32,16,4,2,4,32
4,472,Down,0,2,35,64,1,1,2,4,8,8,4,2,64,32,8,2,32,16,4,2,4,32,2,2,8,8,4,2,64,32,8,2,32,16,4,4,4,32
4,473,Right,2,2,35,64,1,1,2,2,8,8,4,2,64,32,8,2,32,16,4,4,4,32,0,0,4,16,4,2,64,32,8,2,32,16,2,4,8,32
4,474,Up,2,2,35,64,1,1,0,0,4,16,4,2,64,32,8,2,32,16,2,4,8,32,4,4,4,16,8,2,64,32,2,2,32,16,0,0,8,32
4,475,Up,2,2,35,64,1,1,4,4,4,16,8,2,64,32,2,2,32,16,0,0,8,32,4,4,4,16,8,2,64,32,2,2,32,16,0,0,8,32
4,476,Down,2,2,35,64,1,1,4,4,4,16,8,2,64,32,2,2,32,16,0,0,8,32,2,0,4,16,4,0,64,32,8,4,32,16,2,4,8,32
4,477,Up,2,2,35,64,1,1,2,0,4,16,4,0,64,32,8,4,32,16,2,4,8,32,2,8,4,16,4,0,64,32,8,2,32,16,2,0,8,32
4,478,Down,1,2,35,64,1,1,2,8,4,16,4,0,64,32,8,2,32,16,2,0,8,32,2,0,4,16,4,2,64,32,8,8,32,16,2,2,8,32
4,479,Up,0,2,35,64,1,1,2,0,4,16,4,2,64,32,8,8,32,16,2,2,8,32,2,2,4,16,4,4,64,32,8,2,32,16,2,2,8,32
4,480,Right,2,2,35,64,1,1,2,2,4,16,4,4,64,32,8,2,32,16,2,2,8,32,0,4,4,16,2,4,64,32,8,2,32,16,0,4,8,32
4,481,Down,2,2,35,64,1,1,0,4,4,16,2,4,64,32,8,2,32,16,0,4,8,32,0,2,4,16,0,4,64,32,2,2,32,16,8,4,8,32
4,482,Up,1,2,36,64,1,1,0,2,4,16,0,4,64,32,2,2,32,16,8,4,8,32,2,2,4,16,8,2,64,32,2,2,32,16,0,4,8,32
4,483,Down,1,2,36,64,1,1,2,2,4,16,8,2,64,32,2,2,32,16,0,4,8,32,0,2,4,16,2,2,64,32,8,4,32,16,2,4,8,32
4,484,Up,2,2,36,64,1,1,0,2,4,16,2,2,64,32,8,4,32,16,2,4,8,32,2,4,4,16,8,4,64,32,2,2,32,16,0,0,8,32
4,485,Right,3,2,37,64,1,1,2,4,4,16,8,4,64,32,2,2,32,16,0,0,8,32,0,2,8,16,8,2,64,32,0,4,32,16,0,2,8,32
4,486,Down,3,2,37,64,1,1,0,2,8,16,8,2,64,32,0,4,32,16,0,2,8,32,0,2,8,16,0,2,64,32,0,4,32,16,8,2,8,32
4,487,Up,3,2,37,64,1,1,0,2,8,16,0,2,64,32,0,4,32,16,8,2,8,32,8,4,8,16,0,2,64,32,2,2,32,16,0,0,8,32
4,488,Right,3,2,37,64,1,1,8,4,8,16,0,2,64,32,2,2,32,16,0,0,8,32,8,4,8,16,0,2,64,32,2,4,32,16,0,0,8,32
4,489,Down,2,2,37,64,1,1,8,4,8,16,0,2,64,32,2,4,32,16,0,0,8,32,0,2,8,16,0,2,64,32,8,2,32,16,2,4,8,32
4,490,Up,2,2,37,64,1,1,0,2,8,16,0,2,64,32,8,2,32,16,2,4,8,32,8,4,8,16,2,2,64,32,0,4,32,16,0,2,8,32
4,491,Right,2,2,37,64,1,1,8,4,8,16,2,2,64,32,0,4,32,16,0,2,8,32,8,4,8,16,0,2,64,32,2,4,32,16,0,2,8,32
4,492,Up,1,2,37,64,1,1,8,4,8,16,0,2,64,32,2,4,32,16,0,2,8,32,8,4,8,16,2,2,64,32,0,4,32,16,2,2,8,32
4,493,Right,2,2,37,64,1,1,8,4,8,16,2,2,64,32,0,4,32,16,2,2,8,32,8,4,8,16,2,2,64,32,0,4,32,16,0,4,8,32
4,494,Down,2,2,37,64,1,1,8,4,8,16,2,2,64,32,0,4,32,16,0,4,8,32,2,0,8,16,0,2,64,32,8,2,32,16,2,8,8,32
4,495,Up,2,2,37,64,1,1,2,0,8,16,0,2,64,32,8,2,32,16,2,8,8,32,2,4,8,16,8,4,64,32,2,0,32,16,2,0,8,32
4,496,Right,1,2,38,64,1,1,2,4,8,16,8,4,64,32,2,0,32,16,2,0,8,32,2,4,8,16,8,2,64,32,2,2,32,16,0,2,8,32
4,497,Down,1,2,38,64,1,1,2,4,8,16,8,2,64,32,2,2,32,16,0,2,8,32,0,2,8,16,2,2,64,32,8,2,32,16,2,4,8,32
4,498,Up,1,2,38,64,1,1,0,2,8,16,2,2,64,32,8,2,32,16,2,4,8,32,2,4,8,16,8,2,64,32,2,4,32,16,0,2,8,32
4,499,Down,0,2,38,64,1,1,2,4,8,16,8,2,64,32,2,4,32,16,0,2,8,32,2,4,8,16,2,2,64,32,8,4,32,16,2,2,8,32
4,500,Up,0,2,38,64,1,1,2,4,8,16,2,2,64,32,8,4,32,16,2,2,8,32,4,4,8,16,8,2,64,32,2,4,32,16,2,2,8,32
4,501,Right,1,2,38,64,1,1,4,4,8,16,8,2,64,32,2,4,32,16,2,2,8,32,2,8,8,16,8,2,64,32,2,4,32,16,0,4,8,32
4,502,Up,1,2,38,64,1,1,2,8,8,16,8,2,64,32,2,4,32,16,0,4,8,32,2,8,8,16,8,2,64,32,2,8,32,16,0,2,8,32
4,503,Right,1,2,38,64,1,1,2,8,8,16,8,2,64,32,2,8,32,16,0,2,8,32,2,2,16,16,8,2,64,32,2,8,32,16,0,2,8,32
4,504,Down,1,2,38,64,1,1,2,2,16,16,8,2,64,32,2,8,32,16,0,2,8,32,2,0,16,16,2,2,64,32,8,8,32,16,2,2,8,32
4,505,Up,1,2,38,64,1,1,2,0,16,16,2,2,64,32,8,8,32,16,2,2,8,32,4,2,16,16,8,4,64,32,2,2,32,16,2,0,8,32
4,506,Right,2,2,39,64,1,1,4,2,16,16,8,4,64,32,2,2,32,16,2,0,8,32,2,4,2,32,8,2,64,32,0,4,32,16,0,2,8,32
4,507,Down,2,2,39,64,1,1,2,4,2,32,8,2,64,32,0,4,32,16,0,2,8,32,0,4,2,0,2,2,64,64,2,4,32,16,8,2,8,32
4,508,Up,2,2,39,64,1,1,0,4,2,0,2,2,64,64,2,4,32,16,8,2,8,32,4,4,2,64,8,2,64,16,0,4,32,32,0,2,8,2
4,509,Right,3,2,39,64,1,1,4,4,2,64,8,2,64,16,0,4,32,32,0,2,8,2,2,8,2,64,8,2,64,16,0,0,4,64,0,2,8,2
4,510,Up,3,2,39,64,1,1,2,8,2,64,8,2,64,16,0,0,4,64,0,2,8,2,2,8,2,64,8,2,64,16,0,0,4,64,2,0,8,2
4,511,Down,2,2,39,64,1,1,2,8,2,64,8,2,64,16,0,0,4,64,2,0,8,2,0,2,2,64,2,0,64,16,8,8,4,64,2,2,8,2
4,512,Up,1,2,39,64,1,1,0,2,2,64,2,0,64,16,8,8,4,64,2,2,8,2,2,2,2,64,8,4,64,16,2,2,4,64,2,0,8,2
4,513,Down,1,2,40,64,1,1,2,2,2,64,8,4,64,16,2,2,4,64,2,0,8,2,0,2,2,64,2,2,64,16,8,4,4,64,4,2,8,2
4,514,Up,1,2,40,64,1,1,0,2,2,64,2,2,64,16,8,4,4,64,4,2,8,2,2,4,2,64,8,2,64,16,4,2,4,64,0,2,8,2
4,515,Up,1,2,40,64,1,1,2,4,2,64,8,2,64,16,4,2,4,64,0,2,8,2,2,4,2,64,8,2,64,16,4,2,4,64,0,2,8,2
4,516,Down,1,2,40,64,1,1,2,4,2,64,8,2,64,16,4,2,4,64,0,2,8,2,0,2,2,64,2,2,64,16,8,2,4,64,4,4,8,2
4,517,Up,1,2,40,64,1,1,0,2,2,64,2,2,64,16,8,2,4,64,4,4,8,2,2,4,2,64,8,2,64,16,4,4,4,64,0,2,8,2
4,518,Right,1,2,40,64,1,1,2,4,2,64,8,2,64,16,4,4,4,64,0,2,8,2,2,4,2,64,8,2,64,16,0,4,8,64,2,2,8,2
4,519,Down,1,2,40,64,1,1,2,4,2,64,8,2,64,16,0,4,8,64,2,2,8,2,2,4,0,64,2,2,2,16,8,4,64,64,2,2,16,2
4,520,Up,1,2,40,64,1,1,2,4,0,64,2,2,2,16,8,4,64,64,2,2,16,2,4,4,2,64,8,2,64,16,2,4,16,64,0,2,2,2
4,521,Right,2,2,40,64,1,1,4,4,2,64,8,2,64,16,2,4,16,64,0,2,2,2,0,8,2,64,8,2,64,16,2,4,16,64,2,0,2,4
4,522,Up,2,2,40,64,1,1,0,8,2,64,8,2,64,16,2,4,16,64,2,0,2,4,8,8,2,64,4,2,64,16,0,4,16,64,0,2,2,4
4,523,Down,1,2,40,64,1,1,8,8,2,64,4,2,64,16,0,4,16,64,0,2,2,4,0,8,2,64,2,2,64,16,8,4,16,64,4,2,2,4
4,524,Right,2,2,40,64,1,1,0,8,2,64,2,2,64,16,8,4,16,64,4,2,2,4,0,8,2,64,2,2,64,16,8,4,16,64,0,4,4,4
4,525,Up,2,2,40,64,1,1,0,8,2,64,2,2,64,16,8,4,16,64,0,4,4,4,2,8,2,64,8,2,64,16,0,8,16,64,0,2,4,4
4,526,Right,2,2,40,64,1,1,2,8,2,64,8,2,64,16,0,8,16,64,0,2,4,4,2,8,2,64,8,2,64,16,0,8,16,64,2,0,2,8
4,527,Down,1,2,40,64,1,1,2,8,2,64,8,2,64,16,0,8,16,64,2,0,2,8,0,2,2,64,2,4,64,16,8,2,16,64,2,8,2,8
4,528,Up,0,2,41,64,1,1,0,2,2,64,2,4,64,16,8,2,16,64,2,8,2,8,2,2,2,64,8,2,64,16,2,2,16,64,2,8,2,8
4,529,Right,1,2,41,64,1,1,2,2,2,64,8,2,64,16,2,2,16,64,2,8,2,8,0,2,4,64,8,2,64,16,2,4,16,64,2,8,2,8
4,530,Down,2,2,41,64,1,1,0,2,4,64,8,2,64,16,2,4,16,64,2,8,2,8,0,0,4,64,2,2,64,16,8,4,16,64,4,8,2,8
4,531,Up,1,2,41,64,1,1,0,0,4,64,2,2,64,16,8,4,16,64,4,8,2,8,2,2,4,64,8,2,64,16,4,8,16,64,0,2,2,8
4,532,Right,2,2,41,64,1,1,2,2,4,64,8,2,64,16,4,8,16,64,0,2,2,8,0,4,4,64,8,2,64,16,4,8,16,64,0,2,4,8
4,533,Up,1,2,41,64,1,1,0,4,4,64,8,2,64,16,4,8,16,64,0,2,4,8,8,4,4,64,4,2,64,16,2,8,16,64,0,2,4,8
4,534,Right,1,2,41,64,1,1,8,4,4,64,4,2,64,16,2,8,16,64,0,2,4,8,2,8,8,64,4,2,64,16,2,8,16,64,0,2,4,8
4,535,Down,0,2,41,64,1,1,2,8,8,64,4,2,64,16,2,8,16,64,0,2,4,8,2,8,8,64,2,2,64,16,4,8,16,64,2,2,4,8
4,536,Up,0,2,41,64,1,1,2,8,8,64,2,2,64,16,4,8,16,64,2,2,4,8,4,8,8,64,4,2,64,16,2,8,16,64,2,2,4,8
4,537,Right,1,2,41,64,1,1,4,8,8,64,4,2,64,16,2,8,16,64,2,2,4,8,2,4,16,64,4,2,64,16,2,8,16,64,0,4,4,8
4,538,Down,0,2,41,64,1,1,2,4,16,64,4,2,64,16,2,8,16,64,0,4,4,8,2,4,16,64,2,2,64,16,4,8,16,64,2,4,4,8
4,539,Up,0,2,41,64,1,1,2,4,16,64,2,2,64,16,4,8,16,64,2,4,4,8,4,4,16,64,4,2,64,16,2,8,16,64,2,4,4,8
4,540,Right,1,2,41,64,1,1,4,4,16,64,4,2,64,16,2,8,16,64,2,4,4,8,2,8,16,64,4,2,64,16,2,8,16,64,0,2,8,8
4,541,Down,0,2,41,64,1,1,2,8,16,64,4,2,64,16,2,8,16,64,0,2,8,8,2,8,16,64,2,2,64,16,4,8,16,64,2,2,8,8
4,542,Up,0,2,41,64,1,1,2,8,16,64,2,2,64,16,4,8,16,64,2,2,8,8,4,8,16,64,4,2,64,16,2,8,16,64,2,2,8,8
4,543,Right,1,2,41,64,1,1,4,8,16,64,4,2,64,16,2,8,16,64,2,2,8,8,4,8,16,64,4,2,64,16,2,8,16,64,2,0,4,16
4,544,Down,2,2,41,64,1,1,4,8,16,64,4,2,64,16,2,8,16,64,2,0,4,16,0,2,16,64,0,4,64,16,8,2,16,64,4,8,4,16
4,545,Up,1,2,42,64,1,1,0,2,16,64,0,4,64,16,8,2,16,64,4,8,4,16,8,2,16,64,4,2,64,16,0,2,16,64,2,8,4,16
4,546,Up,1,2,42,64,1,1,8,2,16,64,4,2,64,16,0,2,16,64,2,8,4,16,8,4,16,64,4,2,64,16,2,8,16,64,0,2,4,16
4,547,Down,0,2,42,64,1,1,8,4,16,64,4,2,64,16,2,8,16,64,0,2,4,16,2,4,16,64,8,2,64,16,4,8,16,64,2,2,4,16
4,548,Right,0,2,42,64,1,1,2,4,16,64,8,2,64,16,4,8,16,64,2,2,4,16,2,4,16,64,8,2,64,16,4,8,16,64,2,4,4,16
4,549,Right,0,2,42,64,1,1,2,4,16,64,8,2,64,16,4,8,16,64,2,4,4,16,2,4,16,64,8,2,64,16,4,8,16,64,2,2,8,16
4,550,Right,0,2,42,64,1,1,2,4,16,64,8,2,64,16,4,8,16,64,2,2,8,16,2,4,16,64,8,2,64,16,4,8,16,64,2,4,8,16
5,0,Up,13,0,0,2,2,1,0,0,0,0,0,2,0,2,0,0,0,0,0,0,0,0,0,2,0,2,0,0,0,0,2,0,0,0,0,0,0,0
5,1,Right,13,0,0,4,2,1,0,2,0,2,0,0,0,0,2,0,0,0,0,0,0,0,0,0,0,4,2,0,0,0,0,0,0,2,0,0,0,0
5,2,Up,12,0,0,4,2,1,0,0,0,4,2,0,0,0,0,0,0,2,0,0,0,0,2,0,0,4,0,0,0,2,0,0,0,0,2,0,0,0
5,3,Up,12,0,0,4,2,1,2,0,0,4,0,0,0,2,0,0,0,0,2,0,0,0,4,0,0,4,0,0,0,2,0,0,0,0,0,2,0,0
5,4,Up,11,0,0,4,2,1,4,0,0,4,0,0,0,2,0,0,0,0,0,2,0,0,4,2,0,4,0,0,0,2,0,0,0,0,0,0,0,2
5,5,Right,10,0,0,4,2,1,4,2,0,4,0,0,0,2,0,0,0,0,0,0,0,2,0,4,2,4,0,0,0,2,0,0,0,0,0,0,2,2
5,6,Up,11,0,0,4,2,1,0,4,2,4,0,0,0,2,0,0,0,0,0,0,2,2,0,4,4,4,0,2,0,4,0,0,0,0,0,0,0,0
5,7,Left,11,0,0,8,2,1,0,4,4,4,0,2,0,4,0,0,0,0,0,0,0,0,8,4,0,0,2,4,0,0,0,2,0,0,0,0,0,0
5,8,Up,11,0,0,8,2,1,8,4,0,0,2,4,0,0,0,2,0,0,0,0,0,0,8,8,2,0,2,2,0,0,0,0,0,0,0,0,0,0
5,9,Left,12,0,0,16,2,1,8,8,2,0,2,2,0,0,0,0,0,0,0,0,0,0,16,2,0,0,4,0,2,0,0,0,0,0,0,0,0,0
5,10,Right,11,0,0,16,2,1,16,2,0,0,4,0,2,0,0,0,0,0,0,0,0,0,0,0,16,2,0,0,4,2,0,0,2,0,0,0,0,0
5,11,Left,10,0,0,16,2,1,0,0,16,2,0,0,4,2,0,0,2,0,0,0,0,0,16,2,0,0,4,2,0,0,2,0,2,0,0,0,0,0
5,12,Up,10,0,0,16,2,1,16,2,0,0,4,2,0,0,2,0,2,0,0,0,0,0,16,4,2,0,4,0,0,0,2,0,0,2,0,0,0,0
5,13,Left,10,0,0,16,2,1,16,4,2,0,4,0,0,0,2,0,0,2,0,0,0,0,16,4,2,0,4,2,0,0,4,0,0,0,0,0,0,0
5,14,Up,10,0,0,16,2,1,16,4,2,0,4,2,0,0,4,0,0,0,0,0,0,0,16,4,2,2,8,2,0,0,0,0,0,0,0,0,0,0
5,15,Left,10,0,0,16,2,1,16,4,2,2,8,2,0,0,0,0,0,0,0,0,0,0,16,4,4,0,8,2,0,0,0,2,0,0,0,0,0,0
5,16,Up,10,0,0,16,2,1,16,4,4,0,8,2,0,0,0,2,0,0,0,0,0,0,16,4,4,0,8,4,0,0,0,0,0,0,0,0,0,2
5,17,Left,10,0,0,16,2,1,16,4,4,0,8,4,0,0,0,0,0,0,0,0,0,2,16,8,0,0,8,4,0,0,0,2,0,0,2,0,0,0
5,18,Up,9,0,0,16,2,1,16,8,0,0,8,4,0,0,0,2,0,0,2,0,0,0,16,8,0,0,8,4,0,0,2,2,2,0,0,0,0,0
5,19,Left,9,0,0,16,2,1,16,8,0,0,8,4,0,0,2,2,2,0,0,0,0,0,16,8,0,0,8,4,0,0,4,2,0,2,0,0,0,0
5,20,Up,8,0,0,16,2,1,16,8,0,0,8,4,0,0,4,2,0,2,0,0,0,0,16,8,0,2,8,4,0,0,4,2,0,0,0,0,0,2
5,21,Left,7,0,0,16,2,1,16,8,0,2,8,4,0,0,4,2,0,0,0,0,0,2,16,8,2,0,8,4,2,0,4,2,0,0,2,0,0,0
5,22,Right,6,0,0,16,2,1,16,8,2,0,8,4,2,0,4,2,0,0,2,0,0,0,2,16,8,2,0,8,4,2,0,0,4,2,0,0,0,2
5,23,Left,5,0,0,16,2,1,2,16,8,2,0,8,4,2,0,0,4,2,0,0,0,2,2,16,8,2,8,4,2,0,4,2,0,2,2,0,0,0
5,24,Up,5,0,0,16,2,1,2,16,8,2,8,4,2,0,4,2,0,2,2,0,0,0,2,16,8,4,8,4,2,0,4,2,0,0,2,0,2,0
5,25,Right,5,0,0,16,2,1,2,16,8,4,8,4,2,0,4,2,0,0,2,0,2,0,2,16,8,4,0,8,4,2,0,0,4,2,2,0,0,4
5,26,Up,7,0,0,16,2,1,2,16,8,4,0,8,4,2,0,0,4,2,2,0,0,4,4,16,8,4,0,8,8,4,0,0,0,4,0,2,0,0
5,27,Up,8,0,0,16,2,1,4,16,8,4,0,8,8,4,0,0,0,4,0,2,0,0,4,16,16,8,0,8,2,4,0,2,0,0,0,0,0,0
5,28,Right,8,0,0,32,2,1,4,16,16,8,0,8,2,4,0,2,0,0,0,0,0,0,0,4,32,8,0,8,2,4,0,0,2,2,0,0,0,0
5,29,Up,8,0,0,32,2,1,0,4,32,8,0,8,2,4,0,0,2,2,0,0,0,0,2,4,32,8,0,8,4,4,0,0,0,2,0,0,0,0
5,30,Right,8,0,0,32,2,1,2,4,32,8,0,8,4,4,0,0,0,2,0,0,0,0,2,4,32,8,0,2,8,8,0,0,0,2,0,0,0,0
5,31,Up,8,0,0,32,2,1,2,4,32,8,0,2,8,8,0,0,0,2,0,0,0,0,2,4,32,16,0,2,8,2,0,0,0,0,2,0,0,0
5,32,Up,8,0,0,32,2,1,2,4,32,16,0,2,8,2,0,0,0,0,2,0,0,0,4,4,32,16,2,2,8,2,0,0,0,0,0,0,0,0
5,33,Right,9,0,0,32,2,1,4,4,32,16,2,2,8,2,0,0,0,0,0,0,0,0,0,8,32,16,0,4,8,2,0,0,0,0,2,0,0,0
5,34,Up,8,0,0,32,2,1,0,8,32,16,0,4,8,2,0,0,0,0,2,0,0,0,2,8,32,16,0,4,8,2,2,0,0,0,0,0,0,0
5,35,Up,8,0,0,32,2,1,2,8,32,16,0,4,8,2,2,0,0,0,0,0,0,0,4,8,32,16,0,4,8,2,0,0,0,2,0,0,0,0
5,36,Down,8,0,0,32,2,1,4,8,32,16,0,4,8,2,0,0,0,2,0,0,0,0,0,0,0,0,2,0,0,0,0,4,32,16,4,4,8,4
5,37,Up,8,0,0,32,2,1,0,0,0,0,2,0,0,0,0,4,32,16,4,4,8,4,2,8,32,16,4,0,8,4,0,0,0,0,2,0,0,0
5,38,Right,7,0,0,32,2,1,2,8,32,16,4,0,8,4,0,0,0,0,2,0,0,0,2,8,32,16,0,4,8,4,2,0,0,0,0,0,0,2
5,39,Right,6,0,0,32,2,1,2,8,32,16,0,4,8,4,2,0,0,0,0,0,0,2,2,8,32,16,0,4,8,4,0,0,0,2,0,2,0,2
5,40,Up,6,0,0,32,2,1,2,8,32,16,0,4,8,4,0,0,0,2,0,2,0,2,2,8,32,16,0,4,8,4,2,2,0,4,0,0,0,0
5,41,Right,6,0,0,32,2,1,2,8,32,16,0,4,8,4,2,2,0,4,0,0,0,0,2,8,32,16,0,4,8,4,0,2,4,4,0,0,0,0
5,42,Up,6,0,0,32,2,1,2,8,32,16,0,4,8,4,0,2,4,4,0,0,0,0,2,8,32,16,0,4,8,8,0,2,4,2,0,0,0,0
5,43,Right,6,0,0,32,2,1,2,8,32,16,0,4,8,8,0,2,4,2,0,0,0,0,2,8,32,16,0,0,4,16,0,2,4,2,2,0,0,0
5,44,Up,8,0,0,32,2,1,2,8,32,16,0,0,4,16,0,2,4,2,2,0,0,0,4,8,32,32,0,2,8,2,0,0,0,0,0,0,0,2
5,45,Right,8,0,0,64,2,1,4,8,32,32,0,2,8,2,0,0,0,0,0,0,0,2,0,4,8,64,0,2,8,2,0,0,2,0,0,0,0,2
5,46,Up,9,0,0,64,2,1,0,4,8,64,0,2,8,2,0,0,2,0,0,0,0,2,0,4,16,64,0,2,2,4,2,0,0,0,0,0,0,0
5,47,Right,9,0,0,64,2,1,0,4,16,64,0,2,2,4,2,0,0,0,0,0,0,0,0,4,16,64,0,0,4,4,0,0,2,2,0,0,0,0
5,48,Right,10,0,0,64,2,1,0,4,16,64,0,0,4,4,0,0,2,2,0,0,0,0,0,4,16,64,0,0,0,8,0,2,0,4,0,0,0,0
5,49,Left,9,0,0,64,2,1,0,4,16,64,0,0,0,8,0,2,0,4,0,0,0,0,4,16,64,0,8,0,0,0,2,2,0,0,0,2,0,0
5,50,Up,9,0,0,64,2,1,4,16,64,0,8,0,0,0,2,2,0,0,0,2,0,0,4,16,64,2,8,4,0,0,2,0,0,0,0,0,0,0
5,51,Right,8,0,0,64,2,1,4,16,64,2,8,4,0,0,2,0,0,0,0,0,0,0,4,16,64,2,0,2,8,4,0,0,0,2,0,0,0,0
5,52,Left,7,0,0,64,2,1,4,16,64,2,0,2,8,4,0,0,0,2,0,0,0,0,4,16,64,2,2,8,4,0,2,0,0,2,0,0,0,0
5,53,Up,8,0,0,64,2,1,4,16,64,2,2,8,4,0,2,0,0,2,0,0,0,0,4,16,64,4,4,8,4,0,2,0,0,0,0,0,0,0
5,54,Up,8,0,0,64,2,1,4,16,64,4,4,8,4,0,2,0,0,0,0,0,0,0,8,16,64,4,2,8,4,0,0,0,0,0,0,0,0,2
5,55,Right,7,0,0,64,2,1,8,16,64,4,2,8,4,0,0,0,0,0,0,0,0,2,8,16,64,4,0,2,8,4,0,0,0,0,0,2,0,2
5,56,Left,7,0,0,64,2,1,8,16,64,4,0,2,8,4,0,0,0,0,0,2,0,2,8,16,64,4,2,8,4,0,0,0,2,0,4,0,0,0
5,57,Up,6,0,0,64,2,1,8,16,64,4,2,8,4,0,0,0,2,0,4,0,0,0,8,16,64,4,2,8,4,0,4,0,2,0,0,2,0,0
5,58,Left,5,0,0,64,2,1,8,16,64,4,2,8,4,0,4,0,2,0,0,2,0,0,8,16,64,4,2,8,4,0,4,2,0,2,2,0,0,0
5,59,Up,4,0,0,64,2,1,8,16,64,4,2,8,4,0,4,2,0,2,2,0,0,0,8,16,64,4,2,8,4,2,4,2,0,0,2,0,0,2
5,60,Right,4,0,0,64,2,1,8,16,64,4,2,8,4,2,4,2,0,0,2,0,0,2,8,16,64,4,2,8,4,2,0,2,4,2,0,0,0,4
5,61,Up,5,0,0,64,2,1,8,16,64,4,2,8,4,2,0,2,4,2,0,0,0,4,8,16,64,4,2,8,8,4,2,2,0,4,0,0,0,0
5,62,Up,6,0,0,64,2,1,8,16,64,4,2,8,8,4,2,2,0,4,0,0,0,0,8,16,64,8,4,8,8,4,0,2,0,2,0,0,0,0
5,63,Left,7,0,0,64,2,1,8,16,64,8,4,8,8,4,0,2,0,2,0,0,0,0,8,16,64,8,4,16,4,0,4,0,0,0,0,0,0,2
5,64,Up,8,0,0,64,2,1,8,16,64,8,4,16,4,0,4,0,0,0,0,0,0,2,8,32,64,8,8,2,4,2,0,0,0,0,0,0,0,0
5,65,Up,8,0,0,64,2,1,8,32,64,8,8,2,4,2,0,0,0,0,0,0,0,0,16,32,64,8,0,2,4,2,0,0,0,2,0,0,0,0
5,66,Down,8,0,0,64,2,1,16,32,64,8,0,2,4,2,0,0,0,2,0,0,0,0,2,0,0,0,0,0,0,0,0,16,64,8,16,2,4,4
5,67,Up,7,0,0,64,2,1,2,0,0,0,0,0,0,0,0,16,64,8,16,2,4,4,2,16,64,8,16,2,4,4,2,0,0,0,0,0,0,0
5,68,Right,7,0,0,64,2,1,2,16,64,8,16,2,4,4,2,0,0,0,0,0,0,0,2,16,64,8,0,16,2,8,0,0,0,2,0,2,0,0
5,69,Up,8,0,0,64,2,1,2,16,64,8,0,16,2,8,0,0,0,2,0,2,0,0,2,32,64,16,0,2,2,2,0,2,0,0,0,0,0,0
5,70,Right,8,0,0,64,2,1,2,32,64,16,0,2,2,2,0,2,0,0,0,0,0,0,2,32,64,16,0,0,2,4,0,2,0,2,0,0,0,0
5,71,Right,8,0,0,64,2,1,2,32,64,16,0,0,2,4,0,2,0,2,0,0,0,0,2,32,64,16,2,0,2,4,0,0,0,4,0,0,0,0
5,72,Up,9,0,0,64,2,1,2,32,64,16,2,0,2,4,0,0,0,4,0,0,0,0,4,32,64,16,0,0,2,8,0,0,0,0,0,0,0,2
5,73,Up,8,0,0,64,2,1,4,32,64,16,0,0,2,8,0,0,0,0,0,0,0,2,4,32,64,16,0,0,2,8,0,0,0,2,2,0,0,0
5,74,Left,7,0,0,64,2,1,4,32,64,16,0,0,2,8,0,0,0,2,2,0,0,0,4,32,64,16,2,8,0,0,2,0,0,0,2,2,0,0
5,75,Up,7,0,0,64,2,1,4,32,64,16,2,8,0,0,2,0,0,0,2,2,0,0,4,32,64,16,4,8,0,0,2,2,0,0,2,0,0,0
5,76,Up,8,0,0,64,2,1,4,32,64,16,4,8,0,0,2,2,0,0,2,0,0,0,8,32,64,16,4,8,2,0,0,2,0,0,0,0,0,0
5,77,Right,7,0,0,64,2,1,8,32,64,16,4,8,2,0,0,2,0,0,0,0,0,0,8,32,64,16,0,4,8,2,0,0,0,2,0,0,0,2
5,78,Up,7,0,0,64,2,1,8,32,64,16,0,4,8,2,0,0,0,2,0,0,0,2,8,32,64,16,0,4,8,4,0,0,2,2,0,0,0,0
5,79,Left,7,0,0,64,2,1,8,32,64,16,0,4,8,4,0,0,2,2,0,0,0,0,8,32,64,16,4,8,4,0,4,0,0,0,2,0,0,0
5,80,Up,7,0,0,64,2,1,8,32,64,16,4,8,4,0,4,0,0,0,2,0,0,0,8,32,64,16,8,8,4,0,2,0,0,0,2,0,0,0
5,81,Right,7,0,0,64,2,1,8,32,64,16,8,8,4,0,2,0,0,0,2,0,0,0,8,32,64,16,0,0,16,4,0,0,0,2,0,2,0,2
5,82,Left,7,0,0,64,2,1,8,32,64,16,0,0,16,4,0,0,0,2,0,2,0,2,8,32,64,16,16,4,0,0,2,0,0,2,4,0,0,0
5,83,Up,6,0,0,64,2,1,8,32,64,16,16,4,0,0,2,0,0,2,4,0,0,0,8,32,64,16,16,4,2,2,2,0,0,0,4,0,0,0
5,84,Right,6,0,0,64,2,1,8,32,64,16,16,4,2,2,2,0,0,0,4,0,0,0,8,32,64,16,2,16,4,4,0,0,0,2,0,0,0,4
5,85,Left,6,0,0,64,2,1,8,32,64,16,2,16,4,4,0,0,0,2,0,0,0,4,8,32,64,16,2,16,8,0,2,0,0,0,4,2,0,0
5,86,Up,6,0,0,64,2,1,8,32,64,16,2,16,8,0,2,0,0,0,4,2,0,0,8,32,64,16,4,16,8,0,4,2,0,0,0,0,0,2
5,87,Right,5,0,0,64,2,1,8,32,64,16,4,16,8,0,4,2,0,0,0,0,0,2,8,32,64,16,0,4,16,8,0,0,4,2,0,0,2,2
5,88,Up,5,0,0,64,2,1,8,32,64,16,0,4,16,8,0,0,4,2,0,0,2,2,8,32,64,16,2,4,16,8,0,0,4,4,0,0,2,0
5,89,Left,5,0,0,64,2,1,8,32,64,16,2,4,16,8,0,0,4,4,0,0,2,0,8,32,64,16,2,4,16,8,8,0,2,0,2,0,0,0
5,90,Right,4,0,0,64,2,1,8,32,64,16,2,4,16,8,8,0,2,0,2,0,0,0,8,32,64,16,2,4,16,8,2,0,8,2,0,0,0,2
5,91,Up,5,0,0,64,2,1,8,32,64,16,2,4,16,8,2,0,8,2,0,0,0,2,8,32,64,16,4,4,16,8,0,2,8,4,0,0,0,0
5,92,Right,5,0,0,64,2,1,8,32,64,16,4,4,16,8,0,2,8,4,0,0,0,0,8,32,64,16,0,8,16,8,0,2,8,4,2,0,0,0
5,93,Left,4,0,0,64,2,1,8,32,64,16,0,8,16,8,0,2,8,4,2,0,0,0,8,32,64,16,8,16,8,2,2,4,4,0,2,0,0,0
5,94,Up,5,0,1,64,2,1,8,32,64,16,8,16,8,2,2,4,4,0,2,0,0,0,16,32,64,16,4,16,8,2,0,2,4,0,0,0,2,0
5,95,Right,4,0,1,64,2,1,16,32,64,16,4,16,8,2,0,2,4,0,0,0,2,0,16,32,64,16,4,16,8,2,0,0,2,4,2,0,0,2
5,96,Right,4,0,1,64,2,1,16,32,64,16,4,16,8,2,0,0,2,4,2,0,0,2,16,32,64,16,4,16,8,2,2,0,2,4,0,0,0,4
5,97,Up,4,0,1,64,2,1,16,32,64,16,4,16,8,2,2,0,2,4,0,0,0,4,16,32,64,16,4,16,8,2,2,0,2,8,0,2,0,0
5,98,Left,4,0,1,64,2,1,16,32,64,16,4,16,8,2,2,0,2,8,0,2,0,0,16,32,64,16,4,16,8,2,4,4,0,0,2,0,2,0
5,99,Up,4,0,2,64,2,1,16,32,64,16,4,16,8,2,4,4,0,0,2,0,2,0,16,32,64,16,8,16,8,2,2,2,2,0,2,0,0,0
5,100,Left,4,0,2,64,2,1,16,32,64,16,8,16,8,2,2,2,2,0,2,0,0,0,16,32,64,16,8,16,8,2,4,2,0,0,2,2,0,0
5,101,Down,4,0,2,64,2,1,16,32,64,16,8,16,8,2,4,2,0,0,2,2,0,0,16,0,2,0,8,32,0,0,4,8,64,16,2,4,8,2
5,102,Right,3,0,3,64,2,1,16,0,2,0,8,32,0,0,4,8,64,16,2,4,8,2,0,0,16,2,0,2,8,32,4,4,64,16,2,4,8,2
5,103,Up,3,0,3,64,2,1,0,0,16,2,0,2,8,32,4,4,64,16,2,4,8,2,4,2,16,2,2,8,8,32,0,0,64,16,2,0,8,2
5,104,Right,3,0,3,64,2,1,4,2,16,2,2,8,8,32,0,0,64,16,2,0,8,2,4,2,16,2,0,2,16,32,0,0,64,16,2,2,8,2
5,105,Down,4,0,3,64,2,1,4,2,16,2,0,2,16,32,0,0,64,16,2,2,8,2,2,0,0,2,0,0,32,32,4,2,64,16,2,4,8,2
5,106,Right,5,0,3,64,2,1,2,0,0,2,0,0,32,32,4,2,64,16,2,4,8,2,0,0,2,4,0,0,0,64,4,2,64,16,2,4,8,2
5,107,Up,4,0,3,64,2,1,0,0,2,4,0,0,0,64,4,2,64,16,2,4,8,2,4,2,2,4,2,4,64,64,0,0,8,16,2,0,0,2
5,108,Right,6,0,3,128,2,1,4,2,2,4,2,4,64,64,0,0,8,16,2,0,0,2,0,4,4,4,0,2,4,128,0,0,8,16,0,2,0,4
5,109,Right,6,0,3,128,2,1,0,4,4,4,0,2,4,128,0,0,8,16,0,2,0,4,2,0,4,8,0,2,4,128,0,0,8,16,0,0,2,4
5,110,Down,6,0,3,128,2,1,2,0,4,8,0,2,4,128,0,0,8,16,0,0,2,4,2,0,0,8,0,0,8,128,0,0,8,16,2,2,2,4
5,111,Down,7,0,3,128,2,1,2,0,0,8,0,0,8,128,0,0,8,16,2,2,2,4,0,0,0,8,0,2,0,128,0,0,16,16,4,2,2,4
5,112,Right,8,0,3,128,2,1,0,0,0,8,0,2,0,128,0,0,16,16,4,2,2,4,0,0,2,8,0,0,2,128,0,0,0,32,0,4,4,4
5,113,Right,8,0,3,128,2,1,0,0,2,8,0,0,2,128,0,0,0,32,0,4,4,4,0,0,2,8,0,0,2,128,0,2,0,32,0,0,4,8
5,114,Up,8,0,3,128,2,1,0,0,2,8,0,0,2,128,0,2,0,32,0,0,4,8,2,2,4,8,0,0,4,128,0,0,0,32,0,0,0,8
5,115,Right,8,0,3,128,2,1,2,2,4,8,0,0,4,128,0,0,0,32,0,0,0,8,0,4,4,8,0,0,4,128,0,2,0,32,0,0,0,8
5,116,Right,8,0,3,128,2,1,0,4,4,8,0,0,4,128,0,2,0,32,0,0,0,8,0,0,8,8,0,2,4,128,0,0,2,32,0,0,0,8
5,117,Right,8,0,3,128,2,1,0,0,8,8,0,2,4,128,0,0,2,32,0,0,0,8,0,2,0,16,0,2,4,128,0,0,2,32,0,0,0,8
5,118,Right,7,0,3,128,2,1,0,2,0,16,0,2,4,128,0,0,2,32,0,0,0,8,0,0,2,16,2,2,4,128,0,0,2,32,0,0,0,8
5,119,Right,7,0,3,128,2,1,0,0,2,16,2,2,4,128,0,0,2,32,0,0,0,8,0,0,2,16,0,4,4,128,0,0,2,32,0,2,0,8
5,120,Right,7,0,3,128,2,1,0,0,2,16,0,4,4,128,0,0,2,32,0,2,0,8,0,0,2,16,2,0,8,128,0,0,2,32,0,0,2,8
5,121,Up,7,0,3,128,2,1,0,0,2,16,2,0,8,128,0,0,2,32,0,0,2,8,2,0,2,16,0,0,8,128,0,0,4,32,0,0,2,8
5,122,Right,7,0,3,128,2,1,2,0,2,16,0,0,8,128,0,0,4,32,0,0,2,8,0,0,4,16,0,0,8,128,0,0,4,32,0,2,2,8
5,123,Right,7,0,3,128,2,1,0,0,4,16,0,0,8,128,0,0,4,32,0,2,2,8,0,0,4,16,0,0,8,128,2,0,4,32,0,0,4,8
5,124,Up,7,0,3,128,2,1,0,0,4,16,0,0,8,128,2,0,4,32,0,0,4,8,2,0,4,16,0,0,8,128,0,0,8,32,0,2,0,8
5,125,Up,7,0,3,128,2,1,2,0,4,16,0,0,8,128,0,0,8,32,0,2,0,8,2,2,4,16,0,0,16,128,0,0,0,32,0,0,2,8
5,126,Right,7,0,3,128,2,1,2,2,4,16,0,0,16,128,0,0,0,32,0,0,2,8,0,4,4,16,2,0,16,128,0,0,0,32,0,0,2,8
5,127,Right,7,0,3,128,2,1,0,4,4,16,2,0,16,128,0,0,0,32,0,0,2,8,0,0,8,16,2,2,16,128,0,0,0,32,0,0,2,8
5,128,Right,7,0,3,128,2,1,0,0,8,16,2,2,16,128,0,0,0,32,0,0,2,8,0,0,8,16,0,4,16,128,2,0,0,32,0,0,2,8
5,129,Up,6,0,3,128,2,1,0,0,8,16,0,4,16,128,2,0,0,32,0,0,2,8,2,4,8,16,0,0,16,128,0,0,2,32,0,0,2,8
5,130,Up,6,0,3,128,2,1,2,4,8,16,0,0,16,128,0,0,2,32,0,0,2,8,2,4,8,16,0,0,16,128,0,2,4,32,0,0,0,8
5,131,Up,5,0,3,128,2,1,2,4,8,16,0,0,16,128,0,2,4,32,0,0,0,8,2,4,8,16,0,2,16,128,0,0,4,32,0,0,2,8
5,132,Left,4,0,3,128,2,1,2,4,8,16,0,2,16,128,0,0,4,32,0,0,2,8,2,4,8,16,2,16,128,0,4,16,0,0,2,8,0,2
5,133,Right,3,0,3,128,2,1,2,4,8,16,2,16,128,0,4,16,0,0,2,8,0,2,2,4,8,16,0,2,16,128,0,0,4,16,2,2,8,2
5,134,Up,4,0,3,128,2,1,2,4,8,16,0,2,16,128,0,0,4,16,2,2,8,2,4,4,8,16,0,4,16,128,0,2,4,16,0,0,8,2
5,135,Up,4,0,3,128,2,1,4,4,8,16,0,4,16,128,0,2,4,16,0,0,8,2,4,8,8,16,0,2,16,128,0,0,4,16,0,2,8,2
5,136,Right,4,0,3,128,2,1,4,8,8,16,0,2,16,128,0,0,4,16,0,2,8,2,0,4,16,16,0,2,16,128,0,2,4,16,0,2,8,2
5,137,Down,5,0,3,128,2,1,0,4,16,16,0,2,16,128,0,2,4,16,0,2,8,2,2,0,0,16,0,4,32,128,0,2,4,16,0,4,8,2
5,138,Right,4,0,3,128,2,1,2,0,0,16,0,4,32,128,0,2,4,16,0,4,8,2,0,2,2,16,0,4,32,128,0,2,4,16,0,4,8,2
5,139,Right,4,0,3,128,2,1,0,2,2,16,0,4,32,128,0,2,4,16,0,4,8,2,2,0,4,16,0,4,32,128,0,2,4,16,0,4,8,2
5,140,Right,3,0,3,128,2,1,2,0,4,16,0,4,32,128,0,2,4,16,0,4,8,2,0,2,4,16,0,4,32,128,0,2,4,16,2,4,8,2
5,141,Up,2,0,3,128,2,1,0,2,4,16,0,4,32,128,0,2,4,16,2,4,8,2,2,2,4,16,0,4,32,128,0,2,4,16,2,4,8,2
5,142,Right,2,0,3,128,2,1,2,2,4,16,0,4,32,128,0,2,4,16,2,4,8,2,2,4,4,16,0,4,32,128,0,2,4,16,2,4,8,2
5,143,Right,2,0,3,128,2,1,2,4,4,16,0,4,32,128,0,2,4,16,2,4,8,2,0,2,8,16,2,4,32,128,0,2,4,16,2,4,8,2
5,144,Up,2,0,3,128,2,1,0,2,8,16,2,4,32,128,0,2,4,16,2,4,8,2,4,2,8,16,0,4,32,128,2,2,4,16,0,4,8,2
5,145,Right,2,0,3,128,2,1,4,2,8,16,0,4,32,128,2,2,4,16,0,4,8,2,4,2,8,16,0,4,32,128,0,2,4,16,2,4,8,2
5,146,Up,1,0,3,128,2,1,4,2,8,16,0,4,32,128,0,2,4,16,2,4,8,2,4,2,8,16,2,4,32,128,0,2,4,16,2,4,8,2
5,147,Up,1,0,3,128,2,1,4,2,8,16,2,4,32,128,0,2,4,16,2,4,8,2,4,2,8,16,4,4,32,128,2,2,4,16,0,4,8,2
5,148,Right,2,0,3,128,2,1,4,2,8,16,4,4,32,128,2,2,4,16,0,4,8,2,4,2,8,16,0,8,32,128,2,2,4,16,0,4,8,2
5,149,Up,1,0,3,128,2,1,4,2,8,16,0,8,32,128,2,2,4,16,0,4,8,2,4,2,8,16,2,8,32,128,2,2,4,16,0,4,8,2
5,150,Right,1,0,3,128,2,1,4,2,8,16,2,8,32,128,2,2,4,16,0,4,8,2,4,2,8,16,2,8,32,128,2,2,4,16,0,4,8,2
5,151,Up,1,0,3,128,2,1,4,2,8,16,2,8,32,128,2,2,4,16,0,4,8,2,4,2,8,16,4,8,32,128,2,2,4,16,0,4,8,2
5,152,Up,1,0,3,128,2,1,4,2,8,16,4,8,32,128,2,2,4,16,0,4,8,2,8,2,8,16,2,8,32,128,0,2,4,16,2,4,8,2
5,153,Down,1,0,3,128,2,1,8,2,8,16,2,8,32,128,0,2,4,16,2,4,8,2,0,2,8,16,2,8,32,128,8,2,4,16,4,4,8,2
5,154,Right,1,0,3,128,2,1,0,2,8,16,2,8,32,128,8,2,4,16,4,4,8,2,0,2,8,16,2,8,32,128,8,2,4,16,2,8,8,2
5,155,Right,1,0,3,128,2,1,0,2,8,16,2,8,32,128,8,2,4,16,2,8,8,2,2,2,8,16,2,8,32,128,8,2,4,16,0,2,16,2
5,156,Right,1,0,3,128,2,1,2,2,8,16,2,8,32,128,8,2,4,16,0,2,16,2,0,4,8,16,2,8,32,128,8,2,4,16,2,2,16,2
5,157,Right,1,0,3,128,2,1,0,4,8,16,2,8,32,128,8,2,4,16,2,2,16,2,0,4,8,16,2,8,32,128,8,2,4,16,2,4,16,2
5,158,Up,0,0,3,128,2,1,0,4,8,16,2,8,32,128,8,2,4,16,2,4,16,2,2,4,8,16,8,8,32,128,2,2,4,16,2,4,16,2
5,159,Right,1,0,3,128,2,1,2,4,8,16,8,8,32,128,2,2,4,16,2,4,16,2,2,4,8,16,2,16,32,128,0,2,4,16,2,4,16,2
5,160,Down,1,0,3,128,2,1,2,4,8,16,2,16,32,128,0,2,4,16,2,4,16,2,2,4,8,16,0,16,32,128,2,2,4,16,4,4,16,2
5,161,Right,2,0,3,128,2,1,2,4,8,16,0,16,32,128,2,2,4,16,4,4,16,2,2,4,8,16,0,16,32,128,2,2,4,16,0,8,16,2
5,162,Up,2,0,3,128,2,1,2,4,8,16,0,16,32,128,2,2,4,16,0,8,16,2,4,4,8,16,0,16,32,128,0,2,4,16,2,8,16,2
5,163,Right,2,0,3,128,2,1,4,4,8,16,0,16,32,128,0,2,4,16,2,8,16,2,0,8,8,16,0,16,32,128,2,2,4,16,2,8,16,2
5,164,Right,3,0,3,128,2,1,0,8,8,16,0,16,32,128,2,2,4,16,2,8,16,2,0,0,16,16,0,16,32,128,2,2,4,16,2,8,16,2
5,165,Right,4,0,3,128,2,1,0,0,16,16,0,16,32,128,2,2,4,16,2,8,16,2,0,2,0,32,0,16,32,128,0,2,4,16,2,8,16,2
5,166,Up,3,0,3,128,2,1,0,2,0,32,0,16,32,128,0,2,4,16,2,8,16,2,2,2,32,32,0,16,4,128,0,2,16,16,0,8,2,2
5,167,Right,6,0,3,128,2,1,2,2,32,32,0,16,4,128,0,2,16,16,0,8,2,2,0,0,4,64,2,16,4,128,0,0,2,32,0,0,8,4
5,168,Up,6,0,3,128,2,1,0,0,4,64,2,16,4,128,0,0,2,32,0,0,8,4,2,16,8,64,2,0,2,128,0,0,8,32,0,0,0,4
5,169,Right,6,0,3,128,2,1,2,16,8,64,2,0,2,128,0,0,8,32,0,0,0,4,2,16,8,64,0,0,4,128,0,0,8,32,0,0,2,4
5,170,Left,5,0,3,128,2,1,2,16,8,64,0,0,4,128,0,0,8,32,0,0,2,4,2,16,8,64,4,128,0,0,8,16,0,2,2,4,0,0
5,171,Right,4,0,3,128,2,1,2,16,8,64,4,128,0,0,8,16,0,2,2,4,0,0,2,16,8,64,0,0,4,128,0,4,16,2,0,2,2,4
5,172,Up,3,0,4,128,2,1,2,16,8,64,0,0,4,128,0,4,16,2,0,2,2,4,2,16,8,64,0,4,4,128,0,2,16,2,0,2,2,4
5,173,Right,4,0,4,128,2,1,2,16,8,64,0,4,4,128,0,2,16,2,0,2,2,4,2,16,8,64,0,0,8,128,0,2,16,2,0,2,4,4
5,174,Up,5,0,4,128,2,1,2,16,8,64,0,0,8,128,0,2,16,2,0,2,4,4,2,16,16,64,0,4,16,128,0,0,4,2,2,0,0,4
5,175,Up,6,0,4,128,2,1,2,16,16,64,0,4,16,128,0,0,4,2,2,0,0,4,4,16,32,64,0,4,4,128,0,0,0,2,2,0,0,4
5,176,Right,6,0,4,128,2,1,4,16,32,64,0,4,4,128,0,0,0,2,2,0,0,4,4,16,32,64,0,0,8,128,0,0,0,2,0,2,2,4
5,177,Right,6,0,4,128,2,1,4,16,32,64,0,0,8,128,0,0,0,2,0,2,2,4,4,16,32,64,0,0,8,128,2,0,0,2,0,0,4,4
5,178,Right,7,0,4,128,2,1,4,16,32,64,0,0,8,128,2,0,0,2,0,0,4,4,4,16,32,64,0,0,8,128,0,2,0,4,0,0,0,8
5,179,Right,6,0,4,128,2,1,4,16,32,64,0,0,8,128,0,2,0,4,0,0,0,8,4,16,32,64,0,0,8,128,0,0,2,4,2,0,0,8
5,180,Right,5,0,4,128,2,1,4,16,32,64,0,0,8,128,0,0,2,4,2,0,0,8,4,16,32,64,0,0,8,128,0,2,2,4,0,0,2,8
5,181,Right,5,0,4,128,2,1,4,16,32,64,0,0,8,128,0,2,2,4,0,0,2,8,4,16,32,64,0,0,8,128,0,0,4,4,2,0,2,8
5,182,Up,4,0,4,128,2,1,4,16,32,64,0,0,8,128,0,0,4,4,2,0,2,8,4,16,32,64,2,0,8,128,0,0,4,4,2,0,2,8
5,183,Right,5,0,4,128,2,1,4,16,32,64,2,0,8,128,0,0,4,4,2,0,2,8,4,16,32,64,0,2,8,128,0,2,0,8,0,0,4,8
5,184,Right,4,0,4,128,2,1,4,16,32,64,0,2,8,128,0,2,0,8,0,0,4,8,4,16,32,64,2,2,8,128,0,0,2,8,0,0,4,8
5,185,Right,4,0,4,128,2,1,4,16,32,64,2,2,8,128,0,0,2,8,0,0,4,8,4,16,32,64,0,4,8,128,0,0,2,8,0,2,4,8
5,186,Up,4,0,4,128,2,1,4,16,32,64,0,4,8,128,0,0,2,8,0,2,4,8,4,16,32,64,0,4,8,128,0,2,2,16,0,0,4,2
5,187,Right,4,0,4,128,2,1,4,16,32,64,0,4,8,128,0,2,2,16,0,0,4,2,4,16,32,64,0,4,8,128,2,0,4,16,0,0,4,2
5,188,Up,4,0,4,128,2,1,4,16,32,64,0,4,8,128,2,0,4,16,0,0,4,2,4,16,32,64,2,4,8,128,0,2,8,16,0,0,0,2
5,189,Up,4,0,4,128,2,1,4,16,32,64,2,4,8,128,0,2,8,16,0,0,0,2,4,16,32,64,2,4,16,128,2,2,0,16,0,0,0,2
5,190,Right,4,0,4,128,2,1,4,16,32,64,2,4,16,128,2,2,0,16,0,0,0,2,4,16,32,64,2,4,16,128,0,0,4,16,0,0,2,2
5,191,Left,4,0,4,128,2,1,4,16,32,64,2,4,16,128,0,0,4,16,0,0,2,2,4,16,32,64,2,4,16,128,4,8,0,0,4,0,2,0
5,192,Up,4,0,5,128,2,1,4,16,32,64,2,4,16,128,4,8,0,0,4,0,2,0,4,16,32,64,2,4,16,128,8,4,2,0,2,0,0,0
5,193,Up,4,0,5,128,2,1,4,16,32,64,2,4,16,128,8,4,2,0,2,0,0,0,4,16,32,64,2,8,16,128,8,0,2,0,2,2,0,0
5,194,Up,3,0,5,128,2,1,4,16,32,64,2,8,16,128,8,0,2,0,2,2,0,0,4,16,32,64,2,8,16,128,8,2,2,0,2,2,0,0
5,195,Up,3,0,5,128,2,1,4,16,32,64,2,8,16,128,8,2,2,0,2,2,0,0,4,16,32,64,2,8,16,128,8,2,2,0,2,0,0,2
5,196,Right,4,0,5,128,2,1,4,16,32,64,2,8,16,128,8,2,2,0,2,0,0,2,4,16,32,64,2,8,16,128,0,0,8,4,2,0,0,4
5,197,Up,5,0,5,128,2,1,4,16,32,64,2,8,16,128,0,0,8,4,2,0,0,4,4,16,32,64,4,8,16,128,0,2,8,8,0,0,0,0
5,198,Up,5,0,5,128,2,1,4,16,32,64,4,8,16,128,0,2,8,8,0,0,0,0,8,16,32,64,0,8,16,128,0,2,8,8,0,0,2,0
5,199,Right,5,0,5,128,2,1,8,16,32,64,0,8,16,128,0,2,8,8,0,0,2,0,8,16,32,64,0,8,16,128,0,0,2,16,0,2,0,2
5,200,Left,5,0,5,128,2,1,8,16,32,64,0,8,16,128,0,0,2,16,0,2,0,2,8,16,32,64,8,16,128,0,2,8,0,0,4,0,2,0
5,201,Up,6,0,5,128,2,1,8,16,32,64,8,16,128,0,2,8,0,0,4,0,2,0,16,32,32,64,2,8,128,0,4,0,2,0,0,0,2,0
5,202,Right,6,0,5,128,2,1,16,32,32,64,2,8,128,0,4,0,2,0,0,0,2,0,0,16,64,64,2,2,8,128,0,0,4,2,0,0,0,2
5,203,Right,7,0,5,128,2,1,0,16,64,64,2,2,8,128,0,0,4,2,0,0,0,2,0,2,16,128,0,4,8,128,0,0,4,2,0,0,0,2
5,204,Up,8,0,5,256,2,1,0,2,16,128,0,4,8,128,0,0,4,2,0,0,0,2,0,2,16,256,0,4,8,4,0,0,4,0,0,2,0,0
6,0,Up,13,0,0,2,2,1,0,0,0,0,0,0,0,0,0,2,0,0,0,0,2,0,0,2,2,0,0,2,0,0,0,0,0,0,0,0,0,0
6,1,Left,13,0,0,4,2,1,0,2,2,0,0,2,0,0,0,0,0,0,0,0,0,0,4,0,0,0,2,0,2,0,0,0,0,0,0,0,0,0
6,2,Right,13,0,0,4,2,1,4,0,0,0,2,0,2,0,0,0,0,0,0,0,0,0,0,0,0,4,0,0,0,4,0,2,0,0,0,0,0,0
6,3,Up,13,0,0,8,2,1,0,0,0,4,0,0,0,4,0,2,0,0,0,0,0,0,0,2,0,8,0,0,0,2,0,0,0,0,0,0,0,0
6,4,Left,12,0,0,8,2,1,0,2,0,8,0,0,0,2,0,0,0,0,0,0,0,0,2,8,0,0,2,0,0,0,0,0,0,0,0,0,0,2
6,5,Up,12,0,0,8,2,1,2,8,0,0,2,0,0,0,0,0,0,0,0,0,0,2,4,8,0,2,0,0,0,2,0,0,0,0,0,0,0,0
6,6,Left,11,0,0,8,2,1,4,8,0,2,0,0,0,2,0,0,0,0,0,0,0,0,4,8,2,0,2,0,0,2,0,0,0,0,0,0,0,0
6,7,Up,10,0,0,8,2,1,4,8,2,0,2,0,0,2,0,0,0,0,0,0,0,0,4,8,2,2,2,2,0,0,0,0,0,0,0,0,0,0
6,8,Left,11,0,0,8,2,1,4,8,2,2,2,2,0,0,0,0,0,0,0,0,0,0,4,8,4,0,4,0,2,0,0,0,0,0,0,0,0,0
6,9,Up,11,0,0,8,2,1,4,8,4,0,4,0,2,0,0,0,0,0,0,0,0,0,8,8,4,0,0,0,2,0,0,0,0,0,0,2,0,0
6,10,Left,11,0,0,16,2,1,8,8,4,0,0,0,2,0,0,0,0,0,0,2,0,0,16,4,0,0,2,0,0,2,0,0,0,0,2,0,0,0
6,11,Up,11,0,0,16,2,1,16,4,0,0,2,0,0,2,0,0,0,0,2,0,0,0,16,4,0,2,4,0,0,2,0,0,0,0,0,0,0,0
6,12,Left,10,0,0,16,2,1,16,4,0,2,4,0,0,2,0,0,0,0,0,0,0,0,16,4,2,0,4,2,0,2,0,0,0,0,0,0,0,0
6,13,Right,10,0,0,16,2,1,16,4,2,0,4,2,0,2,0,0,0,0,0,0,0,0,0,16,4,2,0,0,4,4,0,0,0,0,2,0,0,0
6,14,Up,10,0,0,16,2,1,0,16,4,2,0,0,4,4,0,0,0,0,2,0,0,0,2,16,8,2,0,2,0,4,0,0,0,0,0,0,0,0
6,15,Left,9,0,0,16,2,1,2,16,8,2,0,2,0,4,0,0,0,0,0,0,0,0,2,16,8,2,2,4,0,0,0,0,0,0,0,0,2,0
6,16,Up,9,0,0,16,2,1,2,16,8,2,2,4,0,0,0,0,0,0,0,0,2,0,4,16,8,2,0,4,2,2,0,0,0,0,0,0,0,0
6,17,Right,9,0,0,16,2,1,4,16,8,2,0,4,2,2,0,0,0,0,0,0,0,0,4,16,8,2,0,0,4,4,2,0,0,0,0,0,0,0
6,18,Left,9,0,0,16,2,1,4,16,8,2,0,0,4,4,2,0,0,0,0,0,0,0,4,16,8,2,8,0,0,0,2,0,2,0,0,0,0,0
6,19,Up,8,0,0,16,2,1,4,16,8,2,8,0,0,0,2,0,2,0,0,0,0,0,4,16,8,2,8,0,2,0,2,0,2,0,0,0,0,0
6,20,Left,8,0,0,16,2,1,4,16,8,2,8,0,2,0,2,0,2,0,0,0,0,0,4,16,8,2,8,2,0,0,4,0,0,2,0,0,0,0
6,21,Up,8,0,0,16,2,1,4,16,8,2,8,2,0,0,4,0,0,2,0,0,0,0,4,16,8,4,8,2,0,0,4,0,0,2,0,0,0,0
6,22,Right,7,0,0,16,2,1,4,16,8,4,8,2,0,0,4,0,0,2,0,0,0,0,4,16,8,4,0,0,8,2,0,0,4,2,0,0,0,2
6,23,Left,6,0,0,16,2,1,4,16,8,4,0,0,8,2,0,0,4,2,0,0,0,2,4,16,8,4,8,2,0,0,4,2,0,2,2,0,0,0
6,24,Left,6,0,0,16,2,1,4,16,8,4,8,2,0,0,4,2,0,2,2,0,0,0,4,16,8,4,8,2,0,0,4,2,0,0,2,0,2,0
6,25,Up,6,0,0,16,2,1,4,16,8,4,8,2,0,0,4,2,0,0,2,0,2,0,4,16,8,4,8,4,2,0,4,0,0,0,2,2,0,0
6,26,Right,6,0,0,16,2,1,4,16,8,4,8,4,2,0,4,0,0,0,2,2,0,0,4,16,8,4,0,8,4,2,0,0,0,4,0,0,2,4
6,27,Left,5,0,0,16,2,1,4,16,8,4,0,8,4,2,0,0,0,4,0,0,2,4,4,16,8,4,8,4,2,0,4,0,0,0,2,4,0,2
6,28,Right,4,0,0,16,2,1,4,16,8,4,8,4,2,0,4,0,0,0,2,4,0,2,4,16,8,4,2,8,4,2,0,0,0,4,0,2,4,2
6,29,Up,4,0,0,16,2,1,4,16,8,4,2,8,4,2,0,0,0,4,0,2,4,2,4,16,8,4,2,8,8,2,0,2,2,4,0,0,0,2
6,30,Left,5,0,0,16,2,1,4,16,8,4,2,8,8,2,0,2,2,4,0,0,0,2,4,16,8,4,2,16,2,0,4,2,0,2,2,0,0,0
6,31,Up,5,0,0,32,2,1,4,16,8,4,2,16,2,0,4,2,0,2,2,0,0,0,4,32,8,4,2,2,2,2,4,0,0,0,2,0,2,0
6,32,Left,7,0,0,32,2,1,4,32,8,4,2,2,2,2,4,0,0,0,2,0,2,0,4,32,8,4,4,4,0,0,4,0,0,0,4,0,2,0
6,33,Right,7,0,0,32,2,1,4,32,8,4,4,4,0,0,4,0,0,0,4,0,2,0,4,32,8,4,0,0,0,8,2,0,0,4,0,0,4,2
6,34,Left,6,0,0,32,2,1,4,32,8,4,0,0,0,8,2,0,0,4,0,0,4,2,4,32,8,4,8,0,0,0,2,2,0,0,4,2,2,0
6,35,Up,6,0,0,32,2,1,4,32,8,4,8,0,0,0,2,2,0,0,4,2,2,0,4,32,8,4,8,4,2,0,2,0,0,2,4,0,0,0
6,36,Left,6,0,0,32,2,1,4,32,8,4,8,4,2,0,2,0,0,2,4,0,0,0,4,32,8,4,8,4,2,0,4,0,0,0,4,0,0,2
6,37,Right,5,0,0,32,2,1,4,32,8,4,8,4,2,0,4,0,0,0,4,0,0,2,4,32,8,4,0,8,4,2,2,0,0,4,0,0,4,2
6,38,Up,5,0,0,32,2,1,4,32,8,4,0,8,4,2,2,0,0,4,0,0,4,2,4,32,8,4,2,8,8,2,2,0,0,4,0,0,0,2
6,39,Left,5,0,0,32,2,1,4,32,8,4,2,8,8,2,2,0,0,4,0,0,0,2,4,32,8,4,2,16,2,0,2,2,0,2,2,0,0,0
6,40,Up,5,0,0,32,2,1,4,32,8,4,2,16,2,0,2,2,0,2,2,0,0,0,4,32,8,4,4,16,2,2,2,2,0,0,2,0,0,0
6,41,Left,6,0,0,32,2,1,4,32,8,4,4,16,2,2,2,2,0,0,2,0,0,0,4,32,8,4,4,16,4,0,4,0,0,0,2,0,0,2
6,42,Right,6,0,0,32,2,1,4,32,8,4,4,16,4,0,4,0,0,0,2,0,0,2,4,32,8,4,0,4,16,4,2,0,0,4,0,0,0,4
6,43,Up,7,0,0,32,2,1,4,32,8,4,0,4,16,4,2,0,0,4,0,0,0,4,4,32,8,8,2,4,16,8,2,0,0,0,0,0,0,0
6,44,Left,7,0,0,32,2,1,4,32,8,8,2,4,16,8,2,0,0,0,0,0,0,0,4,32,16,0,2,4,16,8,2,2,0,0,0,0,0,0
6,45,Up,8,0,0,32,2,1,4,32,16,0,2,4,16,8,2,2,0,0,0,0,0,0,4,32,32,8,4,4,0,0,0,2,2,0,0,0,0,0
6,46,Left,10,0,0,64,2,1,4,32,32,8,4,4,0,0,0,2,2,0,0,0,0,0,4,64,8,0,8,0,0,0,4,0,2,0,0,0,0,0
6,47,Up,9,0,0,64,2,1,4,64,8,0,8,0,0,0,4,0,2,0,0,0,0,0,4,64,8,0,8,0,2,0,4,0,0,0,2,0,0,0
6,48,Left,8,0,0,64,2,1,4,64,8,0,8,0,2,0,4,0,0,0,2,0,0,0,4,64,8,0,8,2,0,0,4,0,0,0,2,0,0,2
6,49,Right,8,0,0,64,2,1,4,64,8,0,8,2,0,0,4,0,0,0,2,0,0,2,0,4,64,8,0,2,8,2,0,0,0,4,0,0,0,4
6,50,Left,7,0,0,64,2,1,0,4,64,8,0,2,8,2,0,0,0,4,0,0,0,4,4,64,8,0,2,8,2,0,4,0,0,0,4,0,2,0
6,51,Up,8,0,0,64,2,1,4,64,8,0,2,8,2,0,4,0,0,0,4,0,2,0,4,64,8,0,2,8,4,0,8,2,0,0,0,0,0,0
6,52,Right,7,0,0,64,2,1,4,64,8,0,2,8,4,0,8,2,0,0,0,0,0,0,2,4,64,8,0,2,8,4,0,0,8,2,0,0,0,0
6,53,Left,6,0,0,64,2,1,2,4,64,8,0,2,8,4,0,0,8,2,0,0,0,0,2,4,64,8,2,8,4,0,8,2,0,0,0,0,2,0
6,54,Up,6,0,0,64,2,1,2,4,64,8,2,8,4,0,8,2,0,0,0,0,2,0,4,4,64,8,8,8,4,0,0,2,2,0,0,0,2,0
6,55,Left,8,0,0,64,2,1,4,4,64,8,8,8,4,0,0,2,2,0,0,0,2,0,8,64,8,0,16,4,0,0,4,0,0,0,2,0,2,0
6,56,Left,8,0,0,64,2,1,8,64,8,0,16,4,0,0,4,0,0,0,2,0,2,0,8,64,8,0,16,4,0,0,4,0,0,0,4,2,0,0
6,57,Up,8,0,0,64,2,1,8,64,8,0,16,4,0,0,4,0,0,0,4,2,0,0,8,64,8,0,16,4,0,0,8,2,0,0,0,0,0,2
6,58,Right,7,0,0,64,2,1,8,64,8,0,16,4,0,0,8,2,0,0,0,0,0,2,0,8,64,8,0,0,16,4,0,2,8,2,0,0,0,2
6,59,Left,6,0,0,64,2,1,0,8,64,8,0,0,16,4,0,2,8,2,0,0,0,2,8,64,8,0,16,4,0,0,2,4,2,2,2,0,0,0
6,60,Up,7,0,0,64,2,1,8,64,8,0,16,4,0,0,2,4,2,2,2,0,0,0,8,64,8,2,16,8,2,0,4,0,0,0,2,0,0,0
6,61,Right,6,0,0,64,2,1,8,64,8,2,16,8,2,0,4,0,0,0,2,0,0,0,8,64,8,2,0,16,8,2,2,0,0,4,0,0,0,2
6,62,Up,7,0,0,64,2,1,8,64,8,2,0,16,8,2,2,0,0,4,0,0,0,2,8,64,16,4,2,16,0,4,0,0,0,2,0,0,0,2
6,63,Left,6,0,0,64,2,1,8,64,16,4,2,16,0,4,0,0,0,2,0,0,0,2,8,64,16,4,2,16,4,0,2,0,0,0,2,0,0,2
6,64,Left,6,0,0,64,2,1,8,64,16,4,2,16,4,0,2,0,0,0,2,0,0,2,8,64,16,4,2,16,4,0,2,2,0,0,4,0,0,0
6,65,Up,6,0,0,64,2,1,8,64,16,4,2,16,4,0,2,2,0,0,4,0,0,0,8,64,16,4,4,16,4,0,4,2,0,0,0,2,0,0
6,66,Left,5,0,0,64,2,1,8,64,16,4,4,16,4,0,4,2,0,0,0,2,0,0,8,64,16,4,4,16,4,0,4,2,0,0,2,2,0,0
6,67,Up,6,0,0,64,2,1,8,64,16,4,4,16,4,0,4,2,0,0,2,2,0,0,8,64,16,4,8,16,4,0,2,2,0,0,0,2,0,0
6,68,Left,6,0,0,64,2,1,8,64,16,4,8,16,4,0,2,2,0,0,0,2,0,0,8,64,16,4,8,16,4,2,4,0,0,0,2,0,0,0
6,69,Right,5,0,0,64,2,1,8,64,16,4,8,16,4,2,4,0,0,0,2,0,0,0,8,64,16,4,8,16,4,2,0,0,2,4,0,0,0,2
6,70,Left,4,0,0,64,2,1,8,64,16,4,8,16,4,2,0,0,2,4,0,0,0,2,8,64,16,4,8,16,4,2,2,2,2,0,2,0,0,0
6,71,Up,5,0,0,64,2,1,8,64,16,4,8,16,4,2,2,2,2,0,2,0,0,0,16,64,16,4,4,16,4,2,0,2,2,0,0,2,0,0
6,72,Right,5,0,0,64,2,1,16,64,16,4,4,16,4,2,0,2,2,0,0,2,0,0,16,64,16,4,4,16,4,2,0,0,0,4,0,2,0,2
6,73,Up,4,0,0,64,2,1,16,64,16,4,4,16,4,2,0,0,0,4,0,2,0,2,16,64,16,4,4,16,4,2,2,2,0,4,0,0,0,2
6,74,Left,4,0,0,64,2,1,16,64,16,4,4,16,4,2,2,2,0,4,0,0,0,2,16,64,16,4,4,16,4,2,4,2,0,2,2,0,0,0
6,75,Left,4,0,0,64,2,1,16,64,16,4,4,16,4,2,4,2,0,2,2,0,0,0,16,64,16,4,4,16,4,2,4,2,0,0,2,2,0,0
6,76,Down,5,0,0,64,2,1,16,64,16,4,4,16,4,2,4,2,0,0,2,2,0,0,0,2,0,0,16,64,0,0,8,8,16,4,2,4,4,2
6,77,Left,6,0,0,64,2,1,0,2,0,0,16,64,0,0,8,8,16,4,2,4,4,2,2,2,0,0,16,64,0,0,16,8,4,0,2,8,2,0
6,78,Right,6,0,0,64,2,1,2,2,0,0,16,64,0,0,16,8,4,0,2,8,2,0,0,2,0,4,0,0,16,64,0,8,8,4,0,2,8,2
6,79,Left,6,0,0,64,2,1,0,2,0,4,0,0,16,64,0,8,8,4,0,2,8,2,2,4,0,0,16,64,0,0,16,2,2,0,2,8,2,0
6,80,Up,7,0,0,64,2,1,2,4,0,0,16,64,0,0,16,2,2,0,2,8,2,0,2,4,4,0,32,64,0,0,2,2,0,0,2,8,0,0
6,81,Left,8,0,0,64,2,1,2,4,4,0,32,64,0,0,2,2,0,0,2,8,0,0,2,8,0,0,32,64,0,0,4,0,0,2,2,8,0,0
6,82,Up,7,0,0,64,2,1,2,8,0,0,32,64,0,0,4,0,0,2,2,8,0,0,2,8,0,2,32,64,0,0,4,4,2,0,2,0,0,0
6,83,Left,7,0,1,64,2,1,2,8,0,2,32,64,0,0,4,4,2,0,2,0,0,0,2,8,2,2,32,64,0,0,8,2,0,0,2,0,0,0
6,84,Right,7,0,1,64,2,1,2,8,2,2,32,64,0,0,8,2,0,0,2,0,0,0,0,2,8,4,0,0,32,64,0,0,8,2,0,2,0,2
6,85,Up,8,0,1,64,2,1,0,2,8,4,0,0,32,64,0,0,8,2,0,2,0,2,0,4,8,4,2,0,32,64,0,0,8,4,0,0,0,0
6,86,Right,7,0,1,64,2,1,0,4,8,4,2,0,32,64,0,0,8,4,0,0,0,0,0,4,8,4,0,2,32,64,0,0,8,4,2,0,0,0
6,87,Left,6,0,1,64,2,1,0,4,8,4,0,2,32,64,0,0,8,4,2,0,0,0,4,8,4,0,2,32,64,0,8,2,0,0,2,0,0,2
6,88,Up,5,0,1,64,2,1,4,8,4,0,2,32,64,0,8,2,0,0,2,0,0,2,4,8,4,2,2,32,64,0,8,2,0,2,2,0,0,0
6,89,Left,5,0,1,64,2,1,4,8,4,2,2,32,64,0,8,2,0,2,2,0,0,0,4,8,4,2,2,32,64,0,8,2,0,0,2,0,2,0
6,90,Up,4,0,1,64,2,1,4,8,4,2,2,32,64,0,8,2,0,0,2,0,2,0,4,8,4,2,2,32,64,2,8,2,2,0,2,0,0,0
6,91,Left,4,0,1,64,2,1,4,8,4,2,2,32,64,2,8,2,2,0,2,0,0,0,4,8,4,2,2,32,64,2,8,2,0,0,2,2,0,0
6,92,Right,4,0,1,64,2,1,4,8,4,2,2,32,64,2,8,2,0,0,2,2,0,0,4,8,4,2,2,32,64,2,0,2,8,2,0,0,0,4
6,93,Left,3,0,1,64,2,1,4,8,4,2,2,32,64,2,0,2,8,2,0,0,0,4,4,8,4,2,2,32,64,2,2,4,2,0,4,0,2,0
6,94,Up,5,0,2,64,2,1,4,8,4,2,2,32,64,2,2,4,2,0,4,0,2,0,4,8,4,4,4,32,64,0,4,2,4,0,0,0,0,2
6,95,Up,5,0,2,64,2,1,4,8,4,4,4,32,64,0,4,2,4,0,0,0,0,2,8,8,4,4,4,32,64,2,0,2,4,0,2,0,0,0
6,96,Right,6,0,2,64,2,1,8,8,4,4,4,32,64,2,0,2,4,0,2,0,0,0,2,0,16,8,4,32,64,2,0,0,2,4,0,0,0,2
6,97,Left,5,0,2,64,2,1,2,0,16,8,4,32,64,2,0,0,2,4,0,0,0,2,2,16,8,0,4,32,64,2,2,2,2,0,2,0,0,0
6,98,Up,5,0,2,64,2,1,2,16,8,0,4,32,64,2,2,2,2,0,2,0,0,0,2,16,8,2,4,32,64,0,4,2,2,0,0,0,0,2
6,99,Right,5,0,2,64,2,1,2,16,8,2,4,32,64,0,4,2,2,0,0,0,0,2,2,16,8,2,0,4,32,64,0,2,4,4,0,0,0,2
6,100,Left,5,0,2,64,2,1,2,16,8,2,0,4,32,64,0,2,4,4,0,0,0,2,2,16,8,2,4,32,64,0,2,4,2,0,2,0,0,0
6,101,Up,5,0,3,64,2,1,2,16,8,2,4,32,64,0,2,4,2,0,2,0,0,0,2,16,8,2,4,32,64,0,4,2,2,0,0,2,0,0
6,102,Left,5,0,3,64,2,1,2,16,8,2,4,32,64,0,4,2,2,0,0,2,0,0,2,16,8,2,4,32,64,2,4,2,0,0,2,0,0,0
6,103,Up,6,0,3,64,2,1,2,16,8,2,4,32,64,2,4,2,0,0,2,0,0,0,2,16,8,4,8,32,64,0,2,2,0,0,0,2,0,0
6,104,Left,6,0,3,64,2,1,2,16,8,4,8,32,64,0,2,2,0,0,0,2,0,0,2,16,8,4,8,32,64,0,4,0,0,0,2,2,0,0
6,105,Up,5,0,3,64,2,1,2,16,8,4,8,32,64,0,4,0,0,0,2,2,0,0,2,16,8,4,8,32,64,0,4,2,2,0,2,0,0,0
6,106,Left,5,0,3,64,2,1,2,16,8,4,8,32,64,0,4,2,2,0,2,0,0,0,2,16,8,4,8,32,64,0,4,2,2,0,2,0,0,0
6,107,Right,5,0,3,64,2,1,2,16,8,4,8,32,64,0,4,2,2,0,2,0,0,0,2,16,8,4,0,8,32,64,0,2,4,4,0,0,0,2
6,108,Left,5,0,3,64,2,1,2,16,8,4,0,8,32,64,0,2,4,4,0,0,0,2,2,16,8,4,8,32,64,0,2,4,0,2,2,0,0,0
6,109,Up,5,0,4,64,2,1,2,16,8,4,8,32,64,0,2,4,0,2,2,0,0,0,2,16,8,4,8,32,64,2,4,2,0,0,0,0,0,2
6,110,Left,4,0,4,64,2,1,2,16,8,4,8,32,64,2,4,2,0,0,0,0,0,2,2,16,8,4,8,32,64,2,4,2,0,0,2,2,0,0
6,111,Right,4,0,4,64,2,1,2,16,8,4,8,32,64,2,4,2,0,0,2,2,0,0,2,16,8,4,8,32,64,2,0,0,4,2,2,0,0,4
6,112,Left,3,0,4,64,2,1,2,16,8,4,8,32,64,2,0,0,4,2,2,0,0,4,2,16,8,4,8,32,64,2,4,2,2,0,2,4,0,0
6,113,Right,3,0,4,64,2,1,2,16,8,4,8,32,64,2,4,2,2,0,2,4,0,0,2,16,8,4,8,32,64,2,0,2,4,4,0,0,2,4
6,114,Left,3,0,4,64,2,1,2,16,8,4,8,32,64,2,0,2,4,4,0,0,2,4,2,16,8,4,8,32,64,2,2,4,0,0,2,4,0,2
6,115,Up,5,0,4,64,2,1,2,16,8,4,8,32,64,2,2,4,0,0,2,4,0,2,2,16,8,4,8,32,64,4,4,4,2,0,0,0,0,0
6,116,Right,5,0,4,64,2,1,2,16,8,4,8,32,64,4,4,4,2,0,0,0,0,0,2,16,8,4,8,32,64,4,0,0,8,2,2,0,0,0
6,117,Left,4,0,4,64,2,1,2,16,8,4,8,32,64,4,0,0,8,2,2,0,0,0,2,16,8,4,8,32,64,4,8,2,0,0,2,2,0,0
6,118,Up,6,0,4,64,2,1,2,16,8,4,8,32,64,4,8,2,0,0,2,2,0,0,2,16,8,8,16,32,64,0,2,2,2,0,0,0,0,0
6,119,Left,7,0,4,64,2,1,2,16,8,8,16,32,64,0,2,2,2,0,0,0,0,0,2,16,16,0,16,32,64,0,4,2,0,0,0,0,2,0
6,120,Right,7,0,4,64,2,1,2,16,16,0,16,32,64,0,4,2,0,0,0,0,2,0,0,0,2,32,0,16,32,64,2,0,4,2,0,0,0,2
6,121,Up,7,0,4,64,2,1,0,0,2,32,0,16,32,64,2,0,4,2,0,0,0,2,2,16,2,32,0,0,32,64,0,0,4,4,0,2,0,0
6,122,Right,7,0,4,64,2,1,2,16,2,32,0,0,32,64,0,0,4,4,0,2,0,0,2,16,2,32,2,0,32,64,0,0,0,8,0,0,0,2
6,123,Left,6,0,4,64,2,1,2,16,2,32,2,0,32,64,0,0,0,8,0,0,0,2,2,16,2,32,2,32,64,0,8,0,0,0,2,2,0,0
6,124,Up,6,0,4,64,2,1,2,16,2,32,2,32,64,0,8,0,0,0,2,2,0,0,4,16,2,32,8,32,64,0,2,2,0,2,0,0,0,0
6,125,Left,6,0,4,64,2,1,4,16,2,32,8,32,64,0,2,2,0,2,0,0,0,0,4,16,2,32,8,32,64,0,4,2,0,0,0,0,2,0
6,126,Up,5,0,4,64,2,1,4,16,2,32,8,32,64,0,4,2,0,0,0,0,2,0,4,16,2,32,8,32,64,0,4,2,2,2,0,0,0,0
6,127,Left,5,0,4,64,2,1,4,16,2,32,8,32,64,0,4,2,2,2,0,0,0,0,4,16,2,32,8,32,64,0,4,2,2,0,0,2,0,0
6,128,Up,5,0,4,64,2,1,4,16,2,32,8,32,64,0,4,2,2,0,0,2,0,0,4,16,2,32,8,32,64,0,4,2,2,0,0,0,2,0
6,129,Left,5,0,4,64,2,1,4,16,2,32,8,32,64,0,4,2,2,0,0,0,2,0,4,16,2,32,8,32,64,0,4,2,0,2,2,0,0,0
6,130,Up,4,0,4,64,2,1,4,16,2,32,8,32,64,0,4,2,0,2,2,0,0,0,4,16,2,32,8,32,64,2,4,2,0,2,2,0,0,0
6,131,Left,4,0,4,64,2,1,4,16,2,32,8,32,64,2,4,2,0,2,2,0,0,0,4,16,2,32,8,32,64,2,4,2,0,0,2,0,0,2
6,132,Right,4,0,4,64,2,1,4,16,2,32,8,32,64,2,4,2,0,0,2,0,0,2,4,16,2,32,8,32,64,2,0,0,4,2,2,0,0,4
6,133,Right,3,0,4,64,2,1,4,16,2,32,8,32,64,2,0,0,4,2,2,0,0,4,4,16,2,32,8,32,64,2,0,2,4,2,0,0,2,4
6,134,Down,3,0,4,64,2,1,4,16,2,32,8,32,64,2,0,2,4,2,0,0,2,4,0,0,2,0,2,16,64,32,4,16,4,4,8,2,2,4
6,135,Right,4,0,4,64,2,1,0,0,2,0,2,16,64,32,4,16,4,4,8,2,2,4,0,0,2,2,2,16,64,32,0,2,16,8,0,8,4,4
6,136,Up,3,0,4,64,2,1,0,0,2,2,2,16,64,32,0,2,16,8,0,8,4,4,2,16,2,2,0,2,64,32,0,4,16,8,2,0,4,4
6,137,Right,4,0,5,64,2,1,2,16,2,2,0,2,64,32,0,4,16,8,2,0,4,4,0,2,16,4,0,2,64,32,2,2,16,8,0,0,2,8
6,138,Down,5,0,5,64,2,1,0,2,16,4,0,2,64,32,2,2,16,8,0,0,2,8,2,0,16,0,0,0,64,4,0,2,16,32,2,4,2,16
6,139,Right,4,0,5,64,2,1,2,0,16,0,0,0,64,4,0,2,16,32,2,4,2,16,0,0,2,16,0,0,64,4,2,2,16,32,2,4,2,16
6,140,Up,4,0,5,64,2,1,0,0,2,16,0,0,64,4,2,2,16,32,2,4,2,16,4,2,2,16,2,4,64,4,0,0,16,32,0,0,2,16
6,141,Left,4,0,5,64,2,1,4,2,2,16,2,4,64,4,0,0,16,32,0,0,2,16,4,4,16,0,2,4,64,4,16,16,0,0,2,16,0,2
6,142,Up,5,0,5,64,2,1,4,4,16,0,2,4,64,4,16,16,0,0,2,16,0,2,4,8,16,4,2,32,64,2,16,2,0,0,2,0,0,0
6,143,Right,4,0,5,64,2,1,4,8,16,4,2,32,64,2,16,2,0,0,2,0,0,0,4,8,16,4,2,32,64,2,0,0,16,2,2,0,0,2
6,144,Left,4,0,5,64,2,1,4,8,16,4,2,32,64,2,0,0,16,2,2,0,0,2,4,8,16,4,2,32,64,2,16,2,0,0,4,2,0,0
6,145,Right,3,0,5,64,2,1,4,8,16,4,2,32,64,2,16,2,0,0,4,2,0,0,4,8,16,4,2,32,64,2,0,0,16,2,0,2,4,2
6,146,Up,3,0,5,64,2,1,4,8,16,4,2,32,64,2,0,0,16,2,0,2,4,2,4,8,16,4,2,32,64,4,0,2,16,2,0,0,4,2
6,147,Left,2,0,5,64,2,1,4,8,16,4,2,32,64,4,0,2,16,2,0,0,4,2,4,8,16,4,2,32,64,4,2,8,2,0,4,2,2,0
6,148,Up,4,0,6,64,2,1,4,8,16,4,2,32,64,4,2,8,2,0,4,2,2,0,4,8,16,8,4,32,64,0,4,4,4,0,0,2,2,0
6,149,Left,5,0,7,64,2,1,4,8,16,8,4,32,64,0,4,4,4,0,0,2,2,0,4,8,16,8,4,32,64,0,8,2,0,0,4,0,0,2
6,150,Right,4,0,7,64,2,1,4,8,16,8,4,32,64,0,8,2,0,0,4,0,0,2,4,8,16,8,0,4,32,64,0,0,8,2,0,2,4,2
6,151,Up,4,0,7,64,2,1,4,8,16,8,0,4,32,64,0,0,8,2,0,2,4,2,4,8,16,8,0,4,32,64,2,2,8,4,0,0,4,0
6,152,Left,4,0,7,64,2,1,4,8,16,8,0,4,32,64,2,2,8,4,0,0,4,0,4,8,16,8,4,32,64,0,4,4,4,0,4,0,0,2
6,153,Right,4,0,7,64,2,1,4,8,16,8,4,32,64,0,4,4,4,0,4,0,0,2,4,8,16,8,2,4,32,64,0,0,4,8,0,0,4,2
6,154,Down,4,0,7,64,2,1,4,8,16,8,2,4,32,64,0,0,4,8,0,0,4,2,2,0,0,8,0,0,16,64,4,4,32,8,2,4,8,2
6,155,Right,4,0,7,64,2,1,2,0,0,8,0,0,16,64,4,4,32,8,2,4,8,2,0,0,2,8,0,2,16,64,0,4,32,8,2,4,8,2
6,156,Up,4,0,7,64,2,1,0,0,2,8,0,2,16,64,0,4,32,8,2,4,8,2,2,2,2,8,0,8,16,64,2,0,32,8,0,0,8,2
6,157,Right,4,0,7,64,2,1,2,2,2,8,0,8,16,64,2,0,32,8,0,0,8,2,0,2,4,8,0,8,16,64,2,2,32,8,0,0,8,2
6,158,Right,4,0,7,64,2,1,0,2,4,8,0,8,16,64,2,2,32,8,0,0,8,2,2,2,4,8,0,8,16,64,0,2,32,8,0,0,8,2
6,159,Right,4,0,7,64,2,1,2,2,4,8,0,8,16,64,0,2,32,8,0,0,8,2,0,4,4,8,0,8,16,64,0,2,32,8,0,2,8,2
6,160,Right,4,0,7,64,2,1,0,4,4,8,0,8,16,64,0,2,32,8,0,2,8,2,0,0,8,8,0,8,16,64,0,2,32,8,2,2,8,2
6,161,Right,5,0,7,64,2,1,0,0,8,8,0,8,16,64,0,2,32,8,2,2,8,2,0,0,0,16,2,8,16,64,0,2,32,8,0,4,8,2
6,162,Up,4,0,7,64,2,1,0,0,0,16,2,8,16,64,0,2,32,8,0,4,8,2,2,8,16,16,0,2,32,64,0,2,8,8,2,0,0,2
6,163,Right,6,0,7,64,2,1,2,8,16,16,0,2,32,64,0,2,8,8,2,0,0,2,0,2,8,32,0,2,32,64,2,0,2,16,0,0,0,4
6,164,Up,6,0,7,64,2,1,0,2,8,32,0,2,32,64,2,0,2,16,0,0,0,4,2,4,8,32,0,0,32,64,0,0,2,16,2,0,0,4
6,165,Up,6,0,7,64,2,1,2,4,8,32,0,0,32,64,0,0,2,16,2,0,0,4,4,4,8,32,0,0,32,64,0,2,2,16,0,0,0,4
6,166,Right,7,0,7,64,2,1,4,4,8,32,0,0,32,64,0,2,2,16,0,0,0,4,0,8,8,32,2,0,32,64,0,0,4,16,0,0,0,4
6,167,Right,7,0,7,64,2,1,0,8,8,32,2,0,32,64,0,0,4,16,0,0,0,4,0,2,16,32,0,2,32,64,0,0,4,16,0,0,0,4
6,168,Up,7,0,7,64,2,1,0,2,16,32,0,2,32,64,0,0,4,16,0,0,0,4,0,4,16,32,0,0,32,64,2,0,4,16,0,0,0,4
6,169,Up,6,0,7,64,2,1,0,4,16,32,0,0,32,64,2,0,4,16,0,0,0,4,2,4,16,32,0,0,32,64,0,0,4,16,0,2,0,4
6,170,Right,5,0,7,64,2,1,2,4,16,32,0,0,32,64,0,0,4,16,0,2,0,4,2,4,16,32,0,0,32,64,2,0,4,16,0,0,2,4
6,171,Up,5,0,7,64,2,1,2,4,16,32,0,0,32,64,2,0,4,16,0,0,2,4,4,4,16,32,0,2,32,64,0,0,4,16,0,0,2,4
6,172,Right,5,0,7,64,2,1,4,4,16,32,0,2,32,64,0,0,4,16,0,0,2,4,0,8,16,32,0,2,32,64,0,0,4,16,2,0,2,4
6,173,Up,4,0,7,64,2,1,0,8,16,32,0,2,32,64,0,0,4,16,2,0,2,4,2,8,16,32,0,2,32,64,2,0,4,16,0,0,2,4
6,174,Up,4,0,7,64,2,1,2,8,16,32,0,2,32,64,2,0,4,16,0,0,2,4,4,8,16,32,0,2,32,64,0,0,4,16,2,0,2,4
6,175,Up,3,0,7,64,2,1,4,8,16,32,0,2,32,64,0,0,4,16,2,0,2,4,4,8,16,32,2,2,32,64,2,0,4,16,0,0,2,4
6,176,Up,3,0,7,64,2,1,4,8,16,32,2,2,32,64,2,0,4,16,0,0,2,4,4,8,16,32,4,2,32,64,0,0,4,16,2,0,2,4
6,177,Up,3,0,7,64,2,1,4,8,16,32,4,2,32,64,0,0,4,16,2,0,2,4,8,8,16,32,2,2,32,64,0,2,4,16,0,0,2,4
6,178,Right,4,0,7,64,2,1,8,8,16,32,2,2,32,64,0,2,4,16,0,0,2,4,0,16,16,32,0,4,32,64,2,2,4,16,0,0,2,4
6,179,Right,5,0,7,64,2,1,0,16,16,32,0,4,32,64,2,2,4,16,0,0,2,4,0,0,32,32,2,4,32,64,0,2,4,16,0,0,2,4
6,180,Right,5,0,7,64,2,1,0,0,32,32,2,4,32,64,0,2,4,16,0,0,2,4,0,0,0,64,2,4,32,64,2,2,4,16,0,0,2,4
6,181,Up,6,0,7,128,2,1,0,0,0,64,2,4,32,64,2,2,4,16,0,0,2,4,4,4,32,128,0,2,4,16,0,0,2,4,0,0,2,0
6,182,Right,6,0,7,128,2,1,4,4,32,128,0,2,4,16,0,0,2,4,0,0,2,0,2,8,32,128,0,2,4,16,0,0,2,4,0,0,0,2
6,183,Left,5,0,7,128,2,1,2,8,32,128,0,2,4,16,0,0,2,4,0,0,0,2,2,8,32,128,2,4,16,0,2,2,0,0,2,2,0,0
6,184,Right,6,0,7,128,2,1,2,8,32,128,2,4,16,0,2,2,0,0,2,2,0,0,2,8,32,128,0,2,4,16,0,0,2,4,0,0,0,4
6,185,Up,6,0,7,128,2,1,2,8,32,128,0,2,4,16,0,0,2,4,0,0,0,4,2,8,32,128,0,2,4,16,2,0,2,8,0,0,0,0
6,186,Right,6,0,7,128,2,1,2,8,32,128,0,2,4,16,2,0,2,8,0,0,0,0,2,8,32,128,2,2,4,16,0,0,4,8,0,0,0,0
6,187,Right,6,0,7,128,2,1,2,8,32,128,2,2,4,16,0,0,4,8,0,0,0,0,2,8,32,128,0,4,4,16,0,0,4,8,0,2,0,0
6,188,Right,6,0,7,128,2,1,2,8,32,128,0,4,4,16,0,0,4,8,0,2,0,0,2,8,32,128,0,2,8,16,0,0,4,8,0,0,0,2
6,189,Left,5,0,7,128,2,1,2,8,32,128,0,2,8,16,0,0,4,8,0,0,0,2,2,8,32,128,2,8,16,0,4,4,0,2,2,0,0,0
6,190,Up,6,0,8,128,2,1,2,8,32,128,2,8,16,0,4,4,0,2,2,0,0,0,4,16,32,128,4,4,16,2,2,2,0,0,0,0,0,0
6,191,Right,7,0,8,128,2,1,4,16,32,128,4,4,16,2,2,2,0,0,0,0,0,0,4,16,32,128,2,8,16,2,0,0,0,4,0,0,0,0
6,192,Left,6,0,8,128,2,1,4,16,32,128,2,8,16,2,0,0,0,4,0,0,0,0,4,16,32,128,2,8,16,2,4,0,0,2,0,0,0,0
6,193,Right,5,0,8,128,2,1,4,16,32,128,2,8,16,2,4,0,0,2,0,0,0,0,4,16,32,128,2,8,16,2,0,0,4,2,2,0,0,0
6,194,Right,4,0,8,128,2,1,4,16,32,128,2,8,16,2,0,0,4,2,2,0,0,0,4,16,32,128,2,8,16,2,2,0,4,2,0,0,0,2
6,195,Up,5,0,8,128,2,1,4,16,32,128,2,8,16,2,2,0,4,2,0,0,0,2,4,16,32,128,4,8,16,4,0,0,4,2,0,0,2,0
6,196,Right,4,0,8,128,2,1,4,16,32,128,4,8,16,4,0,0,4,2,0,0,2,0,4,16,32,128,4,8,16,4,0,0,4,2,2,0,0,2
6,197,Up,5,0,8,128,2,1,4,16,32,128,4,8,16,4,0,0,4,2,2,0,0,2,8,16,32,128,2,8,16,4,0,0,4,4,0,2,0,0
6,198,Right,5,0,8,128,2,1,8,16,32,128,2,8,16,4,0,0,4,4,0,2,0,0,8,16,32,128,2,8,16,4,0,0,2,8,0,0,0,2
6,199,Left,4,0,8,128,2,1,8,16,32,128,2,8,16,4,0,0,2,8,0,0,0,2,8,16,32,128,2,8,16,4,2,4,2,0,2,0,0,0
6,200,Up,4,0,9,128,2,1,8,16,32,128,2,8,16,4,2,4,2,0,2,0,0,0,8,16,32,128,4,8,16,4,2,2,2,0,2,0,0,0
6,201,Up,4,0,9,128,2,1,8,16,32,128,4,8,16,4,2,2,2,0,2,0,0,0,8,16,32,128,4,8,16,4,4,2,2,2,0,0,0,0
6,202,Up,4,0,9,128,2,1,8,16,32,128,4,8,16,4,4,2,2,2,0,0,0,0,8,16,32,128,8,8,16,4,0,2,2,2,0,0,2,0
6,203,Right,5,0,9,128,2,1,8,16,32,128,8,8,16,4,0,2,2,2,0,0,2,0,8,16,32,128,0,16,16,4,0,2,2,4,0,0,0,2
6,204,Right,6,0,9,128,2,1,8,16,32,128,0,16,16,4,0,2,2,4,0,0,0,2,8,16,32,128,0,0,32,4,2,0,4,4,0,0,0,2
6,205,Up,7,0,9,128,2,1,8,16,32,128,0,0,32,4,2,0,4,4,0,0,0,2,8,16,64,128,2,0,4,8,0,2,0,2,0,0,0,0
6,206,Right,7,0,9,128,2,1,8,16,64,128,2,0,4,8,0,2,0,2,0,0,0,0,8,16,64,128,0,2,4,8,2,0,0,4,0,0,0,0
6,207,Right,6,0,9,128,2,1,8,16,64,128,0,2,4,8,2,0,0,4,0,0,0,0,8,16,64,128,0,2,4,8,0,0,2,4,0,0,0,2
6,208,Left,5,0,9,128,2,1,8,16,64,128,0,2,4,8,0,0,2,4,0,0,0,2,8,16,64,128,2,4,8,0,2,2,0,2,2,0,0,0
6,209,Right,5,0,9,128,2,1,8,16,64,128,2,4,8,0,2,2,0,2,2,0,0,0,8,16,64,128,0,2,4,8,0,0,2,4,0,0,2,2
6,210,Left,5,0,9,128,2,1,8,16,64,128,0,2,4,8,0,0,2,4,0,0,2,2,8,16,64,128,2,4,8,2,2,2,0,0,4,0,0,0
6,211,Right,5,0,9,128,2,1,8,16,64,128,2,4,8,2,2,2,0,0,4,0,0,0,8,16,64,128,2,4,8,2,0,2,0,4,0,0,0,4
6,212,Left,4,0,9,128,2,1,8,16,64,128,2,4,8,2,0,2,0,4,0,0,0,4,8,16,64,128,2,4,8,2,2,2,2,0,4,0,0,0
6,213,Right,4,0,9,128,2,1,8,16,64,128,2,4,8,2,2,2,2,0,4,0,0,0,8,16,64,128,2,4,8,2,0,0,2,4,0,2,0,4
6,214,Left,3,0,9,128,2,1,8,16,64,128,2,4,8,2,0,0,2,4,0,2,0,4,8,16,64,128,2,4,8,2,2,2,0,0,2,4,2,0
6,215,Right,3,0,9,128,2,1,8,16,64,128,2,4,8,2,2,2,0,0,2,4,2,0,8,16,64,128,2,4,8,2,0,0,0,4,2,2,4,2
6,216,Up,3,0,9,128,2,1,8,16,64,128,2,4,8,2,0,0,0,4,2,2,4,2,8,16,64,128,4,4,8,2,0,2,4,4,2,0,0,2
6,217,Up,2,0,9,128,2,1,8,16,64,128,4,4,8,2,0,2,4,4,2,0,0,2,8,16,64,128,4,4,8,2,2,2,4,4,2,0,0,2
6,218,Right,5,0,9,128,2,1,8,16,64,128,4,4,8,2,2,2,4,4,2,0,0,2,8,16,64,128,0,8,8,2,0,0,4,8,0,0,2,4
6,219,Right,5,0,9,128,2,1,8,16,64,128,0,8,8,2,0,0,4,8,0,0,2,4,8,16,64,128,0,0,16,2,0,0,4,8,0,2,2,4
6,220,Left,5,0,9,128,2,1,8,16,64,128,0,0,16,2,0,0,4,8,0,2,2,4,8,16,64,128,16,2,0,0,4,4,0,0,4,4,2,0
6,221,Right,6,0,9,128,2,1,8,16,64,128,16,2,0,0,4,4,0,0,4,4,2,0,8,16,64,128,0,0,16,2,2,0,0,8,0,0,8,2
6,222,Left,5,0,9,128,2,1,8,16,64,128,0,0,16,2,2,0,0,8,0,0,8,2,8,16,64,128,16,2,0,0,2,4,0,2,8,2,0,0
6,223,Right,4,0,10,128,2,1,8,16,64,128,16,2,0,0,2,4,0,2,8,2,0,0,8,16,64,128,0,0,16,2,0,2,4,2,0,2,8,2
6,224,Left,3,0,10,128,2,1,8,16,64,128,0,0,16,2,0,2,4,2,0,2,8,2,8,16,64,128,16,2,2,0,2,2,2,0,2,8,2,0
6,225,Right,4,0,10,128,2,1,8,16,64,128,16,2,2,0,2,2,2,0,2,8,2,0,8,16,64,128,2,0,16,4,0,0,2,4,0,2,8,2
6,226,Left,3,0,10,128,2,1,8,16,64,128,2,0,16,4,0,0,2,4,0,2,8,2,8,16,64,128,2,16,4,2,2,2,0,0,2,8,2,0
6,227,Up,4,0,10,128,2,1,8,16,64,128,2,16,4,2,2,2,0,0,2,8,2,0,8,32,64,128,4,2,4,2,2,4,2,2,0,0,0,0
6,228,Right,4,0,11,128,2,1,8,32,64,128,4,2,4,2,2,4,2,2,0,0,0,0,8,32,64,128,4,2,4,2,2,2,4,4,0,0,0,0
6,229,Right,5,0,11,128,2,1,8,32,64,128,4,2,4,2,2,2,4,4,0,0,0,0,8,32,64,128,4,2,4,2,0,0,4,8,0,0,2,0
6,230,Right,4,0,11,128,2,1,8,32,64,128,4,2,4,2,0,0,4,8,0,0,2,0,8,32,64,128,4,2,4,2,0,0,4,8,2,0,0,2
6,231,Right,4,0,11,128,2,1,8,32,64,128,4,2,4,2,0,0,4,8,2,0,0,2,8,32,64,128,4,2,4,2,0,0,4,8,2,0,0,4
6,232,Up,4,0,11,128,2,1,8,32,64,128,4,2,4,2,0,0,4,8,2,0,0,4,8,32,64,128,4,2,8,2,2,0,0,8,0,0,2,4
6,233,Right,3,0,11,128,2,1,8,32,64,128,4,2,8,2,2,0,0,8,0,0,2,4,8,32,64,128,4,2,8,2,2,0,2,8,0,0,2,4
6,234,Right,3,0,11,128,2,1,8,32,64,128,4,2,8,2,2,0,2,8,0,0,2,4,8,32,64,128,4,2,8,2,2,0,4,8,0,0,2,4
6,235,Right,2,0,11,128,2,1,8,32,64,128,4,2,8,2,2,0,4,8,0,0,2,4,8,32,64,128,4,2,8,2,0,2,4,8,0,2,2,4
6,236,Right,2,0,11,128,2,1,8,32,64,128,4,2,8,2,0,2,4,8,0,2,2,4,8,32,64,128,4,2,8,2,0,2,4,8,0,2,4,4
6,237,Up,3,0,11,128,2,1,8,32,64,128,4,2,8,2,0,2,4,8,0,2,4,4,8,32,64,128,4,4,8,2,0,2,8,8,2,0,0,4
6,238,Right,4,0,11,128,2,1,8,32,64,128,4,4,8,2,0,2,8,8,2,0,0,4,8,32,64,128,0,8,8,2,0,2,2,16,0,0,2,4
6,239,Right,5,0,11,128,2,1,8,32,64,128,0,8,8,2,0,2,2,16,0,0,2,4,8,32,64,128,0,2,16,2,0,0,4,16,0,0,2,4
6,240,Left,4,0,11,128,2,1,8,32,64,128,0,2,16,2,0,0,4,16,0,0,2,4,8,32,64,128,2,16,2,0,4,8,2,0,2,4,0,0
6,241,Right,3,0,11,128,2,1,8,32,64,128,2,16,2,0,4,8,2,0,2,4,0,0,8,32,64,128,0,2,16,2,0,2,8,2,2,0,2,4
6,242,Left,3,0,11,128,2,1,8,32,64,128,0,2,16,2,0,2,8,2,2,0,2,4,8,32,64,128,2,16,2,0,2,4,2,0,4,4,0,2
6,243,Up,5,0,11,128,2,1,8,32,64,128,2,16,2,0,2,4,2,0,4,4,0,2,8,32,64,128,4,16,4,2,4,4,2,0,0,0,0,0
6,244,Up,5,0,12,128,2,1,8,32,64,128,4,16,4,2,4,4,2,0,0,0,0,0,8,32,64,128,8,16,4,2,0,2,2,0,0,0,2,0
6,245,Up,6,0,12,128,2,1,8,32,64,128,8,16,4,2,0,2,2,0,0,0,2,0,16,32,64,128,0,16,4,2,0,2,4,0,0,0,0,2
6,246,Left,5,0,12,128,2,1,16,32,64,128,0,16,4,2,0,2,4,0,0,0,0,2,16,32,64,128,16,4,2,0,2,2,0,0,2,0,2,0
6,247,Up,7,0,12,128,2,1,16,32,64,128,16,4,2,0,2,2,0,0,2,0,2,0,32,32,64,128,4,4,4,0,0,2,0,0,0,0,0,2
6,248,Right,8,0,12,128,2,1,32,32,64,128,4,4,4,0,0,2,0,0,0,0,0,2,2,64,64,128,0,0,4,8,0,0,0,2,0,0,0,2
6,249,Right,8,0,12,128,2,1,2,64,64,128,0,0,4,8,0,0,0,2,0,0,0,2,0,2,128,128,0,0,4,8,0,0,0,2,0,2,0,2
6,250,Right,9,0,12,256,2,1,0,2,128,128,0,0,4,8,0,0,0,2,0,2,0,2,0,0,2,256,0,0,4,8,0,0,2,2,0,0,0,4
7,0,Up,13,0,0,2,2,1,0,0,0,0,0,0,0,0,0,2,0,0,0,0,2,0,0,2,2,0,0,0,2,0,0,0,0,0,0,0,0,0
7,1,Right,13,0,0,4,2,1,0,2,2,0,0,0,2,0,0,0,0,0,0,0,0,0,0,0,0,4,0,0,0,2,0,0,0,0,0,2,0,0
7,2,Left,12,0,0,4,2,1,0,0,0,4,0,0,0,2,0,0,0,0,0,2,0,0,4,0,0,0,2,0,0,0,0,0,2,0,2,0,0,0
7,3,Up,12,0,0,4,2,1,4,0,0,0,2,0,0,0,0,0,2,0,2,0,0,0,4,0,2,0,4,0,0,0,0,0,0,2,0,0,0,0
7,4,Left,11,0,0,4,2,1,4,0,2,0,4,0,0,0,0,0,0,2,0,0,0,0,4,2,0,0,4,0,0,0,2,0,2,0,0,0,0,0
7,5,Up,11,0,0,8,2,1,4,2,0,0,4,0,0,0,2,0,2,0,0,0,0,0,8,2,2,0,2,0,0,0,0,2,0,0,0,0,0,0
7,6,Left,11,0,0,8,2,1,8,2,2,0,2,0,0,0,0,2,0,0,0,0,0,0,8,4,0,0,2,0,0,0,2,0,2,0,0,0,0,0
7,7,Up,11,0,0,8,2,1,8,4,0,0,2,0,0,0,2,0,2,0,0,0,0,0,8,4,2,0,4,0,0,0,0,0,2,0,0,0,0,0
7,8,Left,10,0,0,8,2,1,8,4,2,0,4,0,0,0,0,0,2,0,0,0,0,0,8,4,2,0,4,0,0,0,2,0,2,0,0,0,0,0
7,9,Right,10,0,0,8,2,1,8,4,2,0,4,0,0,0,2,0,2,0,0,0,0,0,0,8,4,2,0,0,2,4,0,0,0,4,0,0,0,0
7,10,Left,9,0,0,8,2,1,0,8,4,2,0,0,2,4,0,0,0,4,0,0,0,0,8,4,2,0,2,4,0,0,4,0,2,0,0,0,0,0
7,11,Up,10,0,0,8,2,1,8,4,2,0,2,4,0,0,4,0,2,0,0,0,0,0,8,8,4,0,2,0,0,0,4,0,0,0,0,0,0,2
7,12,Left,10,0,0,16,2,1,8,8,4,0,2,0,0,0,4,0,0,0,0,0,0,2,16,4,0,0,2,0,0,0,4,0,2,0,2,0,0,0
7,13,Up,9,0,0,16,2,1,16,4,0,0,2,0,0,0,4,0,2,0,2,0,0,0,16,4,2,0,2,2,0,0,4,0,0,0,2,0,0,0
7,14,Left,9,0,0,16,2,1,16,4,2,0,2,2,0,0,4,0,0,0,2,0,0,0,16,4,2,0,4,0,0,0,4,0,0,2,2,0,0,0
7,15,Right,8,0,0,16,2,1,16,4,2,0,4,0,0,0,4,0,0,2,2,0,0,0,0,16,4,2,0,0,0,4,0,0,4,2,2,0,0,2
7,16,Left,8,0,0,16,2,1,0,16,4,2,0,0,0,4,0,0,4,2,2,0,0,2,16,4,2,0,4,0,0,0,4,2,0,2,4,0,0,0
7,17,Up,8,0,0,16,2,1,16,4,2,0,4,0,0,0,4,2,0,2,4,0,0,0,16,4,2,2,8,2,0,0,4,0,2,0,0,0,0,0
7,18,Left,8,0,0,16,2,1,16,4,2,2,8,2,0,0,4,0,2,0,0,0,0,0,16,4,4,0,8,2,0,0,4,2,2,0,0,0,0,0
7,19,Up,8,0,0,16,2,1,16,4,4,0,8,2,0,0,4,2,2,0,0,0,0,0,16,4,4,0,8,4,2,0,4,0,0,0,0,2,0,0
7,20,Left,8,0,0,16,2,1,16,4,4,0,8,4,2,0,4,0,0,0,0,2,0,0,16,8,0,2,8,4,2,0,4,0,0,0,2,0,0,0
7,21,Up,7,0,0,16,2,1,16,8,0,2,8,4,2,0,4,0,0,0,2,0,0,0,16,8,2,2,8,4,0,2,4,0,0,0,2,0,0,0
7,22,Left,7,0,0,16,2,1,16,8,2,2,8,4,0,2,4,0,0,0,2,0,0,0,16,8,4,0,8,4,2,0,4,0,0,0,2,0,0,2
7,23,Right,7,0,0,16,2,1,16,8,4,0,8,4,2,0,4,0,0,0,2,0,0,2,0,16,8,4,2,8,4,2,0,0,0,4,0,0,0,4
7,24,Left,6,0,0,16,2,1,0,16,8,4,2,8,4,2,0,0,0,4,0,0,0,4,16,8,4,0,2,8,4,2,4,0,0,0,4,0,0,2
7,25,Up,9,0,0,16,2,1,16,8,4,0,2,8,4,2,4,0,0,0,4,0,0,2,16,16,8,4,2,0,0,0,8,0,0,0,0,2,0,0
7,26,Left,9,0,0,32,2,1,16,16,8,4,2,0,0,0,8,0,0,0,0,2,0,0,32,8,4,0,2,0,0,2,8,0,0,0,2,0,0,0
7,27,Up,8,0,0,32,2,1,32,8,4,0,2,0,0,2,8,0,0,0,2,0,0,0,32,8,4,2,2,0,2,0,8,0,0,0,2,0,0,0
7,28,Left,8,0,0,32,2,1,32,8,4,2,2,0,2,0,8,0,0,0,2,0,0,0,32,8,4,2,4,0,0,0,8,0,0,0,2,0,2,0
7,29,Up,7,0,0,32,2,1,32,8,4,2,4,0,0,0,8,0,0,0,2,0,2,0,32,8,4,2,4,0,2,0,8,0,0,2,2,0,0,0
7,30,Left,6,0,0,32,2,1,32,8,4,2,4,0,2,0,8,0,0,2,2,0,0,0,32,8,4,2,4,2,0,0,8,2,0,0,2,0,0,2
7,31,Right,6,0,0,32,2,1,32,8,4,2,4,2,0,0,8,2,0,0,2,0,0,2,32,8,4,2,0,0,4,2,0,2,8,2,0,0,0,4
7,32,Left,5,0,0,32,2,1,32,8,4,2,0,0,4,2,0,2,8,2,0,0,0,4,32,8,4,2,4,2,0,0,2,4,2,0,4,0,0,2
7,33,Up,5,0,1,32,2,1,32,8,4,2,4,2,0,0,2,4,2,0,4,0,0,2,32,8,4,4,4,2,2,0,2,2,0,0,4,2,0,0
7,34,Left,7,0,1,32,2,1,32,8,4,4,4,2,2,0,2,2,0,0,4,2,0,0,32,8,8,0,4,4,2,0,4,0,0,0,4,2,0,0
7,35,Up,7,0,1,32,2,1,32,8,8,0,4,4,2,0,4,0,0,0,4,2,0,0,32,8,8,0,8,4,2,0,4,2,0,2,0,0,0,0
7,36,Left,8,0,1,32,2,1,32,8,8,0,8,4,2,0,4,2,0,2,0,0,0,0,32,16,0,0,8,4,2,0,4,2,0,0,0,2,0,0
7,37,Up,8,0,1,32,2,1,32,16,0,0,8,4,2,0,4,2,0,0,0,2,0,0,32,16,2,0,8,4,0,2,4,2,0,0,0,0,0,0
7,38,Left,7,0,1,32,2,1,32,16,2,0,8,4,0,2,4,2,0,0,0,0,0,0,32,16,2,0,8,4,2,0,4,2,0,0,0,0,2,0
7,39,Right,6,0,1,32,2,1,32,16,2,0,8,4,2,0,4,2,0,0,0,0,2,0,0,32,16,2,0,8,4,2,0,0,4,2,0,0,2,2
7,40,Left,6,0,1,32,2,1,0,32,16,2,0,8,4,2,0,0,4,2,0,0,2,2,32,16,2,0,8,4,2,0,4,2,0,0,4,2,0,0
7,41,Up,8,0,1,32,2,1,32,16,2,0,8,4,2,0,4,2,0,0,4,2,0,0,32,16,4,2,8,4,0,0,8,2,0,0,0,0,0,0
7,42,Up,8,0,1,32,2,1,32,16,4,2,8,4,0,0,8,2,0,0,0,0,0,0,32,16,4,2,16,4,0,0,0,2,0,2,0,0,0,0
7,43,Left,8,0,1,32,2,1,32,16,4,2,16,4,0,0,0,2,0,2,0,0,0,0,32,16,4,2,16,4,0,0,4,0,0,0,0,2,0,0
7,44,Right,7,0,1,32,2,1,32,16,4,2,16,4,0,0,4,0,0,0,0,2,0,0,32,16,4,2,0,0,16,4,0,0,0,4,0,2,0,2
7,45,Left,7,0,1,32,2,1,32,16,4,2,0,0,16,4,0,0,0,4,0,2,0,2,32,16,4,2,16,4,2,0,4,0,0,0,4,0,0,0
7,46,Up,7,0,1,32,2,1,32,16,4,2,16,4,2,0,4,0,0,0,4,0,0,0,32,16,4,2,16,4,2,0,8,0,0,0,0,2,0,0
7,47,Left,6,0,1,32,2,1,32,16,4,2,16,4,2,0,8,0,0,0,0,2,0,0,32,16,4,2,16,4,2,0,8,2,0,0,2,0,0,0
7,48,Right,5,0,1,32,2,1,32,16,4,2,16,4,2,0,8,2,0,0,2,0,0,0,32,16,4,2,0,16,4,2,0,0,8,2,0,2,0,2
7,49,Left,5,0,1,32,2,1,32,16,4,2,0,16,4,2,0,0,8,2,0,2,0,2,32,16,4,2,16,4,2,2,8,2,0,0,4,0,0,0
7,50,Up,5,0,1,32,2,1,32,16,4,2,16,4,2,2,8,2,0,0,4,0,0,0,32,16,4,4,16,4,2,0,8,2,0,2,4,0,0,0
7,51,Left,6,0,1,32,2,1,32,16,4,4,16,4,2,0,8,2,0,2,4,0,0,0,32,16,8,0,16,4,2,0,8,2,0,0,4,2,0,0
7,52,Right,5,0,1,32,2,1,32,16,8,0,16,4,2,0,8,2,0,0,4,2,0,0,0,32,16,8,0,16,4,2,0,0,8,2,0,2,4,2
7,53,Up,5,0,1,32,2,1,0,32,16,8,0,16,4,2,0,0,8,2,0,2,4,2,2,32,16,8,0,16,4,4,0,2,8,2,0,0,4,0
7,54,Left,5,0,1,32,2,1,2,32,16,8,0,16,4,4,0,2,8,2,0,0,4,0,2,32,16,8,16,8,0,0,2,4,2,0,4,2,0,0
7,55,Up,4,0,2,32,2,1,2,32,16,8,16,8,0,0,2,4,2,0,4,2,0,0,2,32,16,8,16,8,2,0,2,2,0,2,4,2,0,0
7,56,Right,4,0,2,32,2,1,2,32,16,8,16,8,2,0,2,2,0,2,4,2,0,0,2,32,16,8,2,16,8,2,0,0,2,4,0,0,4,2
7,57,Up,4,0,2,32,2,1,2,32,16,8,2,16,8,2,0,0,2,4,0,0,4,2,4,32,16,8,2,16,8,2,0,0,2,4,0,0,4,2
7,58,Down,3,0,2,16,2,1,4,32,16,8,2,16,8,2,0,0,2,4,0,0,4,2,2,0,16,8,0,0,8,2,4,16,2,4,2,16,4,2
7,59,Up,3,0,2,32,2,1,2,0,16,8,0,0,8,2,4,16,2,4,2,16,4,2,2,32,16,8,4,2,8,2,2,0,2,4,0,0,4,2
7,60,Down,2,0,2,16,2,1,2,32,16,8,4,2,8,2,2,0,2,4,0,0,4,2,2,0,16,8,2,0,8,2,4,16,2,4,2,2,4,2
7,61,Right,2,1,2,16,2,1,2,0,16,8,2,0,8,2,4,16,2,4,2,2,4,2,0,2,16,8,0,2,8,2,4,8,2,4,2,4,4,2
7,62,Up,2,1,2,16,2,1,0,2,16,8,0,2,8,2,4,8,2,4,2,4,4,2,4,4,16,8,2,8,8,2,2,2,2,4,0,0,4,2
7,63,Up,2,1,2,16,2,1,4,4,16,8,2,8,8,2,2,2,2,4,0,0,4,2,4,4,16,8,4,8,8,2,0,2,2,4,2,0,4,2
7,64,Up,2,1,2,16,2,1,4,4,16,8,4,8,8,2,0,2,2,4,2,0,4,2,8,4,16,8,2,8,8,2,2,2,2,4,0,0,4,2
7,65,Right,3,1,2,16,2,1,8,4,16,8,2,8,8,2,2,2,2,4,0,0,4,2,8,4,16,8,2,2,16,2,0,2,4,4,0,0,4,2
7,66,Right,4,1,2,16,2,1,8,4,16,8,2,2,16,2,0,2,4,4,0,0,4,2,8,4,16,8,2,4,16,2,0,0,2,8,0,0,4,2
7,67,Up,5,1,2,32,2,1,8,4,16,8,2,4,16,2,0,0,2,8,0,0,4,2,8,8,32,8,2,0,2,2,0,2,4,8,0,0,0,2
7,68,Up,4,1,2,32,2,1,8,8,32,8,2,0,2,2,0,2,4,8,0,0,0,2,8,8,32,8,2,2,2,2,0,0,4,8,0,0,2,2
7,69,Right,7,1,2,32,2,1,8,8,32,8,2,2,2,2,0,0,4,8,0,0,2,2,0,16,32,8,0,0,4,4,0,0,4,8,0,2,0,4
7,70,Right,7,1,2,32,2,1,0,16,32,8,0,0,4,4,0,0,4,8,0,2,0,4,0,16,32,8,0,0,0,8,0,0,4,8,0,2,2,4
7,71,Right,7,1,2,32,2,1,0,16,32,8,0,0,0,8,0,0,4,8,0,2,2,4,0,16,32,8,0,0,0,8,0,0,4,8,2,0,4,4
7,72,Up,8,1,2,32,2,1,0,16,32,8,0,0,0,8,0,0,4,8,2,0,4,4,2,16,32,16,0,0,8,8,0,0,2,4,0,0,0,0
7,73,Right,8,1,2,32,2,1,2,16,32,16,0,0,8,8,0,0,2,4,0,0,0,0,2,16,32,16,2,0,0,16,0,0,2,4,0,0,0,0
7,74,Up,9,1,2,32,2,1,2,16,32,16,2,0,0,16,0,0,2,4,0,0,0,0,4,16,32,32,2,0,2,4,0,0,0,0,0,0,0,0
7,75,Right,10,1,2,64,2,1,4,16,32,32,2,0,2,4,0,0,0,0,0,0,0,0,0,4,16,64,0,0,4,4,0,0,0,0,0,0,0,2
7,76,Up,9,1,2,64,2,1,0,4,16,64,0,0,4,4,0,0,0,0,0,0,0,2,0,4,16,64,0,0,4,4,2,0,0,2,0,0,0,0
7,77,Right,10,1,2,64,2,1,0,4,16,64,0,0,4,4,2,0,0,2,0,0,0,0,0,4,16,64,0,2,0,8,0,0,0,4,0,0,0,0
7,78,Right,9,1,2,64,2,1,0,4,16,64,0,2,0,8,0,0,0,4,0,0,0,0,0,4,16,64,0,0,2,8,0,2,0,4,0,0,0,0
7,79,Up,8,1,2,64,2,1,0,4,16,64,0,0,2,8,0,2,0,4,0,0,0,0,0,4,16,64,0,2,2,8,0,0,0,4,0,2,0,0
7,80,Up,8,1,2,64,2,1,0,4,16,64,0,2,2,8,0,0,0,4,0,2,0,0,0,4,16,64,0,4,2,8,0,2,0,4,0,0,0,0
7,81,Right,7,1,2,64,2,1,0,4,16,64,0,4,2,8,0,2,0,4,0,0,0,0,0,4,16,64,0,4,2,8,0,0,2,4,0,0,2,0
7,82,Up,8,1,2,64,2,1,0,4,16,64,0,4,2,8,0,0,2,4,0,0,2,0,0,8,16,64,0,0,4,8,0,0,2,4,0,2,0,0
7,83,Up,7,1,2,64,2,1,0,8,16,64,0,0,4,8,0,0,2,4,0,2,0,0,0,8,16,64,2,2,4,8,0,0,2,4,0,0,0,0
7,84,Right,7,1,2,64,2,1,0,8,16,64,2,2,4,8,0,0,2,4,0,0,0,0,0,8,16,64,0,4,4,8,0,2,2,4,0,0,0,0
7,85,Right,8,1,2,64,2,1,0,8,16,64,0,4,4,8,0,2,2,4,0,0,0,0,2,8,16,64,0,0,8,8,0,0,4,4,0,0,0,0
7,86,Right,9,1,2,64,2,1,2,8,16,64,0,0,8,8,0,0,4,4,0,0,0,0,2,8,16,64,0,0,2,16,0,0,0,8,0,0,0,0
7,87,Left,8,1,2,64,2,1,2,8,16,64,0,0,2,16,0,0,0,8,0,0,0,0,2,8,16,64,2,16,0,0,8,0,0,0,0,0,2,0
7,88,Up,8,1,2,64,2,1,2,8,16,64,2,16,0,0,8,0,0,0,0,0,2,0,4,8,16,64,8,16,2,0,0,0,0,0,0,2,0,0
7,89,Right,7,1,2,64,2,1,4,8,16,64,8,16,2,0,0,0,0,0,0,2,0,0,4,8,16,64,0,8,16,2,0,0,2,0,0,0,0,2
7,90,Up,9,1,2,64,2,1,4,8,16,64,0,8,16,2,0,0,2,0,0,0,0,2,4,16,32,64,0,0,2,4,0,0,0,2,0,0,0,0
7,91,Left,8,1,2,64,2,1,4,16,32,64,0,0,2,4,0,0,0,2,0,0,0,0,4,16,32,64,2,4,0,0,2,0,0,0,2,0,0,0
7,92,Up,8,1,2,64,2,1,4,16,32,64,2,4,0,0,2,0,0,0,2,0,0,0,4,16,32,64,4,4,0,0,2,2,0,0,0,0,0,0
7,93,Right,9,1,2,64,2,1,4,16,32,64,4,4,0,0,2,2,0,0,0,0,0,0,4,16,32,64,0,0,0,8,0,0,2,4,0,0,0,0
7,94,Up,8,1,2,64,2,1,4,16,32,64,0,0,0,8,0,0,2,4,0,0,0,0,4,16,32,64,2,0,2,8,0,0,0,4,0,0,0,0
7,95,Right,8,1,2,64,2,1,4,16,32,64,2,0,2,8,0,0,0,4,0,0,0,0,4,16,32,64,0,0,4,8,0,2,0,4,0,0,0,0
7,96,Right,7,1,2,64,2,1,4,16,32,64,0,0,4,8,0,2,0,4,0,0,0,0,4,16,32,64,0,0,4,8,0,0,2,4,0,0,0,2
7,97,Left,6,1,2,64,2,1,4,16,32,64,0,0,4,8,0,0,2,4,0,0,0,2,4,16,32,64,4,8,0,0,2,2,2,0,2,0,0,0
7,98,Right,6,1,2,64,2,1,4,16,32,64,4,8,0,0,2,2,2,0,2,0,0,0,4,16,32,64,0,0,4,8,0,0,2,4,2,0,0,2
7,99,Up,5,1,2,64,2,1,4,16,32,64,0,0,4,8,0,0,2,4,2,0,0,2,4,16,32,64,2,0,4,8,0,0,2,4,0,0,2,2
7,100,Left,5,1,2,64,2,1,4,16,32,64,2,0,4,8,0,0,2,4,0,0,2,2,4,16,32,64,2,4,8,0,2,2,0,2,4,0,0,0
7,101,Up,5,1,2,64,2,1,4,16,32,64,2,4,8,0,2,2,0,2,4,0,0,0,4,16,32,64,4,4,8,2,4,2,0,2,0,0,0,0
7,102,Left,6,1,2,64,2,1,4,16,32,64,4,4,8,2,4,2,0,2,0,0,0,0,4,16,32,64,8,8,2,0,4,2,0,0,0,0,0,2
7,103,Up,5,1,2,64,2,1,4,16,32,64,8,8,2,0,4,2,0,0,0,0,0,2,4,16,32,64,8,8,2,2,4,2,0,2,0,0,0,0
7,104,Right,7,1,2,64,2,1,4,16,32,64,8,8,2,2,4,2,0,2,0,0,0,0,4,16,32,64,0,0,16,4,0,0,4,4,2,0,0,0
7,105,Up,7,1,2,64,2,1,4,16,32,64,0,0,16,4,0,0,4,4,2,0,0,0,4,16,32,64,2,0,16,8,0,0,4,2,0,0,0,0
7,106,Left,6,1,2,64,2,1,4,16,32,64,2,0,16,8,0,0,4,2,0,0,0,0,4,16,32,64,2,16,8,0,4,2,0,0,0,2,0,0
7,107,Up,7,1,2,64,2,1,4,16,32,64,2,16,8,0,4,2,0,0,0,2,0,0,4,32,32,64,2,4,8,0,4,0,0,2,0,0,0,0
7,108,Right,7,1,2,64,2,1,4,32,32,64,2,4,8,0,4,0,0,2,0,0,0,0,0,4,64,64,0,2,4,8,0,0,4,2,0,2,0,0
7,109,Right,7,1,2,128,2,1,0,4,64,64,0,2,4,8,0,0,4,2,0,2,0,0,0,0,4,128,0,2,4,8,2,0,4,2,0,0,0,2
7,110,Left,6,1,2,128,2,1,0,0,4,128,0,2,4,8,2,0,4,2,0,0,0,2,4,128,2,0,2,4,8,0,2,2,2,0,2,0,0,0
7,111,Up,6,1,2,128,2,1,4,128,2,0,2,4,8,0,2,2,2,0,2,0,0,0,4,128,2,0,4,4,8,0,2,2,2,0,0,0,2,0
7,112,Right,7,1,2,128,2,1,4,128,2,0,4,4,8,0,2,2,2,0,0,0,2,0,2,4,128,2,0,0,8,8,0,0,2,4,0,0,0,2
7,113,Right,7,1,2,128,2,1,2,4,128,2,0,0,8,8,0,0,2,4,0,0,0,2,2,4,128,2,0,0,0,16,2,0,2,4,0,0,0,2
7,114,Right,7,1,2,128,2,1,2,4,128,2,0,0,0,16,2,0,2,4,0,0,0,2,2,4,128,2,2,0,0,16,0,0,4,4,0,0,0,2
7,115,Left,7,1,2,128,2,1,2,4,128,2,2,0,0,16,0,0,4,4,0,0,0,2,2,4,128,2,2,16,0,0,8,0,2,0,2,0,0,0
7,116,Up,7,1,2,128,2,1,2,4,128,2,2,16,0,0,8,0,2,0,2,0,0,0,4,4,128,2,8,16,2,0,2,0,0,0,0,2,0,0
7,117,Right,7,1,2,128,2,1,4,4,128,2,8,16,2,0,2,0,0,0,0,2,0,0,0,8,128,2,0,8,16,2,0,0,0,2,0,2,0,2
7,118,Left,7,1,2,128,2,1,0,8,128,2,0,8,16,2,0,0,0,2,0,2,0,2,8,128,2,0,8,16,2,0,2,0,0,0,4,0,2,0
7,119,Up,8,1,2,128,2,1,8,128,2,0,8,16,2,0,2,0,0,0,4,0,2,0,16,128,4,0,2,16,2,2,4,0,0,0,0,0,0,0
7,120,Right,8,1,2,128,2,1,16,128,4,0,2,16,2,2,4,0,0,0,0,0,0,0,0,16,128,4,0,2,16,4,2,0,0,4,0,0,0,0
7,121,Right,7,1,2,128,2,1,0,16,128,4,0,2,16,4,2,0,0,4,0,0,0,0,0,16,128,4,0,2,16,4,0,0,2,4,0,2,0,0
7,122,Up,8,1,2,128,2,1,0,16,128,4,0,2,16,4,0,0,2,4,0,2,0,0,0,16,128,8,2,4,16,4,0,0,2,0,0,0,0,0
7,123,Right,7,1,2,128,2,1,0,16,128,8,2,4,16,4,0,0,2,0,0,0,0,0,0,16,128,8,2,4,16,4,0,2,0,2,0,0,0,0
7,124,Left,7,1,2,128,2,1,0,16,128,8,2,4,16,4,0,2,0,2,0,0,0,0,16,128,8,2,2,4,16,4,4,0,0,0,0,0,0,0
7,125,Right,6,1,2,128,2,1,16,128,8,2,2,4,16,4,4,0,0,0,0,0,0,0,16,128,8,2,2,4,16,4,0,2,0,4,0,0,0,0
7,126,Left,5,1,2,128,2,1,16,128,8,2,2,4,16,4,0,2,0,4,0,0,0,0,16,128,8,2,2,4,16,4,2,2,0,0,0,2,0,0
7,127,Up,6,1,2,128,2,1,16,128,8,2,2,4,16,4,2,2,0,0,0,2,0,0,16,128,8,2,4,4,16,4,2,2,0,0,0,0,0,0
7,128,Left,7,1,2,128,2,1,16,128,8,2,4,4,16,4,2,2,0,0,0,0,0,0,16,128,8,2,8,16,4,2,4,0,0,0,0,0,0,0
7,129,Right,6,1,2,128,2,1,16,128,8,2,8,16,4,2,4,0,0,0,0,0,0,0,16,128,8,2,8,16,4,2,0,0,0,4,2,0,0,0
7,130,Left,5,1,2,128,2,1,16,128,8,2,8,16,4,2,0,0,0,4,2,0,0,0,16,128,8,2,8,16,4,2,4,0,0,0,2,2,0,0
7,131,Right,5,1,2,128,2,1,16,128,8,2,8,16,4,2,4,0,0,0,2,2,0,0,16,128,8,2,8,16,4,2,0,0,2,4,0,0,0,4
7,132,Left,4,1,2,128,2,1,16,128,8,2,8,16,4,2,0,0,2,4,0,0,0,4,16,128,8,2,8,16,4,2,2,2,0,2,4,0,0,0
7,133,Right,4,1,2,128,2,1,16,128,8,2,8,16,4,2,2,2,0,2,4,0,0,0,16,128,8,2,8,16,4,2,0,0,2,4,0,2,0,4
7,134,Left,3,1,2,128,2,1,16,128,8,2,8,16,4,2,0,0,2,4,0,2,0,4,16,128,8,2,8,16,4,2,2,2,0,0,2,4,2,0
7,135,Right,3,1,2,128,2,1,16,128,8,2,8,16,4,2,2,2,0,0,2,4,2,0,16,128,8,2,8,16,4,2,0,0,0,4,2,2,4,2
7,136,Left,3,1,2,128,2,1,16,128,8,2,8,16,4,2,0,0,0,4,2,2,4,2,16,128,8,2,8,16,4,2,4,0,2,0,4,4,2,0
7,137,Right,3,1,2,128,2,1,16,128,8,2,8,16,4,2,4,0,2,0,4,4,2,0,16,128,8,2,8,16,4,2,0,2,4,2,0,0,8,2
7,138,Left,2,1,2,128,2,1,16,128,8,2,8,16,4,2,0,2,4,2,0,0,8,2,16,128,8,2,8,16,4,2,2,2,2,0,8,2,0,2
7,139,Right,3,1,2,128,2,1,16,128,8,2,8,16,4,2,2,2,2,0,8,2,0,2,16,128,8,2,8,16,4,2,0,0,2,4,2,0,8,4
7,140,Left,2,1,2,128,2,1,16,128,8,2,8,16,4,2,0,0,2,4,2,0,8,4,16,128,8,2,8,16,4,2,2,2,0,2,2,8,4,0
7,141,Right,2,1,2,128,2,1,16,128,8,2,8,16,4,2,2,2,0,2,2,8,4,0,16,128,8,2,8,16,4,2,0,0,2,4,2,2,8,4
7,142,Left,2,1,2,128,2,1,16,128,8,2,8,16,4,2,0,0,2,4,2,2,8,4,16,128,8,2,8,16,4,2,2,2,2,0,4,8,4,0
7,143,Right,2,1,2,128,2,1,16,128,8,2,8,16,4,2,2,2,2,0,4,8,4,0,16,128,8,2,8,16,4,2,0,0,2,4,2,4,8,4
7,144,Left,1,1,2,128,2,1,16,128,8,2,8,16,4,2,0,0,2,4,2,4,8,4,16,128,8,2,8,16,4,2,2,2,2,0,2,4,8,4
7,145,Right,1,1,2,128,2,1,16,128,8,2,8,16,4,2,2,2,2,0,2,4,8,4,16,128,8,2,8,16,4,2,2,0,2,4,2,4,8,4
7,146,Left,1,1,2,128,2,1,16,128,8,2,8,16,4,2,2,0,2,4,2,4,8,4,16,128,8,2,8,16,4,2,4,2,2,0,2,4,8,4
7,147,Right,1,1,2,128,2,1,16,128,8,2,8,16,4,2,4,2,2,0,2,4,8,4,16,128,8,2,8,16,4,2,0,2,4,4,2,4,8,4
7,148,Left,1,1,2,128,2,1,16,128,8,2,8,16,4,2,0,2,4,4,2,4,8,4,16,128,8,2,8,16,4,2,2,4,2,0,2,4,8,4
7,149,Right,0,1,3,128,2,1,16,128,8,2,8,16,4,2,2,4,2,0,2,4,8,4,16,128,8,2,8,16,4,2,2,2,4,2,2,4,8,4
7,150,Left,0,1,3,128,2,1,16,128,8,2,8,16,4,2,2,2,4,2,2,4,8,4,16,128,8,2,8,16,4,2,4,2,2,2,2,4,8,4
7,151,Right,0,1,3,128,2,1,16,128,8,2,8,16,4,2,4,2,2,2,2,4,8,4,16,128,8,2,8,16,4,2,2,2,2,4,2,4,8,4
7,152,Left,0,1,3,128,2,1,16,128,8,2,8,16,4,2,2,2,2,4,2,4,8,4,16,128,8,2,8,16,4,2,4,2,4,2,2,4,8,4
7,153,Up,1,1,3,128,2,1,16,128,8,2,8,16,4,2,4,2,4,2,2,4,8,4,16,128,8,4,8,16,8,2,4,2,8,4,2,4,0,2
7,154,Left,0,1,3,128,2,1,16,128,8,4,8,16,8,2,4,2,8,4,2,4,0,2,16,128,8,4,8,16,8,2,4,2,8,4,2,4,2,2
7,155,Right,0,1,3,128,2,1,16,128,8,4,8,16,8,2,4,2,8,4,2,4,2,2,16,128,8,4,8,16,8,2,4,2,8,4,2,2,4,4
7,156,Up,2,1,3,128,2,1,16,128,8,4,8,16,8,2,4,2,8,4,2,2,4,4,16,128,16,4,8,16,8,2,4,2,4,8,2,0,0,2
7,157,Right,2,1,3,128,2,1,16,128,16,4,8,16,8,2,4,2,4,8,2,0,0,2,16,128,16,4,8,16,8,2,4,2,4,8,0,0,2,4
7,158,Left,1,1,3,128,2,1,16,128,16,4,8,16,8,2,4,2,4,8,0,0,2,4,16,128,16,4,8,16,8,2,4,2,4,8,2,4,0,2
7,159,Left,0,1,3,128,2,1,16,128,16,4,8,16,8,2,4,2,4,8,2,4,0,2,16,128,16,4,8,16,8,2,4,2,4,8,2,4,2,2
7,160,Left,0,1,3,128,2,1,16,128,16,4,8,16,8,2,4,2,4,8,2,4,2,2,16,128,16,4,8,16,8,2,4,2,4,8,2,4,4,2
7,161,Right,0,1,3,128,2,1,16,128,16,4,8,16,8,2,4,2,4,8,2,4,4,2,16,128,16,4,8,16,8,2,4,2,4,8,2,2,8,2
7,162,Left,0,1,3,128,2,1,16,128,16,4,8,16,8,2,4,2,4,8,2,2,8,2,16,128,16,4,8,16,8,2,4,2,4,8,4,8,2,2
7,163,Right,0,1,3,128,2,1,16,128,16,4,8,16,8,2,4,2,4,8,4,8,2,2,16,128,16,4,8,16,8,2,4,2,4,8,2,4,8,4
8,0,Up,13,0,0,2,2,2,0,0,0,0,0,0,0,0,0,0,0,2,0,0,2,0,0,0,2,2,0,0,0,0,0,2,0,0,0,0,0,0
8,1,Right,13,0,0,4,2,2,0,0,2,2,0,0,0,0,0,2,0,0,0,0,0,0,0,0,0,4,0,0,0,0,2,0,0,2,0,0,0,0
8,2,Up,12,0,0,4,2,2,0,0,0,4,0,0,0,0,2,0,0,2,0,0,0,0,2,0,0,4,0,0,0,2,0,0,0,0,0,0,2,0
8,3,Left,11,0,0,4,2,2,2,0,0,4,0,0,0,2,0,0,0,0,0,0,2,0,2,4,0,2,2,0,0,0,0,0,0,0,2,0,0,0
8,4,Up,11,0,0,4,2,2,2,4,0,2,2,0,0,0,0,0,0,0,2,0,0,0,4,4,0,2,2,0,0,0,2,0,0,0,0,0,0,0
8,5,Up,11,0,0,4,2,2,4,4,0,2,2,0,0,0,2,0,0,0,0,0,0,0,4,4,0,2,4,0,0,0,2,0,0,0,0,0,0,0
8,6,Left,11,0,0,8,2,2,4,4,0,2,4,0,0,0,2,0,0,0,0,0,0,0,8,2,0,0,4,0,2,0,2,0,0,0,0,0,0,0
8,7,Right,10,0,0,8,2,2,8,2,0,0,4,0,2,0,2,0,0,0,0,0,0,0,0,0,8,2,0,0,4,2,2,0,0,2,0,0,0,0
8,8,Left,10,0,0,8,2,2,0,0,8,2,0,0,4,2,2,0,0,2,0,0,0,0,8,2,0,0,4,2,0,0,4,0,2,0,0,0,0,0
8,9,Up,11,0,0,8,2,2,8,2,0,0,4,2,0,0,4,0,2,0,0,0,0,0,8,4,2,0,8,0,0,0,0,0,0,0,0,0,0,2
8,10,Left,10,0,0,8,2,2,8,4,2,0,8,0,0,0,0,0,0,0,0,0,0,2,8,4,2,0,8,0,2,0,0,0,0,0,2,0,0,0
8,11,Up,11,0,0,16,2,2,8,4,2,0,8,0,2,0,0,0,0,0,2,0,0,0,16,4,4,0,2,0,0,0,2,0,0,0,0,0,0,0
8,12,Left,11,0,0,16,2,2,16,4,4,0,2,0,0,0,2,0,0,0,0,0,0,0,16,8,0,0,2,0,0,0,2,0,0,0,2,0,0,0
8,13,Up,11,0,0,16,2,2,16,8,0,0,2,0,0,0,2,0,0,0,2,0,0,0,16,8,0,0,4,0,0,0,2,0,0,2,0,0,0,0
8,14,Left,11,0,0,16,2,2,16,8,0,0,4,0,0,0,2,0,0,2,0,0,0,0,16,8,0,0,4,0,2,0,4,0,0,0,0,0,0,0
8,15,Up,11,0,0,16,2,2,16,8,0,0,4,0,2,0,4,0,0,0,0,0,0,0,16,8,2,0,8,0,0,0,2,0,0,0,0,0,0,0
8,16,Right,10,0,0,16,2,2,16,8,2,0,8,0,0,0,2,0,0,0,0,0,0,0,0,16,8,2,0,0,0,8,0,0,0,2,2,0,0,0
8,17,Up,9,0,0,16,2,2,0,16,8,2,0,0,0,8,0,0,0,2,2,0,0,0,2,16,8,2,0,0,0,8,0,2,0,2,0,0,0,0
8,18,Up,8,0,0,16,2,2,2,16,8,2,0,0,0,8,0,2,0,2,0,0,0,0,2,16,8,2,0,2,0,8,2,0,0,2,0,0,0,0
8,19,Left,8,0,0,16,2,2,2,16,8,2,0,2,0,8,2,0,0,2,0,0,0,0,2,16,8,2,2,8,0,0,4,0,0,2,0,0,0,0
8,20,Up,9,0,0,16,2,2,2,16,8,2,2,8,0,0,4,0,0,2,0,0,0,0,4,16,8,4,4,8,0,0,0,2,0,0,0,0,0,0
8,21,Left,8,0,0,16,2,2,4,16,8,4,4,8,0,0,0,2,0,0,0,0,0,0,4,16,8,4,4,8,0,0,2,0,0,0,0,2,0,0
8,22,Right,7,0,0,16,2,2,4,16,8,4,4,8,0,0,2,0,0,0,0,2,0,0,4,16,8,4,0,0,4,8,0,0,0,2,0,2,0,2
8,23,Left,7,0,0,16,2,2,4,16,8,4,0,0,4,8,0,0,0,2,0,2,0,2,4,16,8,4,4,8,0,2,2,0,0,0,4,0,0,0
8,24,Up,7,0,0,16,2,2,4,16,8,4,4,8,0,2,2,0,0,0,4,0,0,0,8,16,8,4,2,8,0,2,4,2,0,0,0,0,0,0
8,25,Left,6,0,0,16,2,2,8,16,8,4,2,8,0,2,4,2,0,0,0,0,0,0,8,16,8,4,2,8,2,0,4,2,2,0,0,0,0,0
8,26,Up,6,0,0,16,2,2,8,16,8,4,2,8,2,0,4,2,2,0,0,0,0,0,8,16,8,4,2,8,4,0,4,2,2,0,0,0,0,0
8,27,Left,6,0,0,16,2,2,8,16,8,4,2,8,4,0,4,2,2,0,0,0,0,0,8,16,8,4,2,8,4,0,4,4,0,0,0,0,0,2
8,28,Up,5,0,0,16,2,2,8,16,8,4,2,8,4,0,4,4,0,0,0,0,0,2,8,16,8,4,2,8,4,2,4,4,0,0,0,0,0,2
8,29,Right,5,0,0,16,2,2,8,16,8,4,2,8,4,2,4,4,0,0,0,0,0,2,8,16,8,4,2,8,4,2,0,0,2,8,0,0,0,2
8,30,Left,4,0,0,16,2,2,8,16,8,4,2,8,4,2,0,0,2,8,0,0,0,2,8,16,8,4,2,8,4,2,2,8,0,0,2,2,0,0
8,31,Right,4,0,0,16,2,2,8,16,8,4,2,8,4,2,2,8,0,0,2,2,0,0,8,16,8,4,2,8,4,2,0,0,2,8,2,0,0,4
8,32,Left,3,0,0,16,2,2,8,16,8,4,2,8,4,2,0,0,2,8,2,0,0,4,8,16,8,4,2,8,4,2,2,8,0,0,2,4,0,2
8,33,Up,5,0,0,16,2,2,8,16,8,4,2,8,4,2,2,8,0,0,2,4,0,2,8,16,8,4,4,16,4,4,2,4,0,0,0,0,0,2
8,34,Left,5,0,0,16,2,2,8,16,8,4,4,16,4,4,2,4,0,0,0,0,0,2,8,16,8,4,4,16,8,0,2,4,0,0,2,2,0,0
8,35,Up,7,0,0,32,2,2,8,16,8,4,4,16,8,0,2,4,0,0,2,2,0,0,8,32,16,4,4,4,0,0,4,2,0,2,0,0,0,0
8,36,Right,8,0,0,32,2,2,8,32,16,4,4,4,0,0,4,2,0,2,0,0,0,0,8,32,16,4,0,0,0,8,0,0,2,4,2,0,0,0
8,37,Left,7,0,0,32,2,2,8,32,16,4,0,0,0,8,0,0,2,4,2,0,0,0,8,32,16,4,8,0,0,2,2,4,0,0,2,0,0,0
8,38,Right,6,0,0,32,2,2,8,32,16,4,8,0,0,2,2,4,0,0,2,0,0,0,8,32,16,4,0,0,8,2,0,0,2,4,0,0,2,2
8,39,Up,6,0,0,32,2,2,8,32,16,4,0,0,8,2,0,0,2,4,0,0,2,2,8,32,16,4,0,0,8,2,0,0,2,4,0,2,0,2
8,40,Left,6,0,0,32,2,2,8,32,16,4,0,0,8,2,0,0,2,4,0,2,0,2,8,32,16,4,8,2,0,0,2,4,0,0,4,0,0,2
8,41,Up,6,0,0,32,2,2,8,32,16,4,8,2,0,0,2,4,0,0,4,0,0,2,16,32,16,4,2,2,2,2,4,4,0,0,0,0,0,0
8,42,Left,8,0,0,32,2,2,16,32,16,4,2,2,2,2,4,4,0,0,0,0,0,0,16,32,16,4,4,4,0,0,8,0,0,0,0,0,2,0
8,43,Up,7,0,0,32,2,2,16,32,16,4,4,4,0,0,8,0,0,0,0,0,2,0,16,32,16,4,4,4,2,2,8,0,0,0,0,0,0,0
8,44,Left,8,0,0,32,2,2,16,32,16,4,4,4,2,2,8,0,0,0,0,0,0,0,16,32,16,4,8,4,0,0,8,0,0,0,2,0,0,0
8,45,Up,8,0,0,32,2,2,16,32,16,4,8,4,0,0,8,0,0,0,2,0,0,0,16,32,16,4,16,4,0,2,2,0,0,0,0,0,0,0
8,46,Left,7,0,0,32,2,2,16,32,16,4,16,4,0,2,2,0,0,0,0,0,0,0,16,32,16,4,16,4,2,0,2,0,0,0,0,0,0,2
8,47,Right,6,0,0,32,2,2,16,32,16,4,16,4,2,0,2,0,0,0,0,0,0,2,16,32,16,4,0,16,4,2,2,0,0,2,0,0,0,2
8,48,Up,6,0,0,32,2,2,16,32,16,4,0,16,4,2,2,0,0,2,0,0,0,2,16,32,16,4,2,16,4,4,0,0,0,2,0,2,0,0
8,49,Left,6,0,0,32,2,2,16,32,16,4,2,16,4,4,0,0,0,2,0,2,0,0,16,32,16,4,2,16,8,0,2,0,0,0,2,0,0,2
8,50,Up,6,0,0,32,2,2,16,32,16,4,2,16,8,0,2,0,0,0,2,0,0,2,16,32,16,4,4,16,8,2,2,0,0,0,0,0,0,2
8,51,Left,5,0,0,32,2,2,16,32,16,4,4,16,8,2,2,0,0,0,0,0,0,2,16,32,16,4,4,16,8,2,2,2,0,0,2,0,0,0
8,52,Up,5,0,0,32,2,2,16,32,16,4,4,16,8,2,2,2,0,0,2,0,0,0,16,32,16,4,4,16,8,2,4,2,0,0,0,0,2,0
8,53,Right,4,0,0,32,2,2,16,32,16,4,4,16,8,2,4,2,0,0,0,0,2,0,16,32,16,4,4,16,8,2,0,0,2,2,0,2,0,2
8,54,Left,5,0,0,32,2,2,16,32,16,4,4,16,8,2,0,0,2,2,0,2,0,2,16,32,16,4,4,16,8,2,4,0,2,0,4,0,0,0
8,55,Left,4,0,0,32,2,2,16,32,16,4,4,16,8,2,4,0,2,0,4,0,0,0,16,32,16,4,4,16,8,2,4,2,0,2,4,0,0,0
8,56,Up,5,0,0,32,2,2,16,32,16,4,4,16,8,2,4,2,0,2,4,0,0,0,16,32,16,4,8,16,8,4,4,2,0,0,0,0,2,0
8,57,Left,4,0,0,32,2,2,16,32,16,4,8,16,8,4,4,2,0,0,0,0,2,0,16,32,16,4,8,16,8,4,4,2,0,2,2,0,0,0
8,58,Up,4,0,0,32,2,2,16,32,16,4,8,16,8,4,4,2,0,2,2,0,0,0,16,32,16,8,8,16,8,2,4,2,0,0,2,2,0,0
8,59,Right,4,0,0,32,2,2,16,32,16,8,8,16,8,2,4,2,0,0,2,2,0,0,16,32,16,8,8,16,8,2,0,0,2,2,2,0,0,4
8,60,Left,4,0,0,32,2,2,16,32,16,8,8,16,8,2,0,0,2,2,2,0,0,4,16,32,16,8,8,16,8,2,4,0,0,0,2,4,0,2
8,61,Up,4,0,0,32,2,2,16,32,16,8,8,16,8,2,4,0,0,0,2,4,0,2,16,32,16,8,8,16,8,4,4,4,0,0,2,0,2,0
8,62,Right,5,0,0,32,2,2,16,32,16,8,8,16,8,4,4,4,0,0,2,0,2,0,16,32,16,8,8,16,8,4,0,0,0,8,2,0,0,4
8,63,Up,4,0,0,32,2,2,16,32,16,8,8,16,8,4,0,0,0,8,2,0,0,4,16,32,16,8,8,16,8,4,2,0,0,8,0,0,2,4
8,64,Left,3,0,0,32,2,2,16,32,16,8,8,16,8,4,2,0,0,8,0,0,2,4,16,32,16,8,8,16,8,4,2,8,0,0,2,4,2,0
8,65,Right,2,0,0,32,2,2,16,32,16,8,8,16,8,4,2,8,0,0,2,4,2,0,16,32,16,8,8,16,8,4,0,2,2,8,0,2,4,2
8,66,Up,2,0,0,32,2,2,16,32,16,8,8,16,8,4,0,2,2,8,0,2,4,2,16,32,16,8,8,16,8,4,0,4,2,8,2,0,4,2
8,67,Left,1,0,0,32,2,2,16,32,16,8,8,16,8,4,0,4,2,8,2,0,4,2,16,32,16,8,8,16,8,4,4,2,4,2,2,4,2,0
8,68,Right,0,0,1,32,2,2,16,32,16,8,8,16,8,4,4,2,4,2,2,4,2,0,16,32,16,8,8,16,8,4,4,2,2,2,2,2,4,2
8,69,Left,1,0,1,32,2,2,16,32,16,8,8,16,8,4,4,2,2,2,2,2,4,2,16,32,16,8,8,16,8,4,4,4,2,2,4,4,2,0
8,70,Up,3,0,1,32,2,2,16,32,16,8,8,16,8,4,4,4,2,2,4,4,2,0,16,32,16,8,8,16,8,4,8,8,2,2,0,0,2,0
8,71,Left,4,0,1,32,2,2,16,32,16,8,8,16,8,4,8,8,2,2,0,0,2,0,16,32,16,8,8,16,8,4,16,4,0,0,2,0,2,0
8,72,Up,3,0,1,32,2,2,16,32,16,8,8,16,8,4,16,4,0,0,2,0,2,0,16,32,16,8,8,16,8,4,16,4,2,2,2,0,0,0
8,73,Right,3,0,1,32,2,2,16,32,16,8,8,16,8,4,16,4,2,2,2,0,0,0,16,32,16,8,8,16,8,4,2,16,2,4,0,0,0,2
8,74,Left,2,0,1,32,2,2,16,32,16,8,8,16,8,4,2,16,2,4,0,0,0,2,16,32,16,8,8,16,8,4,2,16,2,4,2,2,0,0
8,75,Up,4,0,1,32,2,2,16,32,16,8,8,16,8,4,2,16,2,4,2,2,0,0,16,32,16,8,8,32,8,8,4,2,2,0,0,0,2,0
8,76,Left,5,0,1,32,2,2,16,32,16,8,8,32,8,8,4,2,2,0,0,0,2,0,16,32,16,8,8,32,16,0,4,4,2,0,2,0,0,0
8,77,Left,5,0,1,32,2,2,16,32,16,8,8,32,16,0,4,4,2,0,2,0,0,0,16,32,16,8,8,32,16,0,8,2,2,0,2,0,0,0
8,78,Up,7,0,1,64,2,2,16,32,16,8,8,32,16,0,8,2,2,0,2,0,0,0,16,64,32,8,16,2,2,0,2,0,2,0,0,0,0,0
8,79,Left,8,0,1,64,2,2,16,64,32,8,16,2,2,0,2,0,2,0,0,0,0,0,16,64,32,8,16,4,0,0,4,0,0,0,2,0,0,0
8,80,Up,8,0,1,64,2,2,16,64,32,8,16,4,0,0,4,0,0,0,2,0,0,0,32,64,32,8,4,4,2,0,2,0,0,0,0,0,0,0
8,81,Right,8,0,1,64,2,2,32,64,32,8,4,4,2,0,2,0,0,0,0,0,0,0,32,64,32,8,0,0,8,2,0,0,0,2,0,2,0,0
8,82,Up,8,0,1,64,2,2,32,64,32,8,0,0,8,2,0,0,0,2,0,2,0,0,32,64,32,8,0,2,8,4,0,0,0,0,0,0,2,0
8,83,Left,7,0,1,64,2,2,32,64,32,8,0,2,8,4,0,0,0,0,0,0,2,0,32,64,32,8,2,8,4,2,0,0,0,0,2,0,0,0
8,84,Right,6,0,1,64,2,2,32,64,32,8,2,8,4,2,0,0,0,0,2,0,0,0,32,64,32,8,2,8,4,2,0,2,0,0,0,0,0,2
8,85,Left,5,0,1,64,2,2,32,64,32,8,2,8,4,2,0,2,0,0,0,0,0,2,32,64,32,8,2,8,4,2,2,0,0,0,2,2,0,0
8,86,Up,5,0,1,64,2,2,32,64,32,8,2,8,4,2,2,0,0,0,2,2,0,0,32,64,32,8,4,8,4,2,2,2,0,0,0,2,0,0
8,87,Left,5,0,1,64,2,2,32,64,32,8,4,8,4,2,2,2,0,0,0,2,0,0,32,64,32,8,4,8,4,2,4,0,0,0,2,0,2,0
8,88,Up,5,0,1,64,2,2,32,64,32,8,4,8,4,2,4,0,0,0,2,0,2,0,32,64,32,8,8,8,4,2,2,0,2,0,0,0,2,0
8,89,Right,6,0,1,64,2,2,32,64,32,8,8,8,4,2,2,0,2,0,0,0,2,0,32,64,32,8,0,16,4,2,0,0,0,4,2,0,0,2
8,90,Left,6,0,1,64,2,2,32,64,32,8,0,16,4,2,0,0,0,4,2,0,0,2,32,64,32,8,16,4,2,0,4,2,0,0,4,0,0,0
8,91,Up,6,0,1,64,2,2,32,64,32,8,16,4,2,0,4,2,0,0,4,0,0,0,32,64,32,8,16,4,2,0,8,2,0,0,0,2,0,0
8,92,Left,5,0,1,64,2,2,32,64,32,8,16,4,2,0,8,2,0,0,0,2,0,0,32,64,32,8,16,4,2,0,8,2,0,0,2,0,2,0
8,93,Up,5,0,1,64,2,2,32,64,32,8,16,4,2,0,8,2,0,0,2,0,2,0,32,64,32,8,16,4,4,0,8,2,0,0,2,0,0,2
8,94,Left,6,0,1,64,2,2,32,64,32,8,16,4,4,0,8,2,0,0,2,0,0,2,32,64,32,8,16,8,0,0,8,2,0,0,4,0,0,2
8,95,Up,5,0,1,64,2,2,32,64,32,8,16,8,0,0,8,2,0,0,4,0,0,2,32,64,32,8,16,8,0,2,8,2,0,0,4,2,0,0
8,96,Left,4,0,1,64,2,2,32,64,32,8,16,8,0,2,8,2,0,0,4,2,0,0,32,64,32,8,16,8,2,0,8,2,0,2,4,2,0,0
8,97,Right,4,0,1,64,2,2,32,64,32,8,16,8,2,0,8,2,0,2,4,2,0,0,32,64,32,8,0,16,8,2,0,0,4,4,0,2,4,2
8,98,Left,4,0,1,64,2,2,32,64,32,8,0,16,8,2,0,0,4,4,0,2,4,2,32,64,32,8,16,8,2,0,8,2,0,0,2,4,2,0
8,99,Up,4,0,1,64,2,2,32,64,32,8,16,8,2,0,8,2,0,0,2,4,2,0,32,64,32,8,16,8,4,0,8,2,0,2,2,4,0,0
8,100,Left,4,0,1,64,2,2,32,64,32,8,16,8,4,0,8,2,0,2,2,4,0,0,32,64,32,8,16,8,4,0,8,4,0,0,2,4,0,2
8,101,Left,3,0,1,64,2,2,32,64,32,8,16,8,4,0,8,4,0,0,2,4,0,2,32,64,32,8,16,8,4,0,8,4,0,0,2,4,2,2
8,102,Up,3,0,1,64,2,2,32,64,32,8,16,8,4,0,8,4,0,0,2,4,2,2,32,64,32,8,16,8,4,2,8,8,2,2,2,0,0,0
8,103,Left,4,0,1,64,2,2,32,64,32,8,16,8,4,2,8,8,2,2,2,0,0,0,32,64,32,8,16,8,4,2,16,4,0,0,2,0,2,0
8,104,Up,4,0,1,64,2,2,32,64,32,8,16,8,4,2,16,4,0,0,2,0,2,0,32,64,32,8,32,8,4,2,2,4,2,0,0,0,0,2
8,105,Left,3,0,1,64,2,2,32,64,32,8,32,8,4,2,2,4,2,0,0,0,0,2,32,64,32,8,32,8,4,2,2,4,2,0,2,0,0,2
8,106,Left,3,0,1,64,2,2,32,64,32,8,32,8,4,2,2,4,2,0,2,0,0,2,32,64,32,8,32,8,4,2,2,4,2,0,4,2,0,0
8,107,Right,2,0,1,64,2,2,32,64,32,8,32,8,4,2,2,4,2,0,4,2,0,0,32,64,32,8,32,8,4,2,0,2,2,2,2,0,4,2
8,108,Left,2,0,1,64,2,2,32,64,32,8,32,8,4,2,0,2,2,2,2,0,4,2,32,64,32,8,32,8,4,2,4,2,2,0,2,4,2,0
8,109,Right,2,0,1,64,2,2,32,64,32,8,32,8,4,2,4,2,2,0,2,4,2,0,32,64,32,8,32,8,4,2,0,0,2,4,2,2,4,2
8,110,Left,2,0,1,64,2,2,32,64,32,8,32,8,4,2,0,0,2,4,2,2,4,2,32,64,32,8,32,8,4,2,2,4,0,2,4,4,2,0
8,111,Right,2,0,1,64,2,2,32,64,32,8,32,8,4,2,2,4,0,2,4,4,2,0,32,64,32,8,32,8,4,2,2,2,2,2,0,0,8,2
8,112,Left,3,0,1,64,2,2,32,64,32,8,32,8,4,2,2,2,2,2,0,0,8,2,32,64,32,8,32,8,4,2,4,4,0,0,8,2,0,2
8,113,Up,4,0,1,64,2,2,32,64,32,8,32,8,4,2,4,4,0,0,8,2,0,2,64,64,32,8,4,8,4,4,8,4,0,0,2,2,0,0
8,114,Left,6,0,1,128,2,2,64,64,32,8,4,8,4,4,8,4,0,0,2,2,0,0,128,32,8,0,4,8,8,0,8,4,0,2,4,0,0,0
8,115,Up,6,0,1,128,2,2,128,32,8,0,4,8,8,0,8,4,0,2,4,0,0,0,128,32,16,2,4,8,0,2,8,4,0,0,4,0,0,0
8,116,Left,5,0,1,128,2,2,128,32,16,2,4,8,0,2,8,4,0,0,4,0,0,0,128,32,16,2,4,8,2,0,8,4,2,0,4,0,0,0
8,117,Right,4,0,1,128,2,2,128,32,16,2,4,8,2,0,8,4,2,0,4,0,0,0,128,32,16,2,0,4,8,2,0,8,2,2,0,0,2,4
8,118,Up,5,0,1,128,2,2,128,32,16,2,0,4,8,2,0,8,2,2,0,0,2,4,128,32,16,4,0,4,8,2,0,8,2,4,0,0,2,0
8,119,Left,4,0,1,128,2,2,128,32,16,4,0,4,8,2,0,8,2,4,0,0,2,0,128,32,16,4,4,8,2,0,8,2,2,0,2,0,2,0
8,120,Up,4,0,1,128,2,2,128,32,16,4,4,8,2,0,8,2,2,0,2,0,2,0,128,32,16,4,4,8,4,0,8,2,2,0,2,2,0,0
8,121,Left,5,0,1,128,2,2,128,32,16,4,4,8,4,0,8,2,2,0,2,2,0,0,128,32,16,4,4,8,4,0,8,4,0,0,4,2,0,0
8,122,Right,4,0,1,128,2,2,128,32,16,4,4,8,4,0,8,4,0,0,4,2,0,0,128,32,16,4,0,4,8,4,2,0,4,4,0,0,4,2
8,123,Left,4,0,1,128,2,2,128,32,16,4,0,4,8,4,2,0,4,4,0,0,4,2,128,32,16,4,4,8,4,0,2,8,0,0,4,2,0,2
8,124,Left,4,0,1,128,2,2,128,32,16,4,4,8,4,0,2,8,0,0,4,2,0,2,128,32,16,4,4,8,4,0,2,8,0,0,4,4,0,2
8,125,Up,4,0,1,128,2,2,128,32,16,4,4,8,4,0,2,8,0,0,4,4,0,2,128,32,16,4,4,16,4,2,2,4,0,0,4,0,2,0
8,126,Right,3,0,1,128,2,2,128,32,16,4,4,16,4,2,2,4,0,0,4,0,2,0,128,32,16,4,4,16,4,2,0,0,2,4,0,2,4,2
8,127,Left,2,0,1,128,2,2,128,32,16,4,4,16,4,2,0,0,2,4,0,2,4,2,128,32,16,4,4,16,4,2,2,4,2,0,2,4,2,0
8,128,Up,4,0,1,128,2,2,128,32,16,4,4,16,4,2,2,4,2,0,2,4,2,0,128,32,16,4,4,16,4,2,4,8,2,0,0,2,0,0
8,129,Up,4,0,1,128,2,2,128,32,16,4,4,16,4,2,4,8,2,0,0,2,0,0,128,32,16,4,8,16,4,2,0,8,2,0,0,2,2,0
8,130,Left,4,0,1,128,2,2,128,32,16,4,8,16,4,2,0,8,2,0,0,2,2,0,128,32,16,4,8,16,4,2,8,2,0,2,4,0,0,0
8,131,Right,4,0,1,128,2,2,128,32,16,4,8,16,4,2,8,2,0,2,4,0,0,0,128,32,16,4,8,16,4,2,0,0,4,4,0,0,2,4
8,132,Left,4,0,1,128,2,2,128,32,16,4,8,16,4,2,0,0,4,4,0,0,2,4,128,32,16,4,8,16,4,2,8,0,0,0,2,4,2,0
8,133,Up,4,0,1,128,2,2,128,32,16,4,8,16,4,2,8,0,0,0,2,4,2,0,128,32,16,4,16,16,4,2,2,4,2,0,0,2,0,0
8,134,Left,4,0,1,128,2,2,128,32,16,4,16,16,4,2,2,4,2,0,0,2,0,0,128,32,16,4,32,4,2,0,2,4,2,0,2,2,0,0
8,135,Up,6,0,1,128,2,2,128,32,16,4,32,4,2,0,2,4,2,0,2,2,0,0,128,32,16,4,32,8,4,0,4,2,0,0,2,0,0,0
8,136,Right,5,0,1,128,2,2,128,32,16,4,32,8,4,0,4,2,0,0,2,0,0,0,128,32,16,4,0,32,8,4,2,0,2,2,0,0,0,2
8,137,Left,5,0,1,128,2,2,128,32,16,4,0,32,8,4,2,0,2,2,0,0,0,2,128,32,16,4,32,8,4,0,4,2,2,0,2,0,0,0
8,138,Left,5,0,1,128,2,2,128,32,16,4,32,8,4,0,4,2,2,0,2,0,0,0,128,32,16,4,32,8,4,0,4,4,0,0,2,2,0,0
8,139,Right,6,0,1,128,2,2,128,32,16,4,32,8,4,0,4,4,0,0,2,2,0,0,128,32,16,4,0,32,8,4,0,0,2,8,0,0,0,4
8,140,Left,5,0,1,128,2,2,128,32,16,4,0,32,8,4,0,0,2,8,0,0,0,4,128,32,16,4,32,8,4,2,2,8,0,0,4,0,0,0
8,141,Up,5,0,1,128,2,2,128,32,16,4,32,8,4,2,2,8,0,0,4,0,0,0,128,32,16,4,32,16,4,2,2,0,2,0,4,0,0,0
8,142,Right,5,0,1,128,2,2,128,32,16,4,32,16,4,2,2,0,2,0,4,0,0,0,128,32,16,4,32,16,4,2,0,0,0,4,0,0,2,4
8,143,Left,4,0,1,128,2,2,128,32,16,4,32,16,4,2,0,0,0,4,0,0,2,4,128,32,16,4,32,16,4,2,4,0,0,0,2,4,2,0
8,144,Up,3,0,1,128,2,2,128,32,16,4,32,16,4,2,4,0,0,0,2,4,2,0,128,32,16,4,32,16,4,2,4,4,2,0,2,0,0,2
8,145,Left,4,0,1,128,2,2,128,32,16,4,32,16,4,2,4,4,2,0,2,0,0,2,128,32,16,4,32,16,4,2,8,2,2,0,4,0,0,0
8,146,Left,4,0,1,128,2,2,128,32,16,4,32,16,4,2,8,2,2,0,4,0,0,0,128,32,16,4,32,16,4,2,8,4,2,0,4,0,0,0
8,147,Right,3,0,1,128,2,2,128,32,16,4,32,16,4,2,8,4,2,0,4,0,0,0,128,32,16,4,32,16,4,2,2,8,2,2,0,0,0,4
8,148,Left,3,0,1,128,2,2,128,32,16,4,32,16,4,2,2,8,2,2,0,0,0,4,128,32,16,4,32,16,4,2,2,8,2,0,4,0,2,0
8,149,Up,3,0,1,128,2,2,128,32,16,4,32,16,4,2,2,8,2,0,4,0,2,0,128,32,16,4,32,16,4,2,2,8,2,0,4,0,2,0
8,150,Right,2,0,1,128,2,2,128,32,16,4,32,16,4,2,2,8,2,0,4,0,2,0,128,32,16,4,32,16,4,2,0,2,4,2,2,0,4,2
8,151,Left,1,0,2,128,2,2,128,32,16,4,32,16,4,2,0,2,4,2,2,0,4,2,128,32,16,4,32,16,4,2,2,4,2,2,2,4,2,0
8,152,Up,4,0,2,128,2,2,128,32,16,4,32,16,4,2,2,4,2,2,2,4,2,0,128,32,16,4,32,16,4,4,4,8,2,2,0,0,0,0
8,153,Right,5,0,2,128,2,2,128,32,16,4,32,16,4,4,4,8,2,2,0,0,0,0,128,32,16,4,0,32,16,8,0,4,4,4,0,2,0,0
8,154,Left,5,0,3,128,2,2,128,32,16,4,0,32,16,8,0,4,4,4,0,2,0,0,128,32,16,4,32,16,8,0,8,4,2,0,2,0,0,0
8,155,Right,4,0,3,128,2,2,128,32,16,4,32,16,8,0,8,4,2,0,2,0,0,0,128,32,16,4,0,32,16,8,2,8,2,2,0,0,0,2
8,156,Right,4,0,3,128,2,2,128,32,16,4,0,32,16,8,2,8,2,2,0,0,0,2,128,32,16,4,0,32,16,8,0,2,4,4,0,0,2,2
8,157,Up,5,0,4,128,2,2,128,32,16,4,0,32,16,8,0,2,4,4,0,0,2,2,128,64,32,4,0,2,4,8,2,0,2,4,0,0,0,2
8,158,Up,4,0,4,128,2,2,128,64,32,4,0,2,4,8,2,0,2,4,0,0,0,2,128,64,32,4,2,2,4,8,0,0,2,4,0,2,0,2
8,159,Left,5,0,4,128,2,2,128,64,32,4,2,2,4,8,0,0,2,4,0,2,0,2,128,64,32,4,4,4,8,0,2,4,0,2,4,0,0,0
8,160,Right,5,0,4,128,2,2,128,64,32,4,4,4,8,0,2,4,0,2,4,0,0,0,128,64,32,4,0,0,8,8,0,2,2,2,0,0,2,4
8,161,Up,5,0,4,128,2,2,128,64,32,4,0,0,8,8,0,2,2,2,0,0,2,4,128,64,32,4,0,2,8,8,0,0,2,2,0,0,2,4
8,162,Left,6,0,4,128,2,2,128,64,32,4,0,2,8,8,0,0,2,2,0,0,2,4,128,64,32,4,2,16,0,0,4,0,0,0,2,4,0,2
8,163,Right,5,0,4,128,2,2,128,64,32,4,2,16,0,0,4,0,0,0,2,4,0,2,128,64,32,4,0,0,2,16,0,0,0,4,2,2,4,2
8,164,Left,5,0,4,128,2,2,128,64,32,4,0,0,2,16,0,0,0,4,2,2,4,2,128,64,32,4,2,16,0,0,4,0,0,0,4,4,2,2
8,165,Up,5,0,4,128,2,2,128,64,32,4,2,16,0,0,4,0,0,0,4,4,2,2,128,64,32,4,2,16,2,2,8,4,2,0,0,0,0,0
8,166,Up,5,0,4,128,2,2,128,64,32,4,2,16,2,2,8,4,2,0,0,0,0,0,128,64,32,4,2,16,4,2,8,4,0,0,0,0,2,0
8,167,Left,4,0,4,128,2,2,128,64,32,4,2,16,4,2,8,4,0,0,0,0,2,0,128,64,32,4,2,16,4,2,8,4,0,0,2,2,0,0
8,168,Right,4,0,4,128,2,2,128,64,32,4,2,16,4,2,8,4,0,0,2,2,0,0,128,64,32,4,2,16,4,2,0,0,4,4,0,2,0,4
8,169,Left,4,0,4,128,2,2,128,64,32,4,2,16,4,2,0,0,4,4,0,2,0,4,128,64,32,4,2,16,4,2,8,0,0,0,2,4,0,2
8,170,Up,4,0,4,128,2,2,128,64,32,4,2,16,4,2,8,0,0,0,2,4,0,2,128,64,32,4,2,16,4,4,8,4,2,0,2,0,0,0
8,171,Left,4,0,4,128,2,2,128,64,32,4,2,16,4,4,8,4,2,0,2,0,0,0,128,64,32,4,2,16,8,2,8,4,2,0,2,0,0,0
8,172,Right,3,0,4,128,2,2,128,64,32,4,2,16,8,2,8,4,2,0,2,0,0,0,128,64,32,4,2,16,8,2,2,8,2,2,0,0,0,2
8,173,Left,3,0,4,128,2,2,128,64,32,4,2,16,8,2,2,8,2,2,0,0,0,2,128,64,32,4,2,16,8,2,2,8,2,0,2,0,2,0
8,174,Up,4,0,4,128,2,2,128,64,32,4,2,16,8,2,2,8,2,0,2,0,2,0,128,64,32,4,4,16,8,2,2,8,2,0,2,0,0,0
8,175,Right,3,0,4,128,2,2,128,64,32,4,4,16,8,2,2,8,2,0,2,0,0,0,128,64,32,4,4,16,8,2,0,2,4,2,0,2,0,2
8,176,Up,4,0,5,128,2,2,128,64,32,4,4,16,8,2,0,2,4,2,0,2,0,2,128,64,32,4,4,16,8,4,0,4,2,2,2,0,0,0
8,177,Right,4,0,5,128,2,2,128,64,32,4,4,16,8,4,0,4,2,2,2,0,0,0,128,64,32,4,4,16,8,4,0,2,2,4,0,0,0,2
8,178,Up,4,0,5,128,2,2,128,64,32,4,4,16,8,4,0,2,2,4,0,0,0,2,128,64,32,8,4,16,8,4,0,2,2,2,0,2,0,0
8,179,Right,4,0,5,128,2,2,128,64,32,8,4,16,8,4,0,2,2,2,0,2,0,0,128,64,32,8,4,16,8,4,0,0,2,4,0,0,2,2
8,180,Left,4,0,5,128,2,2,128,64,32,8,4,16,8,4,0,0,2,4,0,0,2,2,128,64,32,8,4,16,8,4,2,4,0,0,4,2,0,0
8,181,Right,3,0,5,128,2,2,128,64,32,8,4,16,8,4,2,4,0,0,4,2,0,0,128,64,32,8,4,16,8,4,2,0,2,4,0,0,4,2
8,182,Up,3,0,5,128,2,2,128,64,32,8,4,16,8,4,2,0,2,4,0,0,4,2,128,64,32,8,4,16,8,8,2,0,2,2,0,0,4,2
8,183,Left,4,0,5,128,2,2,128,64,32,8,4,16,8,8,2,0,2,2,0,0,4,2,128,64,32,8,4,16,16,0,4,2,0,2,4,2,0,0
8,184,Left,5,0,5,128,2,2,128,64,32,8,4,16,16,0,4,2,0,2,4,2,0,0,128,64,32,8,4,32,0,0,4,4,0,2,4,2,0,0
8,185,Right,5,0,5,128,2,2,128,64,32,8,4,32,0,0,4,4,0,2,4,2,0,0,128,64,32,8,0,2,4,32,0,0,4,2,0,0,4,2
8,186,Left,4,0,5,128,2,2,128,64,32,8,0,2,4,32,0,0,4,2,0,0,4,2,128,64,32,8,2,4,32,0,4,2,0,2,4,2,0,0
8,187,Up,6,0,5,128,2,2,128,64,32,8,2,4,32,0,4,2,0,2,4,2,0,0,128,64,64,8,2,4,0,2,8,4,0,2,0,0,0,0
8,188,Left,6,0,5,128,2,2,128,64,64,8,2,4,0,2,8,4,0,2,0,0,0,0,128,128,8,0,2,4,2,0,8,4,2,0,0,0,2,0
8,189,Left,6,0,5,256,2,2,128,128,8,0,2,4,2,0,8,4,2,0,0,0,2,0,256,8,2,0,2,4,2,0,8,4,2,0,2,0,0,0
9,0,Up,13,0,0,2,1,1,0,2,0,0,0,0,2,0,0,0,0,0,0,0,0,0,2,2,2,0,0,0,0,0,0,0,0,0,0,0,0,0
9,1,Left,13,0,0,4,1,1,2,2,2,0,0,0,0,0,0,0,0,0,0,0,0,0,4,2,0,0,0,0,0,2,0,0,0,0,0,0,0,0
9,2,Up,12,0,0,4,1,1,4,2,0,0,0,0,0,2,0,0,0,0,0,0,0,0,4,2,0,2,0,0,0,0,0,2,0,0,0,0,0,0
9,3,Left,12,0,0,4,1,1,4,2,0,2,0,0,0,0,0,2,0,0,0,0,0,0,4,4,0,0,2,0,0,0,2,0,0,0,0,0,0,0
9,4,Up,12,0,0,4,1,1,4,4,0,0,2,0,0,0,2,0,0,0,0,0,0,0,4,4,0,0,4,0,0,0,0,0,0,0,0,0,2,0
9,5,Left,12,0,0,8,1,1,4,4,0,0,4,0,0,0,0,0,0,0,0,0,2,0,8,0,0,0,4,0,0,0,0,0,0,0,2,0,2,0
9,6,Right,12,0,0,8,1,1,8,0,0,0,4,0,0,0,0,0,0,0,2,0,2,0,0,0,0,8,0,0,0,4,0,0,0,0,0,0,2,4
9,7,Up,12,0,0,8,1,1,0,0,0,8,0,0,0,4,0,0,0,0,0,0,2,4,0,0,2,8,0,0,2,8,0,0,0,0,0,0,0,0
9,8,Left,11,0,0,8,1,1,0,0,2,8,0,0,2,8,0,0,0,0,0,0,0,0,2,8,0,0,2,4,0,0,0,0,0,0,0,2,0,0
9,9,Up,11,0,1,8,1,1,2,8,0,0,2,4,0,0,0,0,0,0,0,2,0,0,4,8,0,0,0,2,0,0,0,2,2,0,0,0,0,0
9,10,Right,11,0,1,8,1,1,4,8,0,0,0,2,0,0,0,2,2,0,0,0,0,0,0,0,4,8,2,0,0,2,0,0,0,4,0,0,0,0
9,11,Left,11,0,1,8,1,1,0,0,4,8,2,0,0,2,0,0,0,4,0,0,0,0,4,8,0,0,4,2,0,0,4,0,0,0,0,0,0,0
9,12,Up,11,0,1,8,1,1,4,8,0,0,4,2,0,0,4,0,0,0,0,0,0,0,8,8,0,0,4,2,0,0,0,0,0,0,2,0,0,0
9,13,Up,10,0,1,8,1,1,8,8,0,0,4,2,0,0,0,0,0,0,2,0,0,0,8,8,2,0,4,2,0,0,2,0,0,0,0,0,0,0
9,14,Left,10,0,1,16,1,1,8,8,2,0,4,2,0,0,2,0,0,0,0,0,0,0,16,2,0,0,4,2,0,0,2,0,0,0,0,0,2,0
9,15,Up,10,0,1,16,1,1,16,2,0,0,4,2,0,0,2,0,0,0,0,0,2,0,16,4,2,0,4,2,0,0,2,0,0,0,0,0,0,0
9,16,Right,9,0,1,16,1,1,16,4,2,0,4,2,0,0,2,0,0,0,0,0,0,0,2,16,4,2,0,0,4,2,0,0,0,2,0,0,0,0
9,17,Down,10,0,1,16,1,1,2,16,4,2,0,0,4,2,0,0,0,2,0,0,0,0,0,0,2,0,0,0,0,0,0,0,0,2,2,16,8,4
9,18,Right,9,0,1,16,1,1,0,0,2,0,0,0,0,0,0,0,0,2,2,16,8,4,0,0,2,2,0,0,0,0,0,0,0,2,2,16,8,4
9,19,Left,9,0,1,16,1,1,0,0,2,2,0,0,0,0,0,0,0,2,2,16,8,4,4,0,0,2,0,0,0,0,2,0,0,0,2,16,8,4
9,20,Up,9,0,1,16,1,1,4,0,0,2,0,0,0,0,2,0,0,0,2,16,8,4,4,16,8,2,4,0,0,4,0,0,0,0,0,0,0,2
9,21,Left,9,0,1,16,1,1,4,16,8,2,4,0,0,4,0,0,0,0,0,0,0,2,4,16,8,2,8,0,0,0,0,0,0,2,2,0,0,0
9,22,Down,9,0,1,16,1,1,4,16,8,2,8,0,0,0,0,0,0,2,2,0,0,0,0,0,0,0,4,0,0,0,8,2,0,0,2,16,8,4
9,23,Right,8,0,1,16,1,1,0,0,0,0,4,0,0,0,8,2,0,0,2,16,8,4,2,0,0,0,0,0,0,4,0,0,8,2,2,16,8,4
9,24,Left,7,0,1,16,1,1,2,0,0,0,0,0,0,4,0,0,8,2,2,16,8,4,2,0,0,0,4,2,0,0,8,2,0,0,2,16,8,4
9,25,Right,6,0,1,16,1,1,2,0,0,0,4,2,0,0,8,2,0,0,2,16,8,4,0,0,0,2,2,0,4,2,0,0,8,2,2,16,8,4
9,26,Left,5,0,1,16,1,1,0,0,0,2,2,0,4,2,0,0,8,2,2,16,8,4,2,0,0,0,2,2,2,0,8,2,0,2,2,16,8,4
9,27,Up,6,0,1,8,1,1,2,0,0,0,2,2,2,0,8,2,0,2,2,16,8,4,4,4,2,2,8,8,8,4,2,0,0,0,2,0,0,0
9,28,Left,8,1,1,16,1,1,4,4,2,2,8,8,8,4,2,0,0,0,2,0,0,0,8,4,0,0,16,4,4,2,2,0,0,0,2,0,0,0
9,29,Right,8,1,1,8,1,1,8,4,0,0,16,4,4,2,2,0,0,0,2,0,0,0,0,0,8,4,0,8,8,2,0,2,0,2,0,0,0,2
9,30,Left,9,1,1,16,1,1,0,0,8,4,0,8,8,2,0,2,0,2,0,0,0,2,8,4,0,0,16,2,0,0,4,0,0,0,2,2,0,0
9,31,Left,9,1,1,16,1,1,8,4,0,0,16,2,0,0,4,0,0,0,2,2,0,0,8,4,0,0,16,2,0,0,4,0,0,2,4,0,0,0
9,32,Right,8,1,1,16,1,1,8,4,0,0,16,2,0,0,4,0,0,2,4,0,0,0,0,0,8,4,0,0,16,2,0,0,4,2,0,2,0,4
9,33,Down,8,1,1,16,1,1,0,0,8,4,0,0,16,2,0,0,4,2,0,2,0,4,0,2,0,0,0,0,8,4,0,0,16,4,0,2,4,4
9,34,Left,8,1,1,16,1,1,0,2,0,0,0,0,8,4,0,0,16,4,0,2,4,4,2,0,0,2,8,2,0,0,16,4,0,0,2,8,0,0
9,35,Left,8,1,1,16,1,1,2,0,0,2,8,2,0,0,16,4,0,0,2,8,0,0,4,0,0,0,8,2,2,0,16,4,0,0,2,8,0,0
9,36,Up,7,1,1,16,1,1,4,0,0,0,8,2,2,0,16,4,0,0,2,8,0,0,4,2,2,0,8,2,0,2,16,8,0,0,2,0,0,0
9,37,Left,8,1,1,16,1,1,4,2,2,0,8,2,0,2,16,8,0,0,2,0,0,0,4,4,0,2,8,2,0,0,16,8,0,0,2,0,0,0
9,38,Down,7,1,1,16,1,1,4,4,0,2,8,2,0,0,16,8,0,0,2,0,0,0,4,0,0,0,8,2,0,2,16,2,0,0,2,8,0,2
9,39,Left,7,1,1,16,1,1,4,0,0,0,8,2,0,2,16,2,0,0,2,8,0,2,4,0,0,0,8,2,0,0,16,2,0,0,2,8,2,2
9,40,Right,7,1,1,16,1,1,4,0,0,0,8,2,0,0,16,2,0,0,2,8,2,2,0,0,2,4,0,0,8,2,0,0,16,2,0,2,8,4
9,41,Left,6,1,1,16,1,1,0,0,2,4,0,0,8,2,0,0,16,2,0,2,8,4,2,4,0,0,8,2,0,0,16,2,0,2,2,8,4,0
9,42,Up,6,1,1,16,1,1,2,4,0,0,8,2,0,0,16,2,0,2,2,8,4,0,2,4,4,2,8,2,0,0,16,8,2,0,2,0,0,0
9,43,Left,6,1,1,16,1,1,2,4,4,2,8,2,0,0,16,8,2,0,2,0,0,0,2,8,2,0,8,2,2,0,16,8,2,0,2,0,0,0
9,44,Left,6,1,1,16,1,1,2,8,2,0,8,2,2,0,16,8,2,0,2,0,0,0,2,8,2,0,8,2,0,2,16,8,2,0,2,0,0,0
9,45,Right,6,1,1,16,1,1,2,8,2,0,8,2,0,2,16,8,2,0,2,0,0,0,2,2,8,2,0,0,8,4,0,16,8,2,0,0,0,2
9,46,Left,6,1,1,16,1,1,2,2,8,2,0,0,8,4,0,16,8,2,0,0,0,2,4,8,2,0,8,2,0,0,16,8,2,0,2,2,0,0
9,47,Down,6,1,1,16,1,1,4,8,2,0,8,2,0,0,16,8,2,0,2,2,0,0,4,8,0,2,8,2,0,0,16,8,0,0,2,2,4,0
9,48,Up,5,1,1,16,1,1,4,8,0,2,8,2,0,0,16,8,0,0,2,2,4,0,4,8,4,2,8,2,0,2,16,8,0,0,2,2,0,0
9,49,Down,5,1,1,16,1,1,4,8,4,2,8,2,0,2,16,8,0,0,2,2,0,0,4,8,0,0,8,2,2,0,16,8,0,0,2,2,4,4
9,50,Left,7,1,1,16,1,1,4,8,0,0,8,2,2,0,16,8,0,0,2,2,4,4,4,8,0,0,8,2,0,0,16,8,2,0,4,8,0,0
9,51,Down,7,1,1,16,1,1,4,8,0,0,8,2,0,0,16,8,2,0,4,8,0,0,4,0,2,0,8,4,0,0,16,2,0,0,4,16,2,0
9,52,Up,7,1,2,16,1,1,4,0,2,0,8,4,0,0,16,2,0,0,4,16,2,0,4,4,4,0,8,2,2,0,16,16,0,0,4,0,0,0
9,53,Right,9,1,2,32,1,1,4,4,4,0,8,2,2,0,16,16,0,0,4,0,0,0,0,2,4,8,0,0,8,4,0,0,0,32,0,0,0,4
9,54,Down,8,1,2,32,1,1,0,2,4,8,0,0,8,4,0,0,0,32,0,0,0,4,0,0,0,8,0,0,0,4,2,0,4,32,0,2,8,4
9,55,Left,7,1,2,32,1,1,0,0,0,8,0,0,0,4,2,0,4,32,0,2,8,4,8,0,2,0,4,0,0,0,2,4,32,0,2,8,4,0
9,56,Up,7,1,2,32,1,1,8,0,2,0,4,0,0,0,2,4,32,0,2,8,4,0,8,4,2,0,4,4,32,0,4,0,4,0,0,0,0,2
9,57,Right,8,1,2,32,1,1,8,4,2,0,4,4,32,0,4,0,4,0,0,0,0,2,0,8,4,2,0,0,8,32,0,0,0,8,0,0,2,2
9,58,Left,8,1,2,16,1,1,0,8,4,2,0,0,8,32,0,0,0,8,0,0,2,2,8,4,2,0,8,16,0,0,8,0,0,0,4,0,0,2
9,59,Up,8,2,2,16,1,1,8,4,2,0,8,16,0,0,8,0,0,0,4,0,0,2,16,4,2,2,8,8,0,0,4,0,0,0,0,2,0,0
9,60,Down,7,2,2,16,1,1,16,4,2,2,8,8,0,0,4,0,0,0,0,2,0,0,0,0,0,0,16,2,0,0,8,8,0,2,4,2,2,2
9,61,Left,8,2,2,16,1,1,0,0,0,0,16,2,0,0,8,8,0,2,4,2,2,2,0,0,0,0,16,2,0,0,16,2,0,0,4,4,2,2
9,62,Down,9,2,2,32,1,1,0,0,0,0,16,2,0,0,16,2,0,0,4,4,2,2,0,0,0,0,0,0,0,0,32,4,2,0,4,4,2,2
9,63,Left,10,2,2,32,1,1,0,0,0,0,0,0,0,0,32,4,2,0,4,4,2,2,0,0,0,0,0,0,0,0,32,4,2,2,8,4,0,0
9,64,Right,10,2,2,32,1,1,0,0,0,0,0,0,0,0,32,4,2,2,8,4,0,0,0,0,0,0,0,0,0,0,0,32,4,4,2,0,8,4
9,65,Down,10,2,2,32,1,1,0,0,0,0,0,0,0,0,0,32,4,4,2,0,8,4,0,0,2,0,0,0,0,0,0,0,4,0,2,32,8,8
9,66,Up,9,2,2,32,1,1,0,0,2,0,0,0,0,0,0,0,4,0,2,32,8,8,2,32,2,8,0,0,4,0,0,0,8,0,0,0,0,2
9,67,Down,8,2,2,32,1,1,2,32,2,8,0,0,4,0,0,0,8,0,0,0,0,2,0,0,0,0,2,0,2,0,0,0,4,8,2,32,8,2
9,68,Left,8,2,2,32,1,1,0,0,0,0,2,0,2,0,0,0,4,8,2,32,8,2,0,2,0,0,4,0,0,0,4,8,0,0,2,32,8,2
9,69,Right,7,2,2,32,1,1,0,2,0,0,4,0,0,0,4,8,0,0,2,32,8,2,0,0,2,2,0,0,0,4,0,0,4,8,2,32,8,2
9,70,Down,6,2,2,32,1,1,0,0,2,2,0,0,0,4,0,0,4,8,2,32,8,2,0,0,0,2,2,0,2,4,0,0,4,8,2,32,8,2
9,71,Down,6,2,2,32,1,1,0,0,0,2,2,0,2,4,0,0,4,8,2,32,8,2,0,0,0,2,0,2,2,4,0,0,4,8,4,32,8,2
9,72,Left,6,2,2,32,1,1,0,0,0,2,0,2,2,4,0,0,4,8,4,32,8,2,2,0,0,0,4,2,0,0,4,8,0,2,4,32,8,2
9,73,Right,5,2,2,32,1,1,2,0,0,0,4,2,0,0,4,8,0,2,4,32,8,2,0,2,0,2,0,0,4,2,0,4,8,2,4,32,8,2
9,74,Right,5,2,2,32,1,1,0,2,0,2,0,0,4,2,0,4,8,2,4,32,8,2,0,0,0,4,0,2,4,2,0,4,8,2,4,32,8,2
9,75,Left,4,2,2,32,1,1,0,0,0,4,0,2,4,2,0,4,8,2,4,32,8,2,4,0,0,0,2,2,2,2,4,8,2,0,4,32,8,2
9,76,Up,6,2,2,32,1,1,4,0,0,0,2,2,2,2,4,8,2,0,4,32,8,2,4,2,4,4,2,4,8,0,8,32,0,0,0,0,0,2
9,77,Right,6,2,3,32,1,1,4,2,4,4,2,4,8,0,8,32,0,0,0,0,0,2,0,4,2,8,0,2,4,8,0,0,8,32,0,2,0,2
9,78,Left,6,2,3,32,1,1,0,4,2,8,0,2,4,8,0,0,8,32,0,2,0,2,4,2,8,0,2,2,8,2,8,32,0,0,4,0,0,0
9,79,Right,6,2,3,32,1,1,4,2,8,0,2,2,8,2,8,32,0,0,4,0,0,0,0,4,2,8,0,2,8,2,0,0,8,32,2,0,0,4
9,80,Left,5,2,3,32,1,1,0,4,2,8,0,2,8,2,0,0,8,32,2,0,0,4,4,2,8,0,2,4,2,2,8,32,0,0,2,4,0,0
9,81,Down,4,2,4,32,1,1,4,2,8,0,2,4,2,2,8,32,0,0,2,4,0,0,4,2,0,0,2,2,0,2,8,32,8,0,2,4,2,2
9,82,Down,5,2,4,32,1,1,4,2,0,0,2,2,0,2,8,32,8,0,2,4,2,2,4,0,0,0,2,2,2,0,8,32,8,0,2,4,2,4
9,83,Left,5,2,4,32,1,1,4,0,0,0,2,2,2,0,8,32,8,0,2,4,2,4,4,2,0,0,4,2,0,0,8,32,8,0,2,4,2,4
9,84,Right,4,2,4,32,1,1,4,2,0,0,4,2,0,0,8,32,8,0,2,4,2,4,2,0,4,2,0,0,4,2,0,8,32,8,2,4,2,4
9,85,Left,3,2,4,32,1,1,2,0,4,2,0,0,4,2,0,8,32,8,2,4,2,4,2,4,2,0,4,2,2,0,8,32,8,0,2,4,2,4
9,86,Down,3,2,4,32,1,1,2,4,2,0,4,2,2,0,8,32,8,0,2,4,2,4,2,4,2,0,4,2,4,0,8,32,8,0,2,4,2,4
9,87,Right,2,2,4,32,1,1,2,4,2,0,4,2,4,0,8,32,8,0,2,4,2,4,0,2,4,2,2,2,2,4,0,8,32,8,2,4,2,4
9,88,Left,2,2,4,32,1,1,0,2,4,2,2,2,2,4,0,8,32,8,2,4,2,4,2,4,2,0,4,2,4,0,8,32,8,2,2,4,2,4
9,89,Right,1,2,4,32,1,1,2,4,2,0,4,2,4,0,8,32,8,2,2,4,2,4,0,2,4,2,2,2,2,4,8,32,8,2,2,4,2,4
9,90,Left,1,2,4,32,1,1,0,2,4,2,2,2,2,4,8,32,8,2,2,4,2,4,2,4,2,2,4,2,4,0,8,32,8,2,2,4,2,4
9,91,Right,1,2,4,32,1,1,2,4,2,2,4,2,4,0,8,32,8,2,2,4,2,4,2,2,4,4,0,2,2,4,8,32,8,2,2,4,2,4
9,92,Left,3,2,4,32,1,1,2,2,4,4,0,2,2,4,8,32,8,2,2,4,2,4,4,8,2,0,4,2,0,0,8,32,8,2,2,4,2,4
9,93,Right,2,2,4,32,1,1,4,8,2,0,4,2,0,0,8,32,8,2,2,4,2,4,2,4,8,2,0,0,4,2,8,32,8,2,2,4,2,4
9,94,Left,1,2,4,32,1,1,2,4,8,2,0,0,4,2,8,32,8,2,2,4,2,4,2,4,8,2,4,2,2,0,8,32,8,2,2,4,2,4
9,95,Right,1,2,4,32,1,1,2,4,8,2,4,2,2,0,8,32,8,2,2,4,2,4,2,4,8,2,2,0,4,4,8,32,8,2,2,4,2,4
9,96,Right,1,2,4,32,1,1,2,4,8,2,2,0,4,4,8,32,8,2,2,4,2,4,2,4,8,2,2,0,2,8,8,32,8,2,2,4,2,4
9,97,Left,1,2,4,32,1,1,2,4,8,2,2,0,2,8,8,32,8,2,2,4,2,4,2,4,8,2,4,4,0,2,8,32,8,2,2,4,2,4
9,98,Right,1,2,4,32,1,1,2,4,8,2,4,4,0,2,8,32,8,2,2,4,2,4,2,4,8,2,2,0,8,2,8,32,8,2,2,4,2,4
9,99,Left,0,2,4,32,1,1,2,4,8,2,2,0,8,2,8,32,8,2,2,4,2,4,2,4,8,2,2,4,2,2,8,32,8,2,2,4,2,4
9,100,Right,0,2,5,32,1,1,2,4,8,2,2,4,2,2,8,32,8,2,2,4,2,4,2,4,8,2,2,2,4,4,8,32,8,2,2,4,2,4
9,101,Left,1,2,5,32,1,1,2,4,8,2,2,2,4,4,8,32,8,2,2,4,2,4,2,4,8,2,4,4,0,2,8,32,8,2,2,4,2,4
9,102,Right,1,2,6,32,1,1,2,4,8,2,4,4,0,2,8,32,8,2,2,4,2,4,2,4,8,2,0,2,8,2,8,32,8,2,2,4,2,4
9,103,Down,2,2,6,32,1,1,2,4,8,2,0,2,8,2,8,32,8,2,2,4,2,4,0,4,0,2,2,2,8,2,8,32,16,4,2,4,2,4
9,104,Left,2,2,6,32,1,1,0,4,0,2,2,2,8,2,8,32,16,4,2,4,2,4,4,2,0,2,4,4,2,0,8,32,16,4,2,4,2,4
9,105,Right,3,2,7,32,1,1,4,2,0,2,4,4,2,0,8,32,16,4,2,4,2,4,0,0,4,4,0,2,8,2,8,32,16,4,2,4,2,4
9,106,Right,3,2,7,32,1,1,0,0,4,4,0,2,8,2,8,32,16,4,2,4,2,4,2,0,0,8,0,2,8,2,8,32,16,4,2,4,2,4
9,107,Right,2,2,7,32,1,1,2,0,0,8,0,2,8,2,8,32,16,4,2,4,2,4,2,0,2,8,0,2,8,2,8,32,16,4,2,4,2,4
9,108,Left,2,2,7,32,1,1,2,0,2,8,0,2,8,2,8,32,16,4,2,4,2,4,4,8,0,0,2,4,2,2,8,32,16,4,2,4,2,4
9,109,Down,2,2,8,32,1,1,4,8,0,0,2,4,2,2,8,32,16,4,2,4,2,4,4,8,0,2,2,2,2,0,8,32,16,2,2,4,2,8
9,110,Left,2,2,8,32,1,1,4,8,0,2,2,2,2,0,8,32,16,2,2,4,2,8,4,8,2,2,4,2,0,0,8,32,16,2,2,4,2,8
9,111,Down,3,2,8,32,1,1,4,8,2,2,4,2,0,0,8,32,16,2,2,4,2,8,0,8,0,0,8,2,2,2,8,32,16,4,2,4,2,8
9,112,Down,3,2,8,32,1,1,0,8,0,0,8,2,2,2,8,32,16,4,2,4,2,8,2,8,0,0,0,2,2,2,16,32,16,4,2,4,2,8
9,113,Left,3,2,8,32,1,1,2,8,0,0,0,2,2,2,16,32,16,4,2,4,2,8,2,8,0,2,4,2,0,0,16,32,16,4,2,4,2,8
9,114,Down,2,2,8,32,1,1,2,8,0,2,4,2,0,0,16,32,16,4,2,4,2,8,2,8,0,0,4,2,2,2,16,32,16,4,2,4,2,8
9,115,Left,2,2,8,32,1,1,2,8,0,0,4,2,2,2,16,32,16,4,2,4,2,8,2,8,2,0,4,2,2,0,16,32,16,4,2,4,2,8
9,116,Down,2,2,8,32,1,1,2,8,2,0,4,2,2,0,16,32,16,4,2,4,2,8,2,8,2,0,4,2,4,0,16,32,16,4,2,4,2,8
9,117,Right,1,2,8,32,1,1,2,8,2,0,4,2,4,0,16,32,16,4,2,4,2,8,2,2,8,2,0,2,2,4,16,32,16,4,2,4,2,8
9,118,Right,2,2,8,32,1,1,2,2,8,2,0,2,2,4,16,32,16,4,2,4,2,8,2,4,8,2,0,0,4,4,16,32,16,4,2,4,2,8
9,119,Left,2,2,8,32,1,1,2,4,8,2,0,0,4,4,16,32,16,4,2,4,2,8,2,4,8,2,8,2,0,0,16,32,16,4,2,4,2,8
9,120,Up,1,2,8,32,1,1,2,4,8,2,8,2,0,0,16,32,16,4,2,4,2,8,2,4,8,2,8,2,16,4,16,32,2,8,2,4,2,0
9,121,Right,0,2,8,32,1,1,2,4,8,2,8,2,16,4,16,32,2,8,2,4,2,0,2,4,8,2,8,2,16,4,16,32,2,8,2,2,4,2
9,122,Left,0,2,8,32,1,1,2,4,8,2,8,2,16,4,16,32,2,8,2,2,4,2,2,4,8,2,8,2,16,4,16,32,2,8,4,4,2,2
9,123,Right,1,2,8,32,1,1,2,4,8,2,8,2,16,4,16,32,2,8,4,4,2,2,2,4,8,2,8,2,16,4,16,32,2,8,2,0,8,4
9,124,Left,0,2,8,32,1,1,2,4,8,2,8,2,16,4,16,32,2,8,2,0,8,4,2,4,8,2,8,2,16,4,16,32,2,8,2,8,4,2
10,0,Right,13,0,0,2,2,1,0,2,0,0,2,0,0,0,0,0,0,0,0,0,0,0,0,0,0,2,0,0,0,2,2,0,0,0,0,0,0,0
10,1,Left,12,0,0,2,2,1,0,0,0,2,0,0,0,2,2,0,0,0,0,0,0,0,2,0,0,0,2,0,0,0,2,2,0,0,0,0,0,0
10,2,Up,12,0,0,4,2,1,2,0,0,0,2,0,0,0,2,2,0,0,0,0,0,0,4,2,0,0,2,0,0,0,0,0,0,2,0,0,0,0
10,3,Left,11,0,0,4,2,1,4,2,0,0,2,0,0,0,0,0,0,2,0,0,0,0,4,2,0,2,2,0,0,0,2,0,0,0,0,0,0,0
10,4,Up,11,0,0,4,2,1,4,2,0,2,2,0,0,0,2,0,0,0,0,0,0,0,4,2,0,2,4,0,0,0,0,0,2,0,0,0,0,0
10,5,Left,11,0,0,4,2,1,4,2,0,2,4,0,0,0,0,0,2,0,0,0,0,0,4,4,0,0,4,2,0,0,2,0,0,0,0,0,0,0
10,6,Up,11,0,0,8,2,1,4,4,0,0,4,2,0,0,2,0,0,0,0,0,0,0,8,4,0,0,2,2,0,2,0,0,0,0,0,0,0,0
10,7,Left,11,0,0,8,2,1,8,4,0,0,2,2,0,2,0,0,0,0,0,0,0,0,8,4,0,0,4,2,2,0,0,0,0,0,0,0,0,0
10,8,Left,11,0,0,8,2,1,8,4,0,0,4,2,2,0,0,0,0,0,0,0,0,0,8,4,0,0,4,4,0,2,0,0,0,0,0,0,0,0
10,9,Up,11,0,0,8,2,1,8,4,0,0,4,4,0,2,0,0,0,0,0,0,0,0,8,8,0,2,4,0,2,0,0,0,0,0,0,0,0,0
10,10,Right,11,0,0,16,2,1,8,8,0,2,4,0,2,0,0,0,0,0,0,0,0,0,0,0,16,2,0,0,4,2,0,0,0,0,0,2,0,0
10,11,Left,10,0,0,16,2,1,0,0,16,2,0,0,4,2,0,0,0,0,0,2,0,0,16,2,0,0,4,2,0,0,0,2,0,0,2,0,0,0
10,12,Up,10,0,0,16,2,1,16,2,0,0,4,2,0,0,0,2,0,0,2,0,0,0,16,4,0,0,4,2,2,0,2,0,0,0,0,0,0,0
10,13,Left,10,0,0,16,2,1,16,4,0,0,4,2,2,0,2,0,0,0,0,0,0,0,16,4,0,0,4,4,0,0,2,0,0,0,0,2,0,0
10,14,Up,10,0,0,16,2,1,16,4,0,0,4,4,0,0,2,0,0,0,0,2,0,0,16,8,2,0,4,2,0,0,2,0,0,0,0,0,0,0
10,15,Right,9,0,0,16,2,1,16,8,2,0,4,2,0,0,2,0,0,0,0,0,0,0,0,16,8,2,0,0,4,2,0,0,0,2,2,0,0,0
10,16,Left,8,0,0,16,2,1,0,16,8,2,0,0,4,2,0,0,0,2,2,0,0,0,16,8,2,0,4,2,0,0,2,2,0,0,2,0,0,0
10,17,Up,9,0,0,16,2,1,16,8,2,0,4,2,0,0,2,2,0,0,2,0,0,0,16,8,2,2,4,4,0,0,4,0,0,0,0,0,0,0
10,18,Left,10,0,0,16,2,1,16,8,2,2,4,4,0,0,4,0,0,0,0,0,0,0,16,8,4,0,8,0,0,0,4,0,0,0,0,0,2,0
10,19,Up,9,0,0,16,2,1,16,8,4,0,8,0,0,0,4,0,0,0,0,0,2,0,16,8,4,0,8,0,2,0,4,2,0,0,0,0,0,0
10,20,Left,8,0,0,16,2,1,16,8,4,0,8,0,2,0,4,2,0,0,0,0,0,0,16,8,4,0,8,2,2,0,4,2,0,0,0,0,0,0
10,21,Right,8,0,0,16,2,1,16,8,4,0,8,2,2,0,4,2,0,0,0,0,0,0,0,16,8,4,0,0,8,4,0,0,4,2,2,0,0,0
10,22,Left,7,0,0,16,2,1,0,16,8,4,0,0,8,4,0,0,4,2,2,0,0,0,16,8,4,2,8,4,0,0,4,2,0,0,2,0,0,0
10,23,Right,6,0,0,16,2,1,16,8,4,2,8,4,0,0,4,2,0,0,2,0,0,0,16,8,4,2,0,0,8,4,0,0,4,2,0,2,0,2
10,24,Up,6,0,0,16,2,1,16,8,4,2,0,0,8,4,0,0,4,2,0,2,0,2,16,8,4,2,0,2,8,4,0,0,4,4,0,0,0,2
10,25,Left,6,0,0,16,2,1,16,8,4,2,0,2,8,4,0,0,4,4,0,0,0,2,16,8,4,2,2,8,4,0,8,2,0,0,2,0,0,0
10,26,Up,7,0,0,16,2,1,16,8,4,2,2,8,4,0,8,2,0,0,2,0,0,0,16,16,8,2,2,2,0,0,8,0,0,2,2,0,0,0
10,27,Left,8,0,0,32,2,1,16,16,8,2,2,2,0,0,8,0,0,2,2,0,0,0,32,8,2,0,4,0,2,0,8,2,0,0,2,0,0,0
10,28,Up,8,0,0,32,2,1,32,8,2,0,4,0,2,0,8,2,0,0,2,0,0,0,32,8,4,0,4,2,0,0,8,2,0,0,2,0,0,0
10,29,Right,7,0,0,32,2,1,32,8,4,0,4,2,0,0,8,2,0,0,2,0,0,0,0,32,8,4,2,0,4,2,0,0,8,2,0,0,0,2
10,30,Left,6,0,0,32,2,1,0,32,8,4,2,0,4,2,0,0,8,2,0,0,0,2,32,8,4,0,2,4,2,0,8,2,0,2,2,0,0,0
10,31,Up,5,0,0,32,2,1,32,8,4,0,2,4,2,0,8,2,0,2,2,0,0,0,32,8,4,2,2,4,2,0,8,2,0,2,2,0,0,0
10,32,Left,5,0,0,32,2,1,32,8,4,2,2,4,2,0,8,2,0,2,2,0,0,0,32,8,4,2,2,4,2,0,8,2,2,0,2,0,0,0
10,33,Up,5,0,0,32,2,1,32,8,4,2,2,4,2,0,8,2,2,0,2,0,0,0,32,8,4,2,2,4,4,0,8,2,0,0,2,2,0,0
10,34,Left,6,0,0,32,2,1,32,8,4,2,2,4,4,0,8,2,0,0,2,2,0,0,32,8,4,2,2,8,0,2,8,2,0,0,4,0,0,0
10,35,Right,5,0,0,32,2,1,32,8,4,2,2,8,0,2,8,2,0,0,4,0,0,0,32,8,4,2,0,2,8,2,2,0,8,2,0,0,0,4
10,36,Left,4,0,0,32,2,1,32,8,4,2,0,2,8,2,2,0,8,2,0,0,0,4,32,8,4,2,2,8,2,0,2,4,2,0,4,0,2,0
10,37,Up,6,0,0,32,2,1,32,8,4,2,2,8,2,0,2,4,2,0,4,0,2,0,32,16,4,2,4,4,4,0,4,0,2,0,2,0,0,0
10,38,Left,6,0,0,32,2,1,32,16,4,2,4,4,4,0,4,0,2,0,2,0,0,0,32,16,4,2,8,4,0,2,4,2,0,0,2,0,0,0
10,39,Up,6,0,0,32,2,1,32,16,4,2,8,4,0,2,4,2,0,0,2,0,0,0,32,16,4,4,8,4,2,0,4,2,0,0,2,0,0,0
10,40,Left,6,0,0,32,2,1,32,16,4,4,8,4,2,0,4,2,0,0,2,0,0,0,32,16,8,0,8,4,2,0,4,2,0,0,2,2,0,0
10,41,Right,6,0,0,32,2,1,32,16,8,0,8,4,2,0,4,2,0,0,2,2,0,0,0,32,16,8,0,8,4,2,0,0,4,2,2,0,0,4
10,42,Left,5,0,0,32,2,1,0,32,16,8,0,8,4,2,0,0,4,2,2,0,0,4,32,16,8,0,8,4,2,2,4,2,0,0,2,4,0,0
10,43,Up,4,0,0,32,2,1,32,16,8,0,8,4,2,2,4,2,0,0,2,4,0,0,32,16,8,2,8,4,2,0,4,2,0,2,2,4,0,0
10,44,Left,4,0,0,32,2,1,32,16,8,2,8,4,2,0,4,2,0,2,2,4,0,0,32,16,8,2,8,4,2,0,4,2,0,0,2,4,0,2
10,45,Up,4,0,0,32,2,1,32,16,8,2,8,4,2,0,4,2,0,0,2,4,0,2,32,16,8,4,8,4,2,0,4,2,2,0,2,4,0,0
10,46,Left,4,0,0,32,2,1,32,16,8,4,8,4,2,0,4,2,2,0,2,4,0,0,32,16,8,4,8,4,2,0,4,2,0,2,2,4,0,0
10,47,Right,4,0,0,32,2,1,32,16,8,4,8,4,2,0,4,2,0,2,2,4,0,0,32,16,8,4,0,8,4,2,0,2,4,4,0,0,2,4
10,48,Left,4,0,0,32,2,1,32,16,8,4,0,8,4,2,0,2,4,4,0,0,2,4,32,16,8,4,8,4,2,2,2,4,0,0,2,4,0,0
10,49,Up,5,0,1,32,2,1,32,16,8,4,8,4,2,2,2,4,0,0,2,4,0,0,32,16,8,4,8,8,2,2,4,2,0,0,0,2,0,0
10,50,Right,6,0,1,32,2,1,32,16,8,4,8,8,2,2,4,2,0,0,0,2,0,0,32,16,8,4,0,0,16,4,0,0,4,2,0,2,0,2
10,51,Left,6,0,1,32,2,1,32,16,8,4,0,0,16,4,0,0,4,2,0,2,0,2,32,16,8,4,16,4,0,0,4,2,0,0,4,2,0,0
10,52,Up,7,0,1,32,2,1,32,16,8,4,16,4,0,0,4,2,0,0,4,2,0,0,32,16,8,4,16,4,0,0,8,2,0,0,0,2,0,0
10,53,Left,6,0,1,32,2,1,32,16,8,4,16,4,0,0,8,2,0,0,0,2,0,0,32,16,8,4,16,4,0,2,8,2,0,0,2,0,0,0
10,54,Right,5,0,1,32,2,1,32,16,8,4,16,4,0,2,8,2,0,0,2,0,0,0,32,16,8,4,2,16,4,2,0,0,8,2,0,0,0,2
10,55,Left,4,0,1,32,2,1,32,16,8,4,2,16,4,2,0,0,8,2,0,0,0,2,32,16,8,4,2,16,4,2,8,2,0,0,2,0,0,2
10,56,Up,5,0,1,32,2,1,32,16,8,4,2,16,4,2,8,2,0,0,2,0,0,2,32,32,8,4,2,2,4,4,8,0,0,0,2,0,0,2
10,57,Left,8,0,1,64,2,1,32,32,8,4,2,2,4,4,8,0,0,0,2,0,0,2,64,8,4,0,4,8,2,0,8,0,0,0,4,0,0,0
10,58,Right,7,0,1,64,2,1,64,8,4,0,4,8,2,0,8,0,0,0,4,0,0,0,0,64,8,4,0,4,8,2,0,0,0,8,2,0,0,4
10,59,Left,6,0,1,64,2,1,0,64,8,4,0,4,8,2,0,0,0,8,2,0,0,4,64,8,4,0,4,8,2,0,8,0,0,0,2,4,0,2
10,60,Right,5,0,1,64,2,1,64,8,4,0,4,8,2,0,8,0,0,0,2,4,0,2,2,64,8,4,0,4,8,2,0,0,0,8,0,2,4,2
10,61,Up,5,0,1,64,2,1,2,64,8,4,0,4,8,2,0,0,0,8,0,2,4,2,2,64,16,4,0,4,4,2,0,2,0,8,2,0,0,2
10,62,Left,6,0,1,64,2,1,2,64,16,4,0,4,4,2,0,2,0,8,2,0,0,2,2,64,16,4,8,2,0,0,2,4,0,0,4,0,2,0
10,63,Up,5,0,2,64,2,1,2,64,16,4,8,2,0,0,2,4,0,0,4,0,2,0,2,64,16,4,8,2,2,0,2,2,0,0,4,2,0,0
10,64,Left,6,0,2,64,2,1,2,64,16,4,8,2,2,0,2,2,0,0,4,2,0,0,2,64,16,4,8,4,0,0,4,0,0,0,4,2,0,2
10,65,Up,6,0,2,64,2,1,2,64,16,4,8,4,0,0,4,0,0,0,4,2,0,2,2,64,16,4,8,4,0,2,8,2,0,0,2,0,0,0
10,66,Left,5,0,2,64,2,1,2,64,16,4,8,4,0,2,8,2,0,0,2,0,0,0,2,64,16,4,8,4,2,0,8,2,0,0,2,2,0,0
10,67,Right,5,0,2,64,2,1,2,64,16,4,8,4,2,0,8,2,0,0,2,2,0,0,2,64,16,4,0,8,4,2,0,0,8,2,0,0,2,4
10,68,Left,4,0,2,64,2,1,2,64,16,4,0,8,4,2,0,0,8,2,0,0,2,4,2,64,16,4,8,4,2,0,8,2,0,0,2,4,2,0
10,69,Right,3,0,2,64,2,1,2,64,16,4,8,4,2,0,8,2,0,0,2,4,2,0,2,64,16,4,0,8,4,2,0,2,8,2,0,2,4,2
10,70,Up,4,0,2,64,2,1,2,64,16,4,0,8,4,2,0,2,8,2,0,2,4,2,2,64,16,4,0,8,4,4,0,2,8,2,2,0,4,0
10,71,Left,4,0,2,64,2,1,2,64,16,4,0,8,4,4,0,2,8,2,2,0,4,0,2,64,16,4,8,8,0,0,2,4,2,0,2,4,2,0
10,72,Up,6,0,2,64,2,1,2,64,16,4,8,8,0,0,2,4,2,0,2,4,2,0,2,64,16,4,8,8,4,2,4,4,0,0,0,0,0,0
10,73,Left,7,0,2,64,2,1,2,64,16,4,8,8,4,2,4,4,0,0,0,0,0,0,2,64,16,4,16,4,2,0,8,0,0,0,0,0,2,0
10,74,Right,6,0,2,64,2,1,2,64,16,4,16,4,2,0,8,0,0,0,0,0,2,0,2,64,16,4,0,16,4,2,0,0,2,8,0,0,0,2
10,75,Left,5,0,2,64,2,1,2,64,16,4,0,16,4,2,0,0,2,8,0,0,0,2,2,64,16,4,16,4,2,0,2,4,0,2,2,0,0,0
10,76,Up,6,0,2,64,2,1,2,64,16,4,16,4,2,0,2,4,0,2,2,0,0,0,2,64,16,4,16,8,2,2,4,0,0,0,0,0,2,0
10,77,Left,6,0,2,64,2,1,2,64,16,4,16,8,2,2,4,0,0,0,0,0,2,0,2,64,16,4,16,8,4,0,4,2,0,0,2,0,0,0
10,78,Right,5,0,2,64,2,1,2,64,16,4,16,8,4,0,4,2,0,0,2,0,0,0,2,64,16,4,0,16,8,4,0,0,4,2,0,0,2,2
10,79,Left,5,0,2,64,2,1,2,64,16,4,0,16,8,4,0,0,4,2,0,0,2,2,2,64,16,4,16,8,4,0,4,2,0,0,4,0,0,2
10,80,Right,4,0,2,64,2,1,2,64,16,4,16,8,4,0,4,2,0,0,4,0,0,2,2,64,16,4,2,16,8,4,0,0,4,2,0,0,4,2
10,81,Up,7,0,2,64,2,1,2,64,16,4,2,16,8,4,0,0,4,2,0,0,4,2,4,64,16,8,0,16,8,4,0,0,8,2,0,0,0,0
10,82,Left,6,0,2,64,2,1,4,64,16,8,0,16,8,4,0,0,8,2,0,0,0,0,4,64,16,8,16,8,4,0,8,2,0,0,0,0,2,0
10,83,Up,5,0,2,64,2,1,4,64,16,8,16,8,4,0,8,2,0,0,0,0,2,0,4,64,16,8,16,8,4,0,8,2,2,0,0,0,0,2
10,84,Right,5,0,2,64,2,1,4,64,16,8,16,8,4,0,8,2,2,0,0,0,0,2,4,64,16,8,2,16,8,4,0,0,8,4,0,0,0,2
10,85,Left,4,0,2,64,2,1,4,64,16,8,2,16,8,4,0,0,8,4,0,0,0,2,4,64,16,8,2,16,8,4,8,2,0,0,2,2,0,0
10,86,Up,4,0,2,64,2,1,4,64,16,8,2,16,8,4,8,2,0,0,2,2,0,0,4,64,16,8,2,16,8,4,8,2,0,0,2,0,0,2
10,87,Right,4,0,2,64,2,1,4,64,16,8,2,16,8,4,8,2,0,0,2,0,0,2,4,64,16,8,2,16,8,4,0,0,8,2,0,2,0,4
10,88,Left,3,0,2,64,2,1,4,64,16,8,2,16,8,4,0,0,8,2,0,2,0,4,4,64,16,8,2,16,8,4,8,2,0,0,2,4,0,2
10,89,Up,2,0,2,64,2,1,4,64,16,8,2,16,8,4,8,2,0,0,2,4,0,2,4,64,16,8,2,16,8,4,8,2,0,2,2,4,0,2
10,90,Right,2,0,2,64,2,1,4,64,16,8,2,16,8,4,8,2,0,2,2,4,0,2,4,64,16,8,2,16,8,4,0,2,8,4,0,2,4,2
10,91,Left,1,0,2,64,2,1,4,64,16,8,2,16,8,4,0,2,8,4,0,2,4,2,4,64,16,8,2,16,8,4,2,4,4,2,2,4,2,0
10,92,Up,2,0,2,64,2,1,4,64,16,8,2,16,8,4,2,4,4,2,2,4,2,0,4,64,16,8,4,16,8,4,2,4,4,2,0,2,2,0
10,93,Up,2,0,3,64,2,1,4,64,16,8,4,16,8,4,2,4,4,2,0,2,2,0,8,64,16,8,2,16,8,4,0,2,4,2,0,2,2,2
10,94,Right,2,0,3,64,2,1,8,64,16,8,2,16,8,4,0,2,4,2,0,2,2,2,8,64,16,8,2,16,8,4,0,2,4,2,2,0,2,4
10,95,Left,2,0,3,64,2,1,8,64,16,8,2,16,8,4,0,2,4,2,2,0,2,4,8,64,16,8,2,16,8,4,2,2,2,2,4,4,0,0
10,96,Up,2,0,3,64,2,1,8,64,16,8,2,16,8,4,2,2,2,2,4,4,0,0,8,64,16,8,4,16,8,4,4,2,2,2,0,4,0,2
10,97,Left,2,0,3,64,2,1,8,64,16,8,4,16,8,4,4,2,2,2,0,4,0,2,8,64,16,8,4,16,8,4,4,2,2,2,4,2,0,0
10,98,Up,3,0,3,64,2,1,8,64,16,8,4,16,8,4,4,2,2,2,4,2,0,0,8,64,16,8,8,16,8,4,4,2,2,2,2,0,0,0
10,99,Up,3,0,3,64,2,1,8,64,16,8,8,16,8,4,4,2,2,2,2,0,0,0,16,64,16,8,4,16,8,4,2,2,2,2,2,0,0,0
10,100,Right,4,0,3,64,2,1,16,64,16,8,4,16,8,4,2,2,2,2,2,0,0,0,16,64,16,8,4,16,8,4,0,2,4,4,0,0,0,2
10,101,Left,4,0,3,64,2,1,16,64,16,8,4,16,8,4,0,2,4,4,0,0,0,2,16,64,16,8,4,16,8,4,2,4,0,0,2,0,0,2
10,102,Up,4,0,4,64,2,1,16,64,16,8,4,16,8,4,2,4,0,0,2,0,0,2,16,64,16,8,4,16,8,4,4,2,0,2,0,2,0,0
10,103,Right,4,0,4,64,2,1,16,64,16,8,4,16,8,4,4,2,0,2,0,2,0,0,16,64,16,8,4,16,8,4,0,2,4,4,0,0,0,2
10,104,Left,4,0,4,64,2,1,16,64,16,8,4,16,8,4,0,2,4,4,0,0,0,2,16,64,16,8,4,16,8,4,2,4,0,0,2,0,0,2
10,105,Up,4,0,5,64,2,1,16,64,16,8,4,16,8,4,2,4,0,0,2,0,0,2,16,64,16,8,4,16,8,4,4,2,0,2,0,2,0,0
10,106,Up,5,0,5,64,2,1,16,64,16,8,4,16,8,4,4,2,0,2,0,2,0,0,16,64,16,8,8,16,8,4,0,2,0,2,2,0,0,0
10,107,Right,5,0,5,64,2,1,16,64,16,8,8,16,8,4,0,2,0,2,2,0,0,0,16,64,16,8,8,16,8,4,0,0,0,4,2,0,0,2
10,108,Left,5,0,5,64,2,1,16,64,16,8,8,16,8,4,0,0,0,4,2,0,0,2,16,64,16,8,8,16,8,4,4,0,2,0,4,0,0,0
10,109,Up,5,0,5,64,2,1,16,64,16,8,8,16,8,4,4,0,2,0,4,0,0,0,16,64,16,8,8,16,8,4,8,0,2,2,0,0,0,0
10,110,Left,5,0,5,64,2,1,16,64,16,8,8,16,8,4,8,0,2,2,0,0,0,0,16,64,16,8,8,16,8,4,8,2,2,0,0,0,0,0
10,111,Up,5,0,5,64,2,1,16,64,16,8,8,16,8,4,8,2,2,0,0,0,0,0,16,64,16,8,16,16,8,4,0,2,2,0,0,0,2,0
10,112,Up,6,0,5,64,2,1,16,64,16,8,16,16,8,4,0,2,2,0,0,0,2,0,32,64,16,8,0,16,8,4,0,2,4,0,0,2,0,0
10,113,Right,5,0,5,64,2,1,32,64,16,8,0,16,8,4,0,2,4,0,0,2,0,0,32,64,16,8,2,16,8,4,0,0,2,4,0,0,0,2
10,114,Left,4,0,5,64,2,1,32,64,16,8,2,16,8,4,0,0,2,4,0,0,0,2,32,64,16,8,2,16,8,4,2,2,0,0,2,0,0,2
10,115,Up,4,0,5,64,2,1,32,64,16,8,2,16,8,4,2,2,0,0,2,0,0,2,32,64,16,8,4,16,8,4,2,2,0,2,0,2,0,0
10,116,Left,4,0,5,64,2,1,32,64,16,8,4,16,8,4,2,2,0,2,0,2,0,0,32,64,16,8,4,16,8,4,4,2,0,2,2,0,0,0
10,117,Up,4,0,5,64,2,1,32,64,16,8,4,16,8,4,4,2,0,2,2,0,0,0,32,64,16,8,8,16,8,4,2,2,0,2,0,0,2,0
10,118,Left,4,0,5,64,2,1,32,64,16,8,8,16,8,4,2,2,0,2,0,0,2,0,32,64,16,8,8,16,8,4,4,2,0,0,2,0,2,0
10,119,Up,3,0,5,64,2,1,32,64,16,8,8,16,8,4,4,2,0,0,2,0,2,0,32,64,16,8,8,16,8,4,4,2,2,0,2,0,2,0
10,120,Right,4,0,5,64,2,1,32,64,16,8,8,16,8,4,4,2,2,0,2,0,2,0,32,64,16,8,8,16,8,4,0,2,4,4,0,0,0,4
10,121,Left,4,0,5,64,2,1,32,64,16,8,8,16,8,4,0,2,4,4,0,0,0,4,32,64,16,8,8,16,8,4,2,4,0,2,4,0,0,0
10,122,Right,3,0,6,64,2,1,32,64,16,8,8,16,8,4,2,4,0,2,4,0,0,0,32,64,16,8,8,16,8,4,0,2,4,2,0,2,0,4
10,123,Right,2,0,6,64,2,1,32,64,16,8,8,16,8,4,0,2,4,2,0,2,0,4,32,64,16,8,8,16,8,4,2,2,4,2,0,0,2,4
10,124,Left,2,0,6,64,2,1,32,64,16,8,8,16,8,4,2,2,4,2,0,0,2,4,32,64,16,8,8,16,8,4,4,2,2,2,2,4,0,0
10,125,Left,2,0,6,64,2,1,32,64,16,8,8,16,8,4,4,2,2,2,2,4,0,0,32,64,16,8,8,16,8,4,4,2,2,2,2,4,0,0
10,126,Right,2,0,6,64,2,1,32,64,16,8,8,16,8,4,4,2,2,2,2,4,0,0,32,64,16,8,8,16,8,4,0,2,2,4,2,0,2,4
10,127,Left,3,0,6,64,2,1,32,64,16,8,8,16,8,4,0,2,2,4,2,0,2,4,32,64,16,8,8,16,8,4,4,2,0,0,4,4,2,0
10,128,Up,3,0,6,64,2,1,32,64,16,8,8,16,8,4,4,2,0,0,4,4,2,0,32,64,16,8,8,16,8,4,8,2,2,0,0,4,0,2
10,129,Right,3,0,6,64,2,1,32,64,16,8,8,16,8,4,8,2,2,0,0,4,0,2,32,64,16,8,8,16,8,4,0,2,8,4,0,0,4,2
10,130,Up,4,0,6,64,2,1,32,64,16,8,8,16,8,4,0,2,8,4,0,0,4,2,32,64,16,8,8,16,16,8,0,2,4,2,0,0,2,0
10,131,Up,5,0,6,64,2,1,32,64,16,8,8,16,16,8,0,2,4,2,0,0,2,0,32,64,32,16,8,16,4,2,2,2,2,0,0,0,0,0
10,132,Left,5,0,6,64,2,1,32,64,32,16,8,16,4,2,2,2,2,0,0,0,0,0,32,64,32,16,8,16,4,2,4,2,2,0,0,0,0,0
10,133,Right,5,0,6,64,2,1,32,64,32,16,8,16,4,2,4,2,2,0,0,0,0,0,32,64,32,16,8,16,4,2,2,0,4,4,0,0,0,0
10,134,Right,5,0,6,64,2,1,32,64,32,16,8,16,4,2,2,0,4,4,0,0,0,0,32,64,32,16,8,16,4,2,0,0,2,8,0,2,0,0
10,135,Up,4,0,6,64,2,1,32,64,32,16,8,16,4,2,0,0,2,8,0,2,0,0,32,64,32,16,8,16,4,2,0,2,2,8,0,2,0,0
10,136,Up,4,0,6,64,2,1,32,64,32,16,8,16,4,2,0,2,2,8,0,2,0,0,32,64,32,16,8,16,4,2,2,2,2,8,0,0,0,0
10,137,Left,4,0,6,64,2,1,32,64,32,16,8,16,4,2,2,2,2,8,0,0,0,0,32,64,32,16,8,16,4,2,4,2,8,2,0,0,0,0
10,138,Up,4,0,6,64,2,1,32,64,32,16,8,16,4,2,4,2,8,2,0,0,0,0,32,64,32,16,8,16,4,4,4,2,8,0,0,0,0,2
10,139,Left,4,0,6,64,2,1,32,64,32,16,8,16,4,4,4,2,8,0,0,0,0,2,32,64,32,16,8,16,8,0,4,2,8,2,2,0,0,0
10,140,Up,4,0,6,64,2,1,32,64,32,16,8,16,8,0,4,2,8,2,2,0,0,0,32,64,32,16,8,16,16,2,4,2,0,2,2,0,0,0
10,141,Left,5,0,6,64,2,1,32,64,32,16,8,16,16,2,4,2,0,2,2,0,0,0,32,64,32,16,8,32,2,0,4,2,0,0,2,0,0,2
10,142,Right,5,0,6,64,2,1,32,64,32,16,8,32,2,0,4,2,0,0,2,0,0,2,32,64,32,16,0,8,32,2,0,0,4,2,0,2,0,4
10,143,Up,6,0,6,64,2,1,32,64,32,16,0,8,32,2,0,0,4,2,0,2,0,4,32,64,64,16,0,8,4,4,0,2,2,4,0,0,0,0
10,144,Left,8,0,6,128,2,1,32,64,64,16,0,8,4,4,0,2,2,4,0,0,0,0,32,128,16,0,8,8,0,0,4,2,0,2,0,0,0,0
10,145,Right,9,0,6,128,2,1,32,128,16,0,8,8,0,0,4,2,0,2,0,0,0,0,0,32,128,16,0,2,0,16,0,0,4,4,0,0,0,0
10,146,Right,9,0,6,128,2,1,0,32,128,16,0,2,0,16,0,0,4,4,0,0,0,0,0,32,128,16,0,0,2,16,0,0,0,8,0,0,2,0
10,147,Up,10,0,6,128,2,1,0,32,128,16,0,0,2,16,0,0,0,8,0,0,2,0,0,32,128,32,0,0,4,8,0,2,0,0,0,0,0,0
10,148,Left,9,0,6,128,2,1,0,32,128,32,0,0,4,8,0,2,0,0,0,0,0,0,32,128,32,0,4,8,0,0,2,0,0,0,0,0,2,0
10,149,Up,8,0,6,128,2,1,32,128,32,0,4,8,0,0,2,0,0,0,0,0,2,0,32,128,32,2,4,8,2,0,2,0,0,0,0,0,0,0
10,150,Right,7,0,6,128,2,1,32,128,32,2,4,8,2,0,2,0,0,0,0,0,0,0,32,128,32,2,2,4,8,2,0,0,0,2,0,0,0,0
10,151,Left,6,0,6,128,2,1,32,128,32,2,2,4,8,2,0,0,0,2,0,0,0,0,32,128,32,2,2,4,8,2,2,0,0,0,2,0,0,0
10,152,Right,5,0,6,128,2,1,32,128,32,2,2,4,8,2,2,0,0,0,2,0,0,0,32,128,32,2,2,4,8,2,0,0,0,2,0,2,0,2
10,153,Left,5,0,6,128,2,1,32,128,32,2,2,4,8,2,0,0,0,2,0,2,0,2,32,128,32,2,2,4,8,2,2,0,0,2,4,0,0,0
10,154,Up,6,0,6,128,2,1,32,128,32,2,2,4,8,2,2,0,0,2,4,0,0,0,32,128,32,4,4,4,8,2,4,0,2,0,0,0,0,0
10,155,Left,6,0,6,128,2,1,32,128,32,4,4,4,8,2,4,0,2,0,0,0,0,0,32,128,32,4,8,8,2,0,4,2,0,0,2,0,0,0
10,156,Right,6,0,6,128,2,1,32,128,32,4,8,8,2,0,4,2,0,0,2,0,0,0,32,128,32,4,0,0,16,2,0,0,4,2,0,2,0,2
10,157,Left,6,0,6,128,2,1,32,128,32,4,0,0,16,2,0,0,4,2,0,2,0,2,32,128,32,4,16,2,0,0,4,2,0,0,4,0,2,0
10,158,Up,7,0,6,128,2,1,32,128,32,4,16,2,0,0,4,2,0,0,4,0,2,0,32,128,32,4,16,4,2,0,8,2,0,0,0,0,0,0
10,159,Right,6,0,6,128,2,1,32,128,32,4,16,4,2,0,8,2,0,0,0,0,0,0,32,128,32,4,2,16,4,2,0,0,8,2,0,0,0,0
10,160,Left,5,0,6,128,2,1,32,128,32,4,2,16,4,2,0,0,8,2,0,0,0,0,32,128,32,4,2,16,4,2,8,2,0,0,0,0,2,0
10,161,Right,4,0,6,128,2,1,32,128,32,4,2,16,4,2,8,2,0,0,0,0,2,0,32,128,32,4,2,16,4,2,0,0,8,2,0,0,2,2
10,162,Left,4,0,6,128,2,1,32,128,32,4,2,16,4,2,0,0,8,2,0,0,2,2,32,128,32,4,2,16,4,2,8,2,0,2,4,0,0,0
10,163,Up,4,0,6,128,2,1,32,128,32,4,2,16,4,2,8,2,0,2,4,0,0,0,32,128,32,4,2,16,4,4,8,2,0,0,4,0,2,0
10,164,Right,4,0,6,128,2,1,32,128,32,4,2,16,4,4,8,2,0,0,4,0,2,0,32,128,32,4,0,2,16,8,0,0,8,2,2,0,4,2
10,165,Right,3,0,6,128,2,1,32,128,32,4,0,2,16,8,0,0,8,2,2,0,4,2,32,128,32,4,0,2,16,8,0,0,8,2,2,2,4,2
10,166,Left,3,0,6,128,2,1,32,128,32,4,0,2,16,8,0,0,8,2,2,2,4,2,32,128,32,4,2,16,8,2,8,2,0,0,4,4,2,0
10,167,Up,2,0,6,128,2,1,32,128,32,4,2,16,8,2,8,2,0,0,4,4,2,0,32,128,32,4,2,16,8,2,8,2,2,2,4,4,0,0
10,168,Left,3,0,6,128,2,1,32,128,32,4,2,16,8,2,8,2,2,2,4,4,0,0,32,128,32,4,2,16,8,2,8,2,2,2,8,0,0,0
10,169,Down,4,0,6,128,2,1,32,128,32,4,2,16,8,2,8,2,2,2,8,0,0,0,0,2,0,0,32,128,32,0,2,8,8,4,16,2,2,4
10,170,Up,4,0,7,128,2,1,0,2,0,0,32,128,32,0,2,8,8,4,16,2,2,4,32,2,32,8,2,128,8,2,16,4,2,0,0,2,0,0
10,171,Left,3,0,8,128,2,1,32,2,32,8,2,128,8,2,16,4,2,0,0,2,0,0,32,2,32,8,2,128,8,2,16,2,2,0,2,0,0,2
10,172,Right,4,0,8,128,2,1,32,2,32,8,2,128,8,2,16,2,2,0,2,0,0,2,32,2,32,8,2,128,8,2,2,0,16,4,0,0,0,4
10,173,Left,3,0,8,128,2,1,32,2,32,8,2,128,8,2,2,0,16,4,0,0,0,4,32,2,32,8,2,128,8,2,2,8,4,0,4,2,0,0
10,174,Up,3,0,9,128,2,1,32,2,32,8,2,128,8,2,2,8,4,0,4,2,0,0,32,2,32,8,4,128,8,2,4,4,4,0,0,2,0,2
10,175,Left,4,0,10,128,2,1,32,2,32,8,4,128,8,2,4,4,4,0,0,2,0,2,32,2,32,8,4,128,8,2,8,2,0,2,4,0,0,0
10,176,Right,4,0,10,128,2,1,32,2,32,8,4,128,8,2,8,2,0,2,4,0,0,0,32,2,32,8,4,128,8,2,2,0,8,4,0,0,0,4
10,177,Left,3,0,10,128,2,1,32,2,32,8,4,128,8,2,2,0,8,4,0,0,0,4,32,2,32,8,4,128,8,2,2,4,4,0,4,2,0,0
10,178,Right,3,0,10,128,2,1,32,2,32,8,4,128,8,2,2,4,4,0,4,2,0,0,32,2,32,8,4,128,8,2,0,0,2,8,2,0,4,2
10,179,Left,2,0,10,128,2,1,32,2,32,8,4,128,8,2,0,0,2,8,2,0,4,2,32,2,32,8,4,128,8,2,2,4,0,0,2,4,2,2
10,180,Right,2,0,11,128,2,1,32,2,32,8,4,128,8,2,2,4,0,0,2,4,2,2,32,2,32,8,4,128,8,2,0,2,2,4,0,2,4,4
10,181,Left,3,0,11,128,2,1,32,2,32,8,4,128,8,2,0,2,2,4,0,2,4,4,32,2,32,8,4,128,8,2,4,2,0,2,2,8,0,0
10,182,Left,3,0,11,128,2,1,32,2,32,8,4,128,8,2,4,2,0,2,2,8,0,0,32,2,32,8,4,128,8,2,4,2,2,0,2,8,0,0
10,183,Right,3,0,11,128,2,1,32,2,32,8,4,128,8,2,4,2,2,0,2,8,0,0,32,2,32,8,4,128,8,2,2,0,4,4,0,0,2,8
10,184,Right,3,0,11,128,2,1,32,2,32,8,4,128,8,2,2,0,4,4,0,0,2,8,32,2,32,8,4,128,8,2,0,0,2,8,0,2,2,8
10,185,Right,3,0,11,128,2,1,32,2,32,8,4,128,8,2,0,0,2,8,0,2,2,8,32,2,32,8,4,128,8,2,0,2,2,8,0,0,4,8
10,186,Up,3,0,11,128,2,1,32,2,32,8,4,128,8,2,0,2,2,8,0,0,4,8,32,2,32,8,4,128,8,2,0,2,2,16,0,2,4,0
10,187,Left,3,0,11,128,2,1,32,2,32,8,4,128,8,2,0,2,2,16,0,2,4,0,32,2,32,8,4,128,8,2,4,8,2,0,2,4,0,0
10,188,Up,3,0,12,128,2,1,32,2,32,8,4,128,8,2,4,8,2,0,2,4,0,0,32,2,32,8,8,128,8,2,2,4,2,2,0,4,0,0
10,189,Left,3,0,13,128,2,1,32,2,32,8,8,128,8,2,2,4,2,2,0,4,0,0,32,2,32,8,8,128,8,2,2,2,4,0,4,0,0,2
10,190,Right,3,0,13,128,2,1,32,2,32,8,8,128,8,2,2,2,4,0,4,0,0,2,32,2,32,8,8,128,8,2,0,0,4,4,2,0,4,2
10,191,Left,3,0,13,128,2,1,32,2,32,8,8,128,8,2,0,0,4,4,2,0,4,2,32,2,32,8,8,128,8,2,8,0,0,2,2,4,2,0
10,192,Up,4,0,13,128,2,1,32,2,32,8,8,128,8,2,8,0,0,2,2,4,2,0,32,2,32,8,16,128,8,4,2,2,2,0,0,2,0,0
10,193,Right,4,0,13,128,2,1,32,2,32,8,16,128,8,4,2,2,2,0,0,2,0,0,32,2,32,8,16,128,8,4,0,0,2,4,2,0,0,2
10,194,Left,4,0,13,128,2,1,32,2,32,8,16,128,8,4,0,0,2,4,2,0,0,2,32,2,32,8,16,128,8,4,2,2,0,0,4,0,0,2
10,195,Up,3,0,13,128,2,1,32,2,32,8,16,128,8,4,2,2,0,0,4,0,0,2,32,2,32,8,16,128,8,4,2,2,0,2,4,2,0,0
10,196,Left,3,0,13,128,2,1,32,2,32,8,16,128,8,4,2,2,0,2,4,2,0,0,32,2,32,8,16,128,8,4,4,2,0,0,4,2,0,2
10,197,Right,3,0,13,128,2,1,32,2,32,8,16,128,8,4,4,2,0,0,4,2,0,2,32,2,32,8,16,128,8,4,0,0,4,2,0,2,4,4
10,198,Left,3,0,13,128,2,1,32,2,32,8,16,128,8,4,0,0,4,2,0,2,4,4,32,2,32,8,16,128,8,4,4,2,0,0,2,8,0,2
10,199,Up,2,0,13,128,2,1,32,2,32,8,16,128,8,4,4,2,0,0,2,8,0,2,32,2,32,8,16,128,8,4,4,2,0,2,2,8,2,0
10,200,Left,2,0,13,128,2,1,32,2,32,8,16,128,8,4,4,2,0,2,2,8,2,0,32,2,32,8,16,128,8,4,4,2,0,0,2,8,2,2
10,201,Right,2,0,13,128,2,1,32,2,32,8,16,128,8,4,4,2,0,0,2,8,2,2,32,2,32,8,16,128,8,4,0,2,4,2,0,2,8,4
10,202,Left,1,0,13,128,2,1,32,2,32,8,16,128,8,4,0,2,4,2,0,2,8,4,32,2,32,8,16,128,8,4,2,2,2,0,2,8,4,2
10,203,Up,1,0,13,128,2,1,32,2,32,8,16,128,8,4,2,2,2,0,2,8,4,2,32,2,32,8,16,128,8,4,4,2,2,2,2,8,4,0
10,204,Left,1,0,13,128,2,1,32,2,32,8,16,128,8,4,4,2,2,2,2,8,4,0,32,2,32,8,16,128,8,4,4,2,2,2,2,8,4,0
10,205,Right,1,0,13,128,2,1,32,2,32,8,16,128,8,4,4,2,2,2,2,8,4,0,32,2,32,8,16,128,8,4,0,2,2,4,2,2,8,4
10,206,Left,2,0,13,128,2,1,32,2,32,8,16,128,8,4,0,2,2,4,2,2,8,4,32,2,32,8,16,128,8,4,4,2,0,0,4,8,4,2
10,207,Up,2,0,13,128,2,1,32,2,32,8,16,128,8,4,4,2,0,0,4,8,4,2,32,2,32,8,16,128,8,4,8,2,4,2,2,8,0,0
10,208,Right,1,0,13,128,2,1,32,2,32,8,16,128,8,4,8,2,4,2,2,8,0,0,32,2,32,8,16,128,8,4,8,2,4,2,2,0,2,8
10,209,Left,1,0,13,128,2,1,32,2,32,8,16,128,8,4,8,2,4,2,2,0,2,8,32,2,32,8,16,128,8,4,8,2,4,2,4,8,2,0
10,210,Right,0,0,13,128,2,1,32,2,32,8,16,128,8,4,8,2,4,2,4,8,2,0,32,2,32,8,16,128,8,4,8,2,4,2,2,4,8,2
10,211,Up,0,0,13,128,2,1,32,2,32,8,16,128,8,4,8,2,4,2,2,4,8,2,32,2,32,8,16,128,8,4,8,2,4,4,2,4,8,2
10,212,Down,0,0,13,128,2,1,32,2,32,8,16,128,8,4,8,2,4,4,2,4,8,2,32,2,32,2,16,128,8,8,8,2,4,8,2,4,8,2
10,213,Right,0,0,13,128,2,1,32,2,32,2,16,128,8,8,8,2,4,8,2,4,8,2,32,2,32,2,2,16,128,16,8,2,4,8,2,4,8,2
